-- phpMyAdmin SQL Dump
-- version 5.2.1deb3
-- https://www.phpmyadmin.net/
--
-- Hôte : localhost:3306
-- Généré le : mar. 20 jan. 2026 à 14:14
-- Version du serveur : 8.0.44-0ubuntu0.24.04.1
-- Version de PHP : 8.3.6

SET SQL_MODE = "NO_AUTO_VALUE_ON_ZERO";
START TRANSACTION;
SET time_zone = "+00:00";


/*!40101 SET @OLD_CHARACTER_SET_CLIENT=@@CHARACTER_SET_CLIENT */;
/*!40101 SET @OLD_CHARACTER_SET_RESULTS=@@CHARACTER_SET_RESULTS */;
/*!40101 SET @OLD_COLLATION_CONNECTION=@@COLLATION_CONNECTION */;
/*!40101 SET NAMES utf8mb4 */;

--
-- Base de données : `stock_driven`
--

-- --------------------------------------------------------

--
-- Structure de la table `alert_log`
--

CREATE TABLE `alert_log` (
  `id` int NOT NULL,
  `type` varchar(50) CHARACTER SET utf8mb4 COLLATE utf8mb4_unicode_ci NOT NULL DEFAULT 'DLC_WARNING',
  `products_count` int NOT NULL DEFAULT '0',
  `total_value` decimal(12,2) NOT NULL DEFAULT '0.00',
  `recipients_count` int NOT NULL DEFAULT '0',
  `sent_at` timestamp NOT NULL DEFAULT CURRENT_TIMESTAMP,
  `details` json DEFAULT NULL
) ENGINE=InnoDB DEFAULT CHARSET=utf8mb4 COLLATE=utf8mb4_unicode_ci;

--
-- Déchargement des données de la table `alert_log`
--

INSERT INTO `alert_log` (`id`, `type`, `products_count`, `total_value`, `recipients_count`, `sent_at`, `details`) VALUES
(1, 'DLC_WARNING', 11, 143.32, 1, '2025-11-26 13:55:28', NULL);

-- --------------------------------------------------------

--
-- Structure de la table `lot`
--

CREATE TABLE `lot` (
  `id` int NOT NULL,
  `batch_number` varchar(250) NOT NULL,
  `expiry_date` date NOT NULL,
  `quantity` decimal(12,4) NOT NULL,
  `product_id` int NOT NULL,
  `archived` tinyint(1) NOT NULL DEFAULT '0'
) ENGINE=InnoDB DEFAULT CHARSET=utf8mb4 COLLATE=utf8mb4_0900_ai_ci;

--
-- Déchargement des données de la table `lot`
--

INSERT INTO `lot` (`id`, `batch_number`, `expiry_date`, `quantity`, `product_id`, `archived`) VALUES
(1, 'AIL-KG', '2026-01-27', 0.9230, 83, 0),
(2, 'AMANDES', '2027-02-25', 2.0620, 129, 0),
(3, 'Ananas-Boite-656g', '2026-02-08', 0.0000, 150, 0),
(4, 'Baguettes-Pièce', '2025-10-29', 0.0000, 104, 1),
(5, 'Banane-KG', '2025-10-31', 0.0000, 99, 1),
(6, 'Bavette-Bœuf', '2025-11-07', 0.0000, 71, 1),
(7, 'Betteraves-Cuites', '2025-11-21', 0.0000, 161, 1),
(8, 'Beurre-sel', '2026-02-22', 3.0000, 59, 0),
(9, 'Beurre-Doux', '2026-02-21', 0.0000, 58, 0),
(10, 'Bœuf-haché', '2025-11-09', 0.0000, 70, 1),
(11, 'Boisson-Soja', '2026-11-27', 3.0000, 144, 0),
(12, 'Bouillon-Bœuf-1kg', '2027-12-26', 3.0000, 42, 0),
(13, 'Bouillon-Volaille', '2027-12-12', 3.0000, 40, 0),
(14, 'Bouillon-légume', '2027-07-27', 1.4200, 41, 0),
(15, 'Boulgour-kg', '2028-08-27', 5.0000, 15, 0),
(16, 'Brocoli', '2025-11-08', 0.0000, 88, 1),
(17, 'Cacao-Poudre', '2027-11-27', 3.0000, 115, 0),
(18, 'Café-Grain', '2027-06-27', 5.0000, 124, 0),
(19, 'Café-Moulu', '2026-10-27', 5.0000, 123, 0),
(20, 'Cannelle-Moulue', '2029-03-27', 2.0000, 38, 0),
(21, 'Capres-Bocal', '2027-03-27', 5.0000, 133, 0),
(22, 'Carottes', '2025-11-15', 0.0000, 81, 1),
(23, 'Carotte-rapée', '2025-11-08', 0.0000, 162, 1),
(24, 'Cassonade-sucre', '2027-04-27', 7.0000, 25, 0),
(25, 'Céréales-Corn', '2027-07-27', 10.0000, 116, 0),
(26, 'Champignon-Paris', '2025-11-30', 0.0000, 87, 1),
(27, 'Chapeleure', '2028-04-27', 5.0000, 18, 0),
(28, 'Cheddar', '2025-12-31', 0.0000, 152, 1),
(29, 'Chèvre-Bûche', '2025-12-20', 0.0000, 153, 1),
(30, 'Chocolat-Dessert-52%', '2026-04-27', 1.5900, 114, 0),
(31, 'Chou-Fleur', '2025-11-16', 0.0000, 89, 1),
(32, 'Citron', '2025-11-22', 0.0000, 101, 1),
(33, 'Coleslaw-seau', '2025-11-30', 0.0000, 163, 1),
(34, 'Compote-Pomme', '2026-07-27', 10.0000, 112, 0),
(35, 'Concentré-Tomate-800G', '2027-02-27', 8.0000, 50, 0),
(36, 'Confiture-Fraise', '2027-11-27', 3.0000, 113, 0),
(37, 'Cornichon-Bocal', '2026-12-27', 2.0000, 132, 0),
(38, 'Coulis-Tomate-500G', '2025-11-09', 0.0000, 146, 1),
(39, 'Courgette', '2025-11-09', -0.0005, 85, 1),
(40, 'Couscous-Fin', '2027-08-27', 1.2200, 16, 0),
(41, 'Crème-Coco', '2025-12-28', 0.0000, 134, 1),
(42, 'Crème-Epaisse-30', '2026-07-27', 2.0000, 57, 0),
(43, 'Crème-Liquide-30', '2026-02-27', 0.6500, 56, 0),
(44, 'Crème-Patissière-Poudre', '2027-06-27', 4.0000, 159, 0),
(45, 'Croissant-Surgelé', '2025-11-29', 0.0000, 106, 1),
(46, 'Crouton-Nature', '2026-10-27', 3.0000, 126, 0),
(47, 'Cuisse-Poulet', '2025-11-27', 0.0000, 68, 1),
(48, 'Cumin-Moulu', '2026-12-27', 0.9070, 32, 0),
(49, 'Curcuma-Moulu', '2026-08-27', 0.9500, 31, 0),
(50, 'Curry-Doux', '2027-05-27', 0.8670, 33, 0),
(51, 'Dinde-Emaincée', '2025-11-08', 0.0000, 69, 1),
(52, 'Eau-50cl-6', '2027-07-28', 20.0000, 118, 0),
(53, 'Eau-Plat-1.5', '2027-04-28', 12.0000, 119, 0),
(54, 'Epinard', '2026-08-28', 1.0000, 91, 0),
(55, 'Farine-t45', '2026-12-28', 7.2580, 2, 0),
(56, 'Farine-t55', '2026-08-28', 9.3250, 1, 0),
(57, 'Farine-mais', '2026-05-28', 11.0000, 141, 0),
(58, 'Farine-riz', '2025-12-28', 0.0000, 140, 1),
(59, 'Fécule-mais', '2027-02-28', 5.0000, 19, 0),
(60, 'Feta', '2025-11-30', 0.0000, 64, 1),
(61, 'Filet-Colin', '2025-11-30', 0.0000, 76, 1),
(62, 'Filet-poulet', '2025-11-09', 0.0000, 67, 1),
(63, 'Flocon-avoine', '2026-12-28', 6.4810, 17, 0),
(64, 'Fond-tarte', '2027-01-07', 60.0000, 158, 0),
(65, 'Frite-10KG', '2026-07-18', 3.7280, 108, 0),
(66, 'Fromage-blanc', '2026-01-04', 0.0000, 61, 1),
(67, 'Fromage-rapé', '2026-01-02', 0.0000, 62, 1),
(68, 'Gnocchi-poêler', '2027-06-06', 4.3840, 165, 0),
(69, 'Gorgonzola', '2026-01-17', 5.0000, 155, 0),
(70, 'Haricot-blanc', '2026-12-28', 6.0000, 147, 0),
(71, 'Haricot-rouge', '2027-05-05', 1.8180, 13, 0),
(72, 'Herbe-provence', '2027-12-28', 2.0000, 34, 0),
(73, 'Huile-olive-v', '2028-12-28', 4.3410, 44, 0),
(74, 'Huile-gozla', '2028-03-05', 12.0000, 45, 0),
(75, 'Huile-tournesol', '2027-11-21', 13.5260, 43, 0),
(76, 'Gambon', '2025-11-30', 0.0000, 73, 1),
(77, 'Jus-orange', '2027-11-14', 6.5920, 120, 0),
(78, 'Jus-pomme', '2027-11-19', 15.0000, 121, 0),
(79, 'Ketchup', '2027-05-07', 4.6820, 53, 0),
(80, 'Lait-concentré-397g', '2026-11-06', 20.0000, 136, 0),
(81, 'Lait-coco-400ml', '2026-02-21', 11.3700, 135, 0),
(82, 'Lait-entier', '2026-01-22', 17.1620, 55, 0),
(83, 'Lait-sans-lactose', '2026-02-28', 24.0000, 139, 0),
(84, 'Lait-végétal-1L', '2026-03-08', 8.0000, 122, 0),
(85, 'Laurier-feuille', '2027-09-08', 1.0000, 37, 0),
(86, 'Œuf-M', '2025-11-23', 0.0000, 66, 1),
(87, 'Lentille-conserve-400g', '2027-10-07', 16.0000, 149, 0),
(88, 'Lentille-corail', '2027-08-28', 12.0000, 10, 0),
(89, 'Lentille-verte', '2028-07-01', 16.0000, 11, 0),
(90, 'Levure-boulangère-500g', '2028-05-31', 5.0000, 20, 0),
(91, 'Levure-chimique-100g', '2028-07-02', 11.7630, 21, 0),
(92, 'Maïs-doux', '2027-11-12', 8.8460, 160, 0),
(93, 'Maïs-conserve-285g', '2027-08-07', 9.4840, 95, 0),
(94, 'Maquereau-tomate-conserve-176g', '2027-09-13', 20.0000, 75, 0),
(95, 'Mayonaise-5g', '2027-06-11', 0.4120, 52, 0),
(96, 'Miel-1KG', '2027-12-30', 5.0370, 117, 0),
(97, 'Moutard-Digon-1KG', '2028-07-19', 5.0000, 51, 0),
(98, 'Mozzarella-idustrielle', '2026-01-18', 0.0000, 63, 0),
(99, 'Noix-décor', '2026-08-28', 0.5300, 128, 0),
(100, 'Nugget-poulet-sutgelé', '2026-01-03', 0.0000, 110, 1),
(101, 'Oignion-jaune', '2025-11-29', 0.0000, 82, 1),
(102, 'Olive-noir', '2027-11-07', 13.5160, 131, 0),
(103, 'Orange', '2025-11-30', 0.0000, 100, 1),
(104, 'Pain-mie', '2025-11-30', 0.0000, 103, 1),
(105, 'Paprika-doux', '2027-07-28', 1.9300, 30, 0),
(106, 'Parmesan-rapé', '2026-01-18', 2.7900, 65, 0),
(107, 'Pâte-pizza-250g', '2026-01-11', 0.0000, 157, 1),
(108, 'Pâte-brisé-230g', '2026-01-04', 0.0000, 156, 1),
(109, 'Pâte-feuilletée-230g', '2026-01-18', 17.0000, 107, 0),
(110, 'Pâte-coquillette', '2027-12-19', 20.0000, 9, 0),
(111, 'Pâte-penne', '2027-07-11', 6.0670, 7, 0),
(112, 'Pêche-sirope-820g', '2027-07-03', 9.5880, 151, 0),
(113, 'Petit-pois-surgelé', '2026-01-25', 7.4620, 93, 0),
(114, 'Pignon-pin', '2026-07-28', 2.0000, 127, 0),
(115, 'Poêlée-légume-surgelé', '2026-01-11', 0.0000, 111, 1),
(116, 'Poireaux', '2025-11-09', 0.0000, 92, 1),
(117, 'Poire', '2025-11-09', 0.0000, 98, 1),
(118, 'Pois-cassé', '2027-09-26', 0.8000, 96, 0),
(119, 'Pois chiche-conserve-400g', '2027-11-28', 0.0000, 148, 0),
(120, 'Pois chiche-sec', '2027-07-28', 9.1600, 12, 0),
(121, 'Poivre-noir-grain', '2026-12-28', 2.0000, 29, 0),
(122, 'Poivre-moulu', '2027-07-04', 1.7369, 28, 0),
(123, 'Poivron-rouge', '2025-11-04', 0.0000, 84, 1),
(124, 'Pomme', '2025-11-30', 0.0000, 97, 1),
(125, 'Pomme-terre', '2025-11-30', 0.0000, 80, 1),
(126, 'Poudre-amande', '2027-12-11', 2.0000, 22, 0),
(127, 'Puple-tomate-400g', '2027-08-01', 12.0000, 145, 0),
(128, 'Purée-flocon', '2026-04-05', 12.0000, 109, 0),
(129, 'Quinoa', '2027-06-18', 2.6780, 14, 0),
(130, 'Raisin', '2025-11-09', 0.0000, 102, 1),
(131, 'Raisin-sec', '2026-12-17', 4.0620, 130, 0),
(132, 'Ravioli-conserve-800g', '2027-05-10', 10.0000, 164, 0),
(133, 'Ricotta', '2026-01-11', 0.0000, 154, 1),
(134, 'Riz-risotto', '2027-06-03', 0.8000, 6, 0),
(135, 'Riz-basmati', '2027-01-01', 0.0000, 4, 0),
(136, 'Riz-étuvé', '2026-08-28', 0.0000, 5, 0),
(137, 'Salade-verte', '2025-11-02', 0.0000, 90, 1),
(138, 'Sauce-soja', '2028-11-04', 4.1470, 48, 0),
(139, 'Sauce-tomate-700g', '2026-11-14', 0.3280, 49, 0),
(140, 'saumon-surgelé', '2026-01-28', 5.0000, 77, 0),
(141, 'Sauté-veau', '2025-12-07', 0.0000, 72, 1),
(142, 'Sel-fin', '2028-03-28', 0.2827, 26, 0),
(143, 'Sel-gros', '2029-07-07', 3.0000, 27, 0),
(144, 'Semole-maïs', '2026-11-08', 2.3760, 166, 0),
(145, 'Semoule-moy', '2027-10-03', 5.0000, 3, 0),
(146, 'Sirope-grenade', '2027-12-28', 2.9590, 137, 0),
(147, 'Sucre-glace', '2027-10-26', 5.0000, 24, 0),
(148, 'Sucre-semoule', '2028-01-01', 0.0200, 23, 0),
(149, 'Tempeh', '2026-11-06', 5.0000, 143, 0),
(150, 'Thé-25', '2027-04-28', 5.0000, 125, 0),
(151, 'Thon-naturel-160g', '2028-11-03', 4.5500, 74, 0),
(152, 'Thym', '2026-12-28', 1.0000, 36, 0),
(153, 'Tofu-ferme', '2025-12-27', 0.0000, 142, 1),
(154, 'Tomate', '2025-11-09', 0.0000, 78, 1),
(155, 'Tomate-concetrée-400g', '2027-09-24', 3.7370, 79, 0),
(156, 'Tortillas-blé-12', '2026-08-28', 0.4500, 105, 0),
(157, 'Vanille-extrait-100ml', '2026-01-10', 0.0000, 39, 1),
(158, 'Viniaigre-balsamique', '2027-12-11', 2.4070, 47, 0),
(159, 'Vinaigre-blanc', '2028-08-06', 3.0000, 46, 0),
(160, 'Yaourt-nature', '2025-12-20', 0.0000, 60, 1),
(161, 'Aubergine-KG', '2025-10-28', 0.0000, 86, 1),
(162, 'Pâte-spaghetti', '2027-07-26', 2.8400, 8, 0),
(163, 'Origan', '2025-10-29', 0.0000, 35, 1),
(164, 'Lait-demi', '2025-10-29', 0.0000, 54, 1),
(165, 'Haricot-vert-surgelé', '2025-10-29', 0.0000, 94, 1),
(166, 'Pâte-sans-gluten', '2025-10-29', 0.0000, 138, 1),
(1678, 'Aubergine-KG', '2025-10-29', 0.0000, 86, 1),
(1679, 'Oignion-jaune', '2025-11-29', 0.0000, 82, 1),
(1680, 'Boisson-Soja', '2025-10-30', 0.0000, 144, 1),
(1681, 'Aubergine-KG', '2025-11-10', 0.0000, 86, 1),
(1682, 'Banane-KG', '2025-11-15', 0.0000, 99, 1),
(1683, 'Haricot-vert-surgelé', '2026-01-31', 3.0750, 94, 0),
(1684, 'Baguettes-Pièce', '2025-11-04', 0.0000, 104, 1),
(1685, 'Orange', '2026-02-21', 2.3820, 100, 0),
(1686, 'Origan', '2026-01-25', 2.9460, 35, 0),
(1687, 'Lait-demi', '2026-02-28', 19.2550, 54, 0),
(1688, 'Pâte-sans-gluten', '2026-07-31', 12.0000, 138, 0),
(1689, 'Tortillas-blé-12', '2025-12-31', 0.0000, 105, 1),
(1690, 'Filet-poulet', '2025-12-20', 0.0000, 67, 1),
(1691, 'Courgette', '2025-11-16', 0.0000, 85, 1),
(1692, 'Riz-étuvé', '2027-02-05', 0.3540, 5, 0),
(1693, 'Filet-Colin', '2026-01-24', 0.1300, 76, 0),
(1694, 'Carottes', '2025-11-30', 0.0000, 81, 1),
(1695, 'Baguettes-Pièce', '2025-11-09', 0.0000, 104, 1),
(1696, 'Salade-verte', '2025-11-14', 0.0000, 90, 1),
(1697, 'Poivron-rouge', '2025-11-16', 0.0000, 84, 1),
(1698, 'Couscous-Fin', '2027-07-07', 3.7880, 16, 0),
(1699, 'Carottes', '2025-11-16', 0.0000, 81, 1),
(1700, 'Sauce-tomate-700g', '2026-10-07', 0.0000, 49, 0),
(1701, 'Tomate', '2025-11-21', 0.0000, 78, 1),
(1702, 'Bavette-Bœuf', '2025-12-28', 0.0000, 71, 1),
(1703, 'Pâte-pizza-250g', '2026-04-09', 3.7800, 157, 0),
(1704, 'Salade-verte', '2025-11-30', 0.0000, 90, 1),
(1705, 'Carotte-rapée', '2026-01-04', 0.0000, 162, 1),
(1706, 'Dinde-Emaincée', '2025-12-14', 0.0000, 69, 1),
(1707, 'Brocoli', '2025-12-07', 0.0000, 88, 1),
(1708, 'Crème-Liquide-30', '2026-01-31', 0.0000, 56, 0),
(1709, 'Crème-Epaisse-30', '2026-01-04', 0.0000, 57, 1),
(1710, 'Œuf-M', '2026-01-11', 0.0000, 66, 1),
(1711, 'Filet-Colin', '2025-12-21', 0.0000, 76, 1),
(1712, 'Cuisse-Poulet', '2025-12-26', 0.0000, 68, 1),
(1713, 'Baguettes-Pièce', '2025-11-13', 0.0000, 104, 1),
(1714, 'Bœuf-haché', '2025-11-30', 0.0000, 70, 1),
(1715, 'Aubergine-KG', '2025-12-07', 0.0000, 86, 1),
(1716, 'Pois chiche-conserve-400g', '2026-08-16', 0.0000, 148, 0),
(1717, 'brique', '2025-11-30', 0.0000, 146, 1),
(1718, 'Raisin', '2025-11-30', 0.0000, 102, 1),
(1719, 'Poire', '2025-12-07', 0.0000, 98, 1),
(1720, 'Poireaux', '2025-11-30', 0.0000, 92, 1),
(1721, 'Courgette', '2025-12-06', 0.0000, 85, 1),
(1722, 'Carottes', '2025-12-07', 0.0000, 81, 1),
(1723, 'Pomme-terre', '2025-12-07', 0.0000, 80, 1),
(1724, 'Pain-mie', '2026-01-11', 0.0000, 103, 1),
(1725, 'Banane-KG', '2025-11-30', 0.0000, 99, 1),
(1726, 'Yaourt-nature', '2026-01-25', 32.7000, 60, 0),
(1727, 'Poivron-rouge', '2025-12-07', 0.0000, 84, 1),
(1728, 'Riz-étuvé', '2026-09-27', 4.5020, 5, 0),
(1729, 'Tomate', '2025-12-07', -0.1730, 78, 1),
(1730, 'Carottes', '2026-01-11', 0.0000, 81, 1),
(1731, 'Tomate-concetrée-400g', '2027-03-07', 15.3920, 79, 0),
(1732, 'Pâte-spaghetti', '2027-07-09', 0.0000, 8, 0),
(1733, 'Riz-basmati', '2027-12-11', 7.7280, 4, 0),
(1734, 'Pain-mie', '2026-02-08', 1.6020, 103, 0),
(1735, 'Mayonaise-5g', '2026-03-21', 1.5780, 52, 0),
(1736, 'Courgette', '2025-12-07', 0.0000, 85, 1),
(1737, 'Salade-verte', '2025-12-07', 0.0000, 90, 1),
(1738, 'Thon-naturel-160g', '2027-07-09', 18.3700, 74, 0),
(1739, 'Œuf-M', '2026-01-23', 2.3400, 66, 0),
(1740, 'Pois chiche-conserve-400g', '2027-07-02', 22.9150, 148, 0),
(1741, 'Bœuf-haché', '2026-01-10', 0.0000, 70, 1),
(1742, 'Raisin', '2025-12-07', 0.0000, 102, 1),
(1743, 'Pomme-terre', '2025-12-13', 0.0000, 80, 1),
(1744, 'Betteraves-Cuites', '2026-01-24', 9.3700, 161, 0),
(1745, 'Citron', '2026-01-11', 0.0000, 101, 1),
(1746, 'Frite-10KG', '2026-02-07', 7.4560, 108, 0),
(1747, 'Haricot-rouge', '2026-10-11', 8.1100, 13, 0),
(1748, 'Mozzarella-idustrielle', '2026-02-27', 3.5340, 63, 0),
(1749, '5', '2026-07-18', 4.0020, 58, 0),
(1750, 'Tomate', '2025-12-27', 0.0000, 78, 1),
(1751, 'Banane-KG', '2026-01-04', 0.0000, 99, 1),
(1752, 'Chou-Fleur', '2026-01-11', 0.0000, 89, 1),
(1753, 'Champignon-Paris', '2026-03-14', 10.0000, 87, 0),
(1754, 'Poireaux', '2026-01-11', 0.0000, 92, 1),
(1755, 'Oignion-jaune', '2026-02-28', 8.8870, 82, 0),
(1756, 'Carottes', '2026-02-27', 8.5220, 81, 0),
(1757, 'Pomme', '2026-02-05', 9.2580, 97, 0),
(1758, 'jambon', '2026-02-18', 5.0000, 73, 0),
(1759, 'Coleslaw-seau', '2026-03-05', 5.0000, 163, 0),
(1760, 'Feta', '2026-03-30', 4.5880, 64, 0),
(1761, 'Coulis-Tomate-500G', '2026-01-22', 5.0000, 146, 0),
(1762, 'Poivron-rouge', '2026-02-11', 3.9600, 84, 0),
(1763, 'Sucre-semoule', '2027-06-05', 4.7600, 23, 0),
(1764, 'Brocoli', '2026-02-07', 5.0000, 88, 0),
(1765, 'Ananas-Boite-656g', '2026-12-05', 9.3910, 150, 0),
(1766, 'Tofu-ferme', '2026-02-05', 5.0000, 142, 0),
(1767, 'Sel-fin', '2027-12-23', 4.8810, 26, 0),
(1768, 'Sauce-tomate-700g', '2026-05-23', 8.2640, 49, 0),
(1769, 'Crème-Liquide-30', '2026-04-19', 10.0000, 56, 0),
(1770, 'Pois-cassé', '2027-06-04', 5.0000, 96, 0),
(1771, 'Riz-risotto', '2027-06-06', 10.0000, 6, 0),
(1772, 'Salade-verte', '2026-01-09', 0.0000, 90, 1),
(1773, 'Pâte-brisé-230g', '2026-03-01', 10.0000, 156, 0);

-- --------------------------------------------------------

--
-- Structure de la table `meal_plan`
--

CREATE TABLE `meal_plan` (
  `id` int NOT NULL,
  `period_start` date NOT NULL,
  `period_end` date NOT NULL,
  `status` varchar(20) NOT NULL DEFAULT 'DRAFT',
  `comment` text
) ENGINE=InnoDB DEFAULT CHARSET=utf8mb4 COLLATE=utf8mb4_0900_ai_ci;

--
-- Déchargement des données de la table `meal_plan`
--

INSERT INTO `meal_plan` (`id`, `period_start`, `period_end`, `status`, `comment`) VALUES
(1, '2020-01-06', '2020-01-12', 'EXECUTED', NULL),
(2, '2020-01-13', '2020-01-19', 'EXECUTED', NULL),
(3, '2020-01-20', '2020-01-26', 'EXECUTED', NULL),
(4, '2020-01-27', '2020-02-02', 'EXECUTED', NULL),
(5, '2020-02-03', '2020-02-09', 'EXECUTED', NULL),
(6, '2020-02-24', '2020-03-01', 'EXECUTED', NULL),
(7, '2020-03-02', '2020-03-08', 'EXECUTED', NULL),
(8, '2020-03-09', '2020-03-15', 'EXECUTED', NULL),
(9, '2020-03-16', '2020-03-22', 'EXECUTED', NULL),
(10, '2020-03-23', '2020-03-29', 'EXECUTED', NULL),
(11, '2020-03-30', '2020-04-05', 'EXECUTED', NULL),
(12, '2020-04-20', '2020-04-26', 'EXECUTED', NULL),
(13, '2020-04-27', '2020-05-03', 'EXECUTED', NULL),
(14, '2020-05-04', '2020-05-10', 'EXECUTED', NULL),
(15, '2020-05-11', '2020-05-17', 'EXECUTED', NULL),
(16, '2020-05-18', '2020-05-24', 'EXECUTED', NULL),
(17, '2020-05-25', '2020-05-31', 'EXECUTED', NULL),
(18, '2020-06-01', '2020-06-07', 'EXECUTED', NULL),
(19, '2020-06-08', '2020-06-14', 'EXECUTED', NULL),
(20, '2020-06-15', '2020-06-21', 'EXECUTED', NULL),
(21, '2020-06-22', '2020-06-28', 'EXECUTED', NULL),
(22, '2020-06-29', '2020-07-05', 'EXECUTED', NULL),
(23, '2020-08-31', '2020-09-06', 'EXECUTED', NULL),
(24, '2020-09-07', '2020-09-13', 'EXECUTED', NULL),
(25, '2020-09-14', '2020-09-20', 'EXECUTED', NULL),
(26, '2020-09-21', '2020-09-27', 'EXECUTED', NULL),
(27, '2020-09-28', '2020-10-04', 'EXECUTED', NULL),
(28, '2020-10-05', '2020-10-11', 'EXECUTED', NULL),
(29, '2020-10-12', '2020-10-18', 'EXECUTED', NULL),
(30, '2020-11-02', '2020-11-08', 'EXECUTED', NULL),
(31, '2020-11-09', '2020-11-15', 'EXECUTED', NULL),
(32, '2020-11-16', '2020-11-22', 'EXECUTED', NULL),
(33, '2020-11-23', '2020-11-29', 'EXECUTED', NULL),
(34, '2020-11-30', '2020-12-06', 'EXECUTED', NULL),
(35, '2020-12-07', '2020-12-13', 'EXECUTED', NULL),
(36, '2020-12-14', '2020-12-20', 'EXECUTED', NULL),
(37, '2021-01-04', '2021-01-10', 'EXECUTED', NULL),
(38, '2021-01-11', '2021-01-17', 'EXECUTED', NULL),
(39, '2021-01-18', '2021-01-24', 'EXECUTED', NULL),
(40, '2021-01-25', '2021-01-31', 'EXECUTED', NULL),
(41, '2021-02-01', '2021-02-07', 'EXECUTED', NULL),
(42, '2021-02-08', '2021-02-14', 'EXECUTED', NULL),
(43, '2021-03-01', '2021-03-07', 'EXECUTED', NULL),
(44, '2021-03-08', '2021-03-14', 'EXECUTED', NULL),
(45, '2021-03-15', '2021-03-21', 'EXECUTED', NULL),
(46, '2021-03-22', '2021-03-28', 'EXECUTED', NULL),
(47, '2021-03-29', '2021-04-04', 'EXECUTED', NULL),
(48, '2021-04-05', '2021-04-11', 'EXECUTED', NULL),
(49, '2021-04-26', '2021-05-02', 'EXECUTED', NULL),
(50, '2021-05-03', '2021-05-09', 'EXECUTED', NULL),
(51, '2021-05-10', '2021-05-16', 'EXECUTED', NULL),
(52, '2021-05-17', '2021-05-23', 'EXECUTED', NULL),
(53, '2021-05-24', '2021-05-30', 'EXECUTED', NULL),
(54, '2021-05-31', '2021-06-06', 'EXECUTED', NULL),
(55, '2021-06-07', '2021-06-13', 'EXECUTED', NULL),
(56, '2021-06-14', '2021-06-20', 'EXECUTED', NULL),
(57, '2021-06-21', '2021-06-27', 'EXECUTED', NULL),
(58, '2021-06-28', '2021-07-04', 'EXECUTED', NULL),
(59, '2021-08-30', '2021-09-05', 'EXECUTED', NULL),
(60, '2021-09-06', '2021-09-12', 'EXECUTED', NULL),
(61, '2021-09-13', '2021-09-19', 'EXECUTED', NULL),
(62, '2021-09-20', '2021-09-26', 'EXECUTED', NULL),
(63, '2021-09-27', '2021-10-03', 'EXECUTED', NULL),
(64, '2021-10-04', '2021-10-10', 'EXECUTED', NULL),
(65, '2021-10-11', '2021-10-17', 'EXECUTED', NULL),
(66, '2021-10-18', '2021-10-24', 'EXECUTED', NULL),
(67, '2021-11-08', '2021-11-14', 'EXECUTED', NULL),
(68, '2021-11-15', '2021-11-21', 'EXECUTED', NULL),
(69, '2021-11-22', '2021-11-28', 'EXECUTED', NULL),
(70, '2021-11-29', '2021-12-05', 'EXECUTED', NULL),
(71, '2021-12-06', '2021-12-12', 'EXECUTED', NULL),
(72, '2021-12-13', '2021-12-19', 'EXECUTED', NULL),
(73, '2022-01-03', '2022-01-09', 'EXECUTED', NULL),
(74, '2022-01-10', '2022-01-16', 'EXECUTED', NULL),
(75, '2022-01-17', '2022-01-23', 'EXECUTED', NULL),
(76, '2022-01-24', '2022-01-30', 'EXECUTED', NULL),
(77, '2022-01-31', '2022-02-06', 'EXECUTED', NULL),
(78, '2022-02-07', '2022-02-13', 'EXECUTED', NULL),
(79, '2022-02-28', '2022-03-06', 'EXECUTED', NULL),
(80, '2022-03-07', '2022-03-13', 'EXECUTED', NULL),
(81, '2022-03-14', '2022-03-20', 'EXECUTED', NULL),
(82, '2022-03-21', '2022-03-27', 'EXECUTED', NULL),
(83, '2022-03-28', '2022-04-03', 'EXECUTED', NULL),
(84, '2022-04-04', '2022-04-10', 'EXECUTED', NULL),
(85, '2022-04-25', '2022-05-01', 'EXECUTED', NULL),
(86, '2022-05-02', '2022-05-08', 'EXECUTED', NULL),
(87, '2022-05-09', '2022-05-15', 'EXECUTED', NULL),
(88, '2022-05-16', '2022-05-22', 'EXECUTED', NULL),
(89, '2022-05-23', '2022-05-29', 'EXECUTED', NULL),
(90, '2022-05-30', '2022-06-05', 'EXECUTED', NULL),
(91, '2022-06-06', '2022-06-12', 'EXECUTED', NULL),
(92, '2022-06-13', '2022-06-19', 'EXECUTED', NULL),
(93, '2022-06-20', '2022-06-26', 'EXECUTED', NULL),
(94, '2022-06-27', '2022-07-03', 'EXECUTED', NULL),
(95, '2022-08-29', '2022-09-04', 'EXECUTED', NULL),
(96, '2022-09-05', '2022-09-11', 'EXECUTED', NULL),
(97, '2022-09-12', '2022-09-18', 'EXECUTED', NULL),
(98, '2022-09-19', '2022-09-25', 'EXECUTED', NULL),
(99, '2022-09-26', '2022-10-02', 'EXECUTED', NULL),
(100, '2022-10-03', '2022-10-09', 'EXECUTED', NULL),
(101, '2022-10-10', '2022-10-16', 'EXECUTED', NULL),
(102, '2022-10-17', '2022-10-23', 'EXECUTED', NULL),
(103, '2022-11-07', '2022-11-13', 'EXECUTED', NULL),
(104, '2022-11-14', '2022-11-20', 'EXECUTED', NULL),
(105, '2022-11-21', '2022-11-27', 'EXECUTED', NULL),
(106, '2022-11-28', '2022-12-04', 'EXECUTED', NULL),
(107, '2022-12-05', '2022-12-11', 'EXECUTED', NULL),
(108, '2022-12-12', '2022-12-18', 'EXECUTED', NULL),
(109, '2023-01-02', '2023-01-08', 'EXECUTED', NULL),
(110, '2023-01-09', '2023-01-15', 'EXECUTED', NULL),
(111, '2023-01-16', '2023-01-22', 'EXECUTED', NULL),
(112, '2023-01-23', '2023-01-29', 'EXECUTED', NULL),
(113, '2023-01-30', '2023-02-05', 'EXECUTED', NULL),
(114, '2023-02-06', '2023-02-12', 'EXECUTED', NULL),
(115, '2023-02-13', '2023-02-19', 'EXECUTED', NULL),
(116, '2023-03-06', '2023-03-12', 'EXECUTED', NULL),
(117, '2023-03-13', '2023-03-19', 'EXECUTED', NULL),
(118, '2023-03-20', '2023-03-26', 'EXECUTED', NULL),
(119, '2023-03-27', '2023-04-02', 'EXECUTED', NULL),
(120, '2023-04-03', '2023-04-09', 'EXECUTED', NULL),
(121, '2023-04-10', '2023-04-16', 'EXECUTED', NULL),
(122, '2023-04-17', '2023-04-23', 'EXECUTED', NULL),
(123, '2023-05-08', '2023-05-14', 'EXECUTED', NULL),
(124, '2023-05-15', '2023-05-21', 'EXECUTED', NULL),
(125, '2023-05-22', '2023-05-28', 'EXECUTED', NULL),
(126, '2023-05-29', '2023-06-04', 'EXECUTED', NULL),
(127, '2023-06-05', '2023-06-11', 'EXECUTED', NULL),
(128, '2023-06-12', '2023-06-18', 'EXECUTED', NULL),
(129, '2023-06-19', '2023-06-25', 'EXECUTED', NULL),
(130, '2023-06-26', '2023-07-02', 'EXECUTED', NULL),
(131, '2023-07-03', '2023-07-09', 'EXECUTED', NULL),
(132, '2023-09-04', '2023-09-10', 'EXECUTED', NULL),
(133, '2023-09-11', '2023-09-17', 'EXECUTED', NULL),
(134, '2023-09-18', '2023-09-24', 'EXECUTED', NULL),
(135, '2023-09-25', '2023-10-01', 'EXECUTED', NULL),
(136, '2023-10-02', '2023-10-08', 'EXECUTED', NULL),
(137, '2023-10-09', '2023-10-15', 'EXECUTED', NULL),
(138, '2023-10-16', '2023-10-22', 'EXECUTED', NULL),
(139, '2023-11-06', '2023-11-12', 'EXECUTED', NULL),
(140, '2023-11-13', '2023-11-19', 'EXECUTED', NULL),
(141, '2023-11-20', '2023-11-26', 'EXECUTED', NULL),
(142, '2023-11-27', '2023-12-03', 'EXECUTED', NULL),
(143, '2023-12-04', '2023-12-10', 'EXECUTED', NULL),
(144, '2023-12-11', '2023-12-17', 'EXECUTED', NULL),
(145, '2023-12-18', '2023-12-24', 'EXECUTED', NULL),
(146, '2024-01-08', '2024-01-14', 'EXECUTED', NULL),
(147, '2024-01-15', '2024-01-21', 'EXECUTED', NULL),
(148, '2024-01-22', '2024-01-28', 'EXECUTED', NULL),
(149, '2024-01-29', '2024-02-04', 'EXECUTED', NULL),
(150, '2024-02-05', '2024-02-11', 'EXECUTED', NULL),
(151, '2024-02-12', '2024-02-18', 'EXECUTED', NULL),
(152, '2024-03-04', '2024-03-10', 'EXECUTED', NULL),
(153, '2024-03-11', '2024-03-17', 'EXECUTED', NULL),
(154, '2024-03-18', '2024-03-24', 'EXECUTED', NULL),
(155, '2024-03-25', '2024-03-31', 'EXECUTED', NULL),
(156, '2024-04-01', '2024-04-07', 'EXECUTED', NULL),
(157, '2024-04-08', '2024-04-14', 'EXECUTED', NULL),
(158, '2024-04-15', '2024-04-21', 'EXECUTED', NULL),
(159, '2024-05-06', '2024-05-12', 'EXECUTED', NULL),
(160, '2024-05-13', '2024-05-19', 'EXECUTED', NULL),
(161, '2024-05-20', '2024-05-26', 'EXECUTED', NULL),
(162, '2024-05-27', '2024-06-02', 'EXECUTED', NULL),
(163, '2024-06-03', '2024-06-09', 'EXECUTED', NULL),
(164, '2024-06-10', '2024-06-16', 'EXECUTED', NULL),
(165, '2024-06-17', '2024-06-23', 'EXECUTED', NULL),
(166, '2024-06-24', '2024-06-30', 'EXECUTED', NULL),
(167, '2024-07-01', '2024-07-07', 'EXECUTED', NULL),
(168, '2024-09-02', '2024-09-08', 'EXECUTED', NULL),
(169, '2024-09-09', '2024-09-15', 'EXECUTED', NULL),
(170, '2024-09-16', '2024-09-22', 'EXECUTED', NULL),
(171, '2024-09-23', '2024-09-29', 'EXECUTED', NULL),
(172, '2024-09-30', '2024-10-06', 'EXECUTED', NULL),
(173, '2024-10-07', '2024-10-13', 'EXECUTED', NULL),
(174, '2024-10-14', '2024-10-20', 'EXECUTED', NULL),
(175, '2024-11-04', '2024-11-10', 'EXECUTED', NULL),
(176, '2024-11-11', '2024-11-17', 'EXECUTED', NULL),
(177, '2024-11-18', '2024-11-24', 'EXECUTED', NULL),
(178, '2024-11-25', '2024-12-01', 'EXECUTED', NULL),
(179, '2024-12-02', '2024-12-08', 'EXECUTED', NULL),
(180, '2024-12-09', '2024-12-15', 'EXECUTED', NULL),
(181, '2024-12-16', '2024-12-22', 'EXECUTED', NULL),
(182, '2025-12-02', '2025-12-02', 'EXECUTED', NULL),
(183, '2025-12-03', '2025-12-03', 'EXECUTED', NULL);

-- --------------------------------------------------------

--
-- Structure de la table `meal_plan_item`
--

CREATE TABLE `meal_plan_item` (
  `id` int NOT NULL,
  `planned_portions` int NOT NULL,
  `produced_portions` int DEFAULT NULL,
  `execution_date` date DEFAULT NULL,
  `recipe_id` int NOT NULL,
  `meal_plan_id` int NOT NULL
) ENGINE=InnoDB DEFAULT CHARSET=utf8mb4 COLLATE=utf8mb4_0900_ai_ci;

--
-- Déchargement des données de la table `meal_plan_item`
--

INSERT INTO `meal_plan_item` (`id`, `planned_portions`, `produced_portions`, `execution_date`, `recipe_id`, `meal_plan_id`) VALUES
(1, 9, 9, '2020-01-06', 15, 1),
(2, 13, 12, '2020-01-06', 16, 1),
(3, 15, 16, '2020-01-07', 25, 1),
(4, 9, 8, '2020-01-07', 6, 1),
(5, 9, 9, '2020-01-08', 18, 1),
(6, 17, 17, '2020-01-09', 30, 1),
(7, 9, 9, '2020-01-10', 21, 1),
(8, 12, 13, '2020-01-13', 20, 2),
(9, 22, 21, '2020-01-13', 5, 2),
(10, 13, 12, '2020-01-14', 2, 2),
(11, 19, 17, '2020-01-14', 28, 2),
(12, 10, 10, '2020-01-15', 18, 2),
(13, 23, 23, '2020-01-15', 12, 2),
(14, 18, 19, '2020-01-16', 23, 2),
(15, 7, 7, '2020-01-17', 34, 2),
(16, 18, 19, '2020-01-17', 9, 2),
(17, 14, 14, '2020-01-20', 20, 3),
(18, 18, 17, '2020-01-21', 19, 3),
(19, 24, 24, '2020-01-21', 11, 3),
(20, 22, 24, '2020-01-22', 16, 3),
(21, 17, 18, '2020-01-22', 17, 3),
(22, 21, 22, '2020-01-23', 12, 3),
(23, 8, 8, '2020-01-24', 3, 3),
(24, 20, 18, '2020-01-24', 26, 3),
(25, 18, 19, '2020-01-27', 32, 4),
(26, 14, 13, '2020-01-27', 20, 4),
(27, 13, 14, '2020-01-28', 16, 4),
(28, 15, 14, '2020-01-29', 4, 4),
(29, 24, 24, '2020-01-30', 5, 4),
(30, 12, 12, '2020-01-30', 13, 4),
(31, 9, 8, '2020-01-31', 9, 4),
(32, 23, 25, '2020-02-03', 1, 5),
(33, 12, 12, '2020-02-03', 26, 5),
(34, 9, 9, '2020-02-04', 6, 5),
(35, 15, 14, '2020-02-05', 2, 5),
(36, 9, 9, '2020-02-05', 22, 5),
(37, 12, 12, '2020-02-06', 34, 5),
(38, 17, 18, '2020-02-07', 19, 5),
(39, 21, 22, '2020-02-24', 10, 6),
(40, 9, 9, '2020-02-25', 28, 6),
(41, 10, 10, '2020-02-26', 12, 6),
(42, 18, 17, '2020-02-26', 17, 6),
(43, 10, 10, '2020-02-27', 32, 6),
(44, 28, 27, '2020-02-27', 18, 6),
(45, 17, 17, '2020-02-28', 29, 6),
(46, 17, 16, '2020-03-02', 24, 7),
(47, 22, 23, '2020-03-03', 2, 7),
(48, 23, 23, '2020-03-03', 15, 7),
(49, 10, 11, '2020-03-04', 4, 7),
(50, 23, 22, '2020-03-04', 7, 7),
(51, 28, 26, '2020-03-05', 26, 7),
(52, 18, 17, '2020-03-05', 32, 7),
(53, 9, 8, '2020-03-06', 16, 7),
(54, 13, 14, '2020-03-06', 29, 7),
(55, 8, 8, '2020-03-09', 20, 8),
(56, 14, 14, '2020-03-10', 27, 8),
(57, 9, 9, '2020-03-10', 11, 8),
(58, 16, 18, '2020-03-11', 28, 8),
(59, 9, 10, '2020-03-12', 13, 8),
(60, 9, 9, '2020-03-12', 17, 8),
(61, 18, 19, '2020-03-13', 10, 8),
(62, 10, 9, '2020-03-16', 2, 9),
(63, 13, 12, '2020-03-17', 21, 9),
(64, 9, 9, '2020-03-17', 16, 9),
(65, 19, 20, '2020-03-18', 11, 9),
(66, 17, 17, '2020-03-19', 18, 9),
(67, 10, 11, '2020-03-19', 34, 9),
(68, 9, 9, '2020-03-20', 6, 9),
(69, 13, 14, '2020-03-20', 9, 9),
(70, 15, 16, '2020-03-23', 10, 10),
(71, 26, 24, '2020-03-24', 29, 10),
(72, 24, 25, '2020-03-24', 4, 10),
(73, 15, 15, '2020-03-25', 15, 10),
(74, 10, 9, '2020-03-25', 12, 10),
(75, 18, 17, '2020-03-26', 8, 10),
(76, 17, 18, '2020-03-26', 30, 10),
(77, 16, 15, '2020-03-27', 21, 10),
(78, 20, 19, '2020-03-30', 1, 11),
(79, 25, 27, '2020-03-30', 10, 11),
(80, 9, 9, '2020-03-31', 4, 11),
(81, 23, 21, '2020-03-31', 20, 11),
(82, 14, 15, '2020-04-01', 17, 11),
(83, 14, 13, '2020-04-02', 18, 11),
(84, 18, 19, '2020-04-03', 9, 11),
(85, 25, 25, '2020-04-20', 14, 12),
(86, 24, 26, '2020-04-20', 5, 12),
(87, 22, 21, '2020-04-21', 6, 12),
(88, 12, 12, '2020-04-22', 26, 12),
(89, 11, 11, '2020-04-22', 4, 12),
(90, 23, 24, '2020-04-23', 1, 12),
(91, 19, 20, '2020-04-23', 13, 12),
(92, 13, 12, '2020-04-24', 24, 12),
(93, 9, 8, '2020-04-24', 15, 12),
(94, 18, 17, '2020-04-27', 10, 13),
(95, 11, 10, '2020-04-27', 6, 13),
(96, 24, 23, '2020-04-28', 33, 13),
(97, 9, 9, '2020-04-29', 5, 13),
(98, 13, 12, '2020-04-29', 7, 13),
(99, 14, 14, '2020-04-30', 16, 13),
(100, 19, 18, '2020-04-30', 18, 13),
(101, 14, 14, '2020-05-01', 2, 13),
(102, 24, 25, '2020-05-04', 24, 14),
(103, 28, 26, '2020-05-05', 32, 14),
(104, 18, 20, '2020-05-05', 21, 14),
(105, 19, 18, '2020-05-06', 11, 14),
(106, 9, 8, '2020-05-06', 20, 14),
(107, 12, 13, '2020-05-07', 15, 14),
(108, 20, 19, '2020-05-08', 29, 14),
(109, 8, 8, '2020-05-08', 13, 14),
(110, 14, 14, '2020-05-11', 2, 15),
(111, 15, 15, '2020-05-12', 16, 15),
(112, 10, 11, '2020-05-12', 6, 15),
(113, 8, 8, '2020-05-13', 35, 15),
(114, 20, 18, '2020-05-13', 34, 15),
(115, 17, 19, '2020-05-14', 32, 15),
(116, 17, 16, '2020-05-14', 13, 15),
(117, 18, 19, '2020-05-15', 9, 15),
(118, 11, 11, '2020-05-18', 4, 16),
(119, 11, 12, '2020-05-18', 15, 16),
(120, 18, 17, '2020-05-19', 23, 16),
(121, 22, 20, '2020-05-19', 6, 16),
(122, 18, 19, '2020-05-20', 17, 16),
(123, 24, 26, '2020-05-21', 34, 16),
(124, 14, 13, '2020-05-22', 7, 16),
(125, 21, 19, '2020-05-22', 14, 16),
(126, 16, 17, '2020-05-25', 1, 17),
(127, 13, 13, '2020-05-25', 10, 17),
(128, 10, 11, '2020-05-26', 16, 17),
(129, 19, 19, '2020-05-27', 31, 17),
(130, 23, 22, '2020-05-28', 26, 17),
(131, 13, 13, '2020-05-28', 18, 17),
(132, 12, 11, '2020-05-29', 9, 17),
(133, 12, 13, '2020-06-01', 8, 18),
(134, 14, 13, '2020-06-01', 15, 18),
(135, 20, 20, '2020-06-02', 1, 18),
(136, 26, 25, '2020-06-02', 11, 18),
(137, 9, 9, '2020-06-03', 17, 18),
(138, 14, 13, '2020-06-04', 23, 18),
(139, 19, 18, '2020-06-05', 27, 18),
(140, 10, 9, '2020-06-08', 3, 19),
(141, 28, 27, '2020-06-09', 21, 19),
(142, 21, 19, '2020-06-09', 22, 19),
(143, 15, 16, '2020-06-10', 2, 19),
(144, 23, 25, '2020-06-10', 7, 19),
(145, 22, 21, '2020-06-11', 13, 19),
(146, 19, 20, '2020-06-11', 27, 19),
(147, 13, 12, '2020-06-12', 30, 19),
(148, 14, 15, '2020-06-12', 29, 19),
(149, 20, 19, '2020-06-15', 10, 20),
(150, 20, 20, '2020-06-16', 21, 20),
(151, 13, 13, '2020-06-17', 22, 20),
(152, 26, 28, '2020-06-18', 18, 20),
(153, 7, 7, '2020-06-19', 9, 20),
(154, 14, 15, '2020-06-19', 5, 20),
(155, 13, 12, '2020-06-22', 12, 21),
(156, 23, 23, '2020-06-22', 15, 21),
(157, 21, 19, '2020-06-23', 3, 21),
(158, 13, 12, '2020-06-23', 26, 21),
(159, 12, 13, '2020-06-24', 25, 21),
(160, 9, 8, '2020-06-24', 31, 21),
(161, 25, 26, '2020-06-25', 23, 21),
(162, 14, 14, '2020-06-26', 9, 21),
(163, 14, 14, '2020-06-26', 8, 21),
(164, 16, 16, '2020-06-29', 30, 22),
(165, 13, 12, '2020-06-29', 2, 22),
(166, 10, 9, '2020-06-30', 25, 22),
(167, 13, 13, '2020-06-30', 6, 22),
(168, 22, 23, '2020-07-01', 34, 22),
(169, 8, 9, '2020-07-01', 3, 22),
(170, 28, 30, '2020-07-02', 24, 22),
(171, 21, 19, '2020-07-02', 26, 22),
(172, 20, 20, '2020-07-03', 5, 22),
(173, 15, 16, '2020-09-01', 18, 23),
(174, 14, 15, '2020-09-02', 17, 23),
(175, 21, 19, '2020-09-03', 7, 23),
(176, 17, 17, '2020-09-04', 16, 23),
(177, 18, 18, '2020-09-07', 4, 24),
(178, 21, 22, '2020-09-07', 20, 24),
(179, 19, 20, '2020-09-08', 26, 24),
(180, 21, 20, '2020-09-09', 1, 24),
(181, 8, 8, '2020-09-09', 17, 24),
(182, 25, 24, '2020-09-10', 29, 24),
(183, 15, 14, '2020-09-10', 25, 24),
(184, 11, 11, '2020-09-11', 15, 24),
(185, 16, 16, '2020-09-14', 9, 25),
(186, 18, 18, '2020-09-15', 34, 25),
(187, 14, 13, '2020-09-16', 14, 25),
(188, 21, 21, '2020-09-16', 22, 25),
(189, 10, 10, '2020-09-17', 8, 25),
(190, 24, 24, '2020-09-17', 13, 25),
(191, 8, 8, '2020-09-18', 12, 25),
(192, 9, 10, '2020-09-21', 10, 26),
(193, 24, 25, '2020-09-21', 35, 26),
(194, 13, 14, '2020-09-22', 21, 26),
(195, 9, 10, '2020-09-23', 11, 26),
(196, 8, 9, '2020-09-23', 22, 26),
(197, 15, 14, '2020-09-24', 18, 26),
(198, 23, 21, '2020-09-24', 13, 26),
(199, 11, 12, '2020-09-25', 19, 26),
(200, 20, 19, '2020-09-25', 24, 26),
(201, 8, 8, '2020-09-28', 10, 27),
(202, 14, 15, '2020-09-29', 1, 27),
(203, 13, 12, '2020-09-30', 22, 27),
(204, 15, 15, '2020-10-01', 8, 27),
(205, 20, 21, '2020-10-02', 14, 27),
(206, 14, 13, '2020-10-05', 9, 28),
(207, 22, 24, '2020-10-05', 13, 28),
(208, 25, 25, '2020-10-06', 30, 28),
(209, 14, 15, '2020-10-06', 10, 28),
(210, 8, 8, '2020-10-07', 16, 28),
(211, 21, 19, '2020-10-07', 3, 28),
(212, 20, 18, '2020-10-08', 5, 28),
(213, 16, 17, '2020-10-09', 9, 28),
(214, 23, 22, '2020-10-12', 32, 29),
(215, 17, 18, '2020-10-13', 14, 29),
(216, 11, 11, '2020-10-14', 12, 29),
(217, 28, 30, '2020-10-15', 25, 29),
(218, 10, 10, '2020-10-15', 11, 29),
(219, 17, 18, '2020-10-16', 29, 29),
(220, 7, 7, '2020-10-16', 17, 29),
(221, 17, 17, '2020-11-02', 9, 30),
(222, 15, 14, '2020-11-02', 15, 30),
(223, 15, 16, '2020-11-03', 6, 30),
(224, 8, 8, '2020-11-04', 7, 30),
(225, 23, 23, '2020-11-04', 16, 30),
(226, 14, 15, '2020-11-05', 14, 30),
(227, 18, 17, '2020-11-06', 4, 30),
(228, 15, 16, '2020-11-09', 10, 31),
(229, 17, 17, '2020-11-09', 3, 31),
(230, 11, 11, '2020-11-10', 2, 31),
(231, 15, 16, '2020-11-10', 1, 31),
(232, 22, 24, '2020-11-11', 13, 31),
(233, 11, 12, '2020-11-12', 15, 31),
(234, 19, 19, '2020-11-12', 29, 31),
(235, 9, 9, '2020-11-13', 25, 31),
(236, 10, 10, '2020-11-16', 28, 32),
(237, 13, 13, '2020-11-17', 11, 32),
(238, 11, 12, '2020-11-17', 3, 32),
(239, 18, 17, '2020-11-18', 30, 32),
(240, 14, 13, '2020-11-18', 7, 32),
(241, 13, 12, '2020-11-19', 4, 32),
(242, 9, 8, '2020-11-20', 24, 32),
(243, 18, 19, '2020-11-20', 9, 32),
(244, 23, 24, '2020-11-23', 27, 33),
(245, 12, 13, '2020-11-23', 22, 33),
(246, 10, 10, '2020-11-24', 14, 33),
(247, 8, 8, '2020-11-25', 12, 33),
(248, 10, 10, '2020-11-25', 7, 33),
(249, 11, 10, '2020-11-26', 24, 33),
(250, 20, 18, '2020-11-26', 18, 33),
(251, 14, 13, '2020-11-27', 19, 33),
(252, 25, 25, '2020-11-30', 20, 34),
(253, 20, 19, '2020-11-30', 16, 34),
(254, 23, 23, '2020-12-01', 21, 34),
(255, 9, 9, '2020-12-01', 31, 34),
(256, 17, 17, '2020-12-02', 32, 34),
(257, 23, 23, '2020-12-03', 10, 34),
(258, 24, 25, '2020-12-03', 1, 34),
(259, 7, 7, '2020-12-04', 17, 34),
(260, 25, 27, '2020-12-07', 6, 35),
(261, 11, 11, '2020-12-07', 8, 35),
(262, 22, 24, '2020-12-08', 33, 35),
(263, 22, 22, '2020-12-09', 29, 35),
(264, 15, 16, '2020-12-09', 20, 35),
(265, 15, 14, '2020-12-10', 5, 35),
(266, 9, 10, '2020-12-11', 14, 35),
(267, 10, 9, '2020-12-11', 28, 35),
(268, 13, 12, '2020-12-14', 11, 36),
(269, 13, 14, '2020-12-14', 33, 36),
(270, 15, 15, '2020-12-15', 6, 36),
(271, 7, 7, '2020-12-16', 12, 36),
(272, 22, 21, '2020-12-16', 29, 36),
(273, 17, 18, '2020-12-17', 17, 36),
(274, 10, 10, '2020-12-17', 20, 36),
(275, 15, 14, '2020-12-18', 2, 36),
(276, 16, 15, '2021-01-04', 10, 37),
(277, 12, 11, '2021-01-04', 25, 37),
(278, 11, 11, '2021-01-05', 21, 37),
(279, 11, 10, '2021-01-06', 28, 37),
(280, 15, 14, '2021-01-06', 33, 37),
(281, 28, 30, '2021-01-07', 4, 37),
(282, 14, 14, '2021-01-08', 14, 37),
(283, 16, 15, '2021-01-11', 20, 38),
(284, 12, 12, '2021-01-12', 16, 38),
(285, 23, 24, '2021-01-13', 7, 38),
(286, 20, 18, '2021-01-14', 10, 38),
(287, 13, 13, '2021-01-15', 24, 38),
(288, 9, 10, '2021-01-15', 9, 38),
(289, 23, 24, '2021-01-18', 29, 39),
(290, 9, 10, '2021-01-19', 35, 39),
(291, 11, 10, '2021-01-20', 36, 39),
(292, 11, 10, '2021-01-20', 27, 39),
(293, 19, 20, '2021-01-21', 20, 39),
(294, 18, 17, '2021-01-21', 32, 39),
(295, 16, 15, '2021-01-22', 24, 39),
(296, 18, 19, '2021-01-25', 10, 40),
(297, 13, 13, '2021-01-25', 34, 40),
(298, 9, 8, '2021-01-26', 25, 40),
(299, 13, 13, '2021-01-27', 7, 40),
(300, 14, 15, '2021-01-28', 19, 40),
(301, 18, 17, '2021-01-29', 20, 40),
(302, 14, 13, '2021-01-29', 16, 40),
(303, 19, 19, '2021-02-01', 11, 41),
(304, 16, 16, '2021-02-01', 15, 41),
(305, 25, 26, '2021-02-02', 32, 41),
(306, 23, 25, '2021-02-02', 35, 41),
(307, 15, 16, '2021-02-03', 7, 41),
(308, 12, 11, '2021-02-03', 29, 41),
(309, 26, 24, '2021-02-04', 4, 41),
(310, 21, 20, '2021-02-04', 22, 41),
(311, 11, 11, '2021-02-05', 24, 41),
(312, 20, 21, '2021-02-08', 11, 42),
(313, 24, 22, '2021-02-09', 10, 42),
(314, 11, 11, '2021-02-10', 12, 42),
(315, 7, 7, '2021-02-10', 17, 42),
(316, 11, 11, '2021-02-11', 18, 42),
(317, 20, 20, '2021-02-12', 22, 42),
(318, 17, 18, '2021-03-01', 14, 43),
(319, 22, 21, '2021-03-02', 28, 43),
(320, 9, 9, '2021-03-02', 20, 43),
(321, 18, 18, '2021-03-03', 27, 43),
(322, 25, 26, '2021-03-04', 4, 43),
(323, 20, 19, '2021-03-05', 33, 43),
(324, 11, 10, '2021-03-08', 10, 44),
(325, 24, 22, '2021-03-08', 7, 44),
(326, 18, 16, '2021-03-09', 13, 44),
(327, 8, 8, '2021-03-10', 22, 44),
(328, 18, 17, '2021-03-11', 30, 44),
(329, 15, 15, '2021-03-11', 6, 44),
(330, 12, 11, '2021-03-12', 11, 44),
(331, 17, 15, '2021-03-15', 33, 45),
(332, 12, 12, '2021-03-15', 7, 45),
(333, 17, 18, '2021-03-16', 4, 45),
(334, 15, 15, '2021-03-16', 8, 45),
(335, 17, 15, '2021-03-17', 10, 45),
(336, 17, 16, '2021-03-18', 15, 45),
(337, 9, 9, '2021-03-18', 34, 45),
(338, 15, 15, '2021-03-19', 9, 45),
(339, 22, 22, '2021-03-22', 25, 46),
(340, 15, 16, '2021-03-23', 11, 46),
(341, 14, 15, '2021-03-24', 12, 46),
(342, 11, 11, '2021-03-25', 23, 46),
(343, 18, 19, '2021-03-26', 10, 46),
(344, 12, 11, '2021-03-29', 30, 47),
(345, 11, 11, '2021-03-30', 28, 47),
(346, 8, 8, '2021-03-31', 22, 47),
(347, 9, 9, '2021-03-31', 17, 47),
(348, 20, 19, '2021-04-01', 11, 47),
(349, 21, 20, '2021-04-02', 7, 47),
(350, 20, 19, '2021-04-02', 33, 47),
(351, 10, 9, '2021-04-05', 1, 48),
(352, 12, 11, '2021-04-06', 31, 48),
(353, 12, 12, '2021-04-06', 21, 48),
(354, 13, 13, '2021-04-07', 13, 48),
(355, 17, 17, '2021-04-07', 17, 48),
(356, 23, 21, '2021-04-08', 24, 48),
(357, 22, 22, '2021-04-08', 4, 48),
(358, 20, 18, '2021-04-09', 9, 48),
(359, 10, 10, '2021-04-09', 10, 48),
(360, 16, 17, '2021-04-26', 5, 49),
(361, 11, 11, '2021-04-27', 6, 49),
(362, 18, 17, '2021-04-28', 23, 49),
(363, 20, 22, '2021-04-28', 12, 49),
(364, 26, 26, '2021-04-29', 13, 49),
(365, 26, 27, '2021-04-29', 8, 49),
(366, 21, 22, '2021-04-30', 14, 49),
(367, 9, 9, '2021-04-30', 21, 49),
(368, 14, 15, '2021-05-03', 18, 50),
(369, 13, 14, '2021-05-04', 33, 50),
(370, 20, 21, '2021-05-05', 1, 50),
(371, 23, 25, '2021-05-05', 10, 50),
(372, 13, 13, '2021-05-06', 4, 50),
(373, 13, 13, '2021-05-06', 36, 50),
(374, 9, 8, '2021-05-07', 19, 50),
(375, 9, 9, '2021-05-10', 5, 51),
(376, 8, 8, '2021-05-10', 24, 51),
(377, 15, 14, '2021-05-11', 21, 51),
(378, 28, 30, '2021-05-11', 16, 51),
(379, 9, 8, '2021-05-12', 3, 51),
(380, 9, 9, '2021-05-12', 25, 51),
(381, 12, 11, '2021-05-13', 1, 51),
(382, 18, 20, '2021-05-13', 6, 51),
(383, 20, 19, '2021-05-14', 18, 51),
(384, 14, 15, '2021-05-14', 29, 51),
(385, 8, 9, '2021-05-17', 20, 52),
(386, 10, 10, '2021-05-17', 10, 52),
(387, 14, 14, '2021-05-18', 26, 52),
(388, 17, 18, '2021-05-19', 3, 52),
(389, 17, 18, '2021-05-19', 7, 52),
(390, 10, 9, '2021-05-20', 13, 52),
(391, 11, 10, '2021-05-21', 22, 52),
(392, 18, 20, '2021-05-21', 36, 52),
(393, 15, 16, '2021-05-24', 1, 53),
(394, 10, 10, '2021-05-24', 15, 53),
(395, 25, 24, '2021-05-25', 20, 53),
(396, 7, 7, '2021-05-26', 6, 53),
(397, 11, 11, '2021-05-27', 4, 53),
(398, 14, 14, '2021-05-28', 14, 53),
(399, 13, 13, '2021-05-28', 24, 53),
(400, 22, 24, '2021-05-31', 34, 54),
(401, 9, 9, '2021-06-01', 29, 54),
(402, 23, 23, '2021-06-02', 10, 54),
(403, 19, 19, '2021-06-02', 23, 54),
(404, 18, 20, '2021-06-03', 26, 54),
(405, 18, 17, '2021-06-04', 9, 54),
(406, 15, 15, '2021-06-07', 1, 55),
(407, 12, 13, '2021-06-08', 11, 55),
(408, 12, 12, '2021-06-09', 33, 55),
(409, 24, 25, '2021-06-10', 13, 55),
(410, 18, 19, '2021-06-11', 18, 55),
(411, 14, 13, '2021-06-11', 32, 55),
(412, 19, 20, '2021-06-14', 30, 56),
(413, 26, 25, '2021-06-15', 36, 56),
(414, 7, 7, '2021-06-16', 3, 56),
(415, 26, 28, '2021-06-17', 4, 56),
(416, 21, 21, '2021-06-18', 19, 56),
(417, 21, 20, '2021-06-18', 25, 56),
(418, 15, 15, '2021-06-21', 20, 57),
(419, 25, 23, '2021-06-21', 23, 57),
(420, 11, 11, '2021-06-22', 6, 57),
(421, 22, 24, '2021-06-22', 5, 57),
(422, 22, 22, '2021-06-23', 12, 57),
(423, 28, 29, '2021-06-24', 34, 57),
(424, 11, 10, '2021-06-25', 25, 57),
(425, 23, 24, '2021-06-28', 32, 58),
(426, 28, 29, '2021-06-29', 9, 58),
(427, 13, 13, '2021-06-30', 27, 58),
(428, 12, 13, '2021-07-01', 30, 58),
(429, 18, 19, '2021-07-01', 26, 58),
(430, 14, 14, '2021-07-02', 35, 58),
(431, 14, 13, '2021-07-02', 14, 58),
(432, 21, 23, '2021-09-01', 12, 59),
(433, 21, 19, '2021-09-01', 3, 59),
(434, 18, 16, '2021-09-02', 8, 59),
(435, 10, 10, '2021-09-03', 9, 59),
(436, 11, 10, '2021-09-03', 25, 59),
(437, 12, 12, '2021-09-06', 30, 60),
(438, 22, 23, '2021-09-07', 2, 60),
(439, 20, 18, '2021-09-08', 12, 60),
(440, 9, 9, '2021-09-09', 23, 60),
(441, 20, 19, '2021-09-10', 24, 60),
(442, 15, 15, '2021-09-10', 9, 60),
(443, 10, 9, '2021-09-13', 36, 61),
(444, 24, 24, '2021-09-13', 5, 61),
(445, 9, 9, '2021-09-14', 16, 61),
(446, 19, 18, '2021-09-15', 22, 61),
(447, 7, 7, '2021-09-15', 2, 61),
(448, 25, 25, '2021-09-16', 18, 61),
(449, 26, 26, '2021-09-16', 12, 61),
(450, 15, 15, '2021-09-17', 15, 61),
(451, 9, 10, '2021-09-20', 26, 62),
(452, 28, 28, '2021-09-21', 11, 62),
(453, 9, 9, '2021-09-22', 16, 62),
(454, 26, 25, '2021-09-23', 4, 62),
(455, 7, 7, '2021-09-24', 8, 62),
(456, 15, 16, '2021-09-27', 33, 63),
(457, 11, 12, '2021-09-28', 6, 63),
(458, 20, 21, '2021-09-29', 30, 63),
(459, 13, 13, '2021-09-30', 14, 63),
(460, 9, 9, '2021-10-01', 7, 63),
(461, 15, 16, '2021-10-04', 28, 64),
(462, 9, 8, '2021-10-05', 16, 64),
(463, 15, 14, '2021-10-05', 15, 64),
(464, 18, 19, '2021-10-06', 19, 64),
(465, 18, 18, '2021-10-06', 17, 64),
(466, 11, 11, '2021-10-07', 23, 64),
(467, 21, 19, '2021-10-07', 21, 64),
(468, 7, 7, '2021-10-08', 20, 64),
(469, 23, 25, '2021-10-11', 27, 65),
(470, 9, 9, '2021-10-11', 28, 65),
(471, 19, 20, '2021-10-12', 2, 65),
(472, 20, 21, '2021-10-13', 29, 65),
(473, 7, 7, '2021-10-13', 17, 65),
(474, 26, 25, '2021-10-14', 36, 65),
(475, 25, 24, '2021-10-14', 13, 65),
(476, 10, 11, '2021-10-15', 34, 65),
(477, 20, 19, '2021-10-18', 5, 66),
(478, 23, 23, '2021-10-18', 23, 66),
(479, 21, 20, '2021-10-19', 33, 66),
(480, 25, 24, '2021-10-19', 11, 66),
(481, 21, 22, '2021-10-20', 16, 66),
(482, 22, 23, '2021-10-20', 10, 66),
(483, 14, 14, '2021-10-21', 4, 66),
(484, 17, 17, '2021-10-22', 9, 66),
(485, 8, 8, '2021-10-22', 36, 66),
(486, 8, 8, '2021-11-08', 20, 67),
(487, 25, 24, '2021-11-09', 6, 67),
(488, 11, 10, '2021-11-10', 1, 67),
(489, 18, 20, '2021-11-10', 3, 67),
(490, 11, 11, '2021-11-11', 12, 67),
(491, 22, 24, '2021-11-11', 24, 67),
(492, 20, 18, '2021-11-12', 30, 67),
(493, 20, 21, '2021-11-12', 14, 67),
(494, 17, 16, '2021-11-15', 25, 68),
(495, 8, 8, '2021-11-15', 36, 68),
(496, 21, 21, '2021-11-16', 35, 68),
(497, 17, 17, '2021-11-17', 32, 68),
(498, 11, 11, '2021-11-18', 10, 68),
(499, 9, 9, '2021-11-19', 15, 68),
(500, 19, 19, '2021-11-19', 4, 68),
(501, 24, 25, '2021-11-22', 20, 69),
(502, 13, 13, '2021-11-23', 21, 69),
(503, 18, 17, '2021-11-23', 2, 69),
(504, 20, 22, '2021-11-24', 7, 69),
(505, 14, 15, '2021-11-24', 33, 69),
(506, 26, 28, '2021-11-25', 36, 69),
(507, 11, 10, '2021-11-25', 25, 69),
(508, 19, 20, '2021-11-26', 32, 69),
(509, 8, 9, '2021-11-26', 19, 69),
(510, 16, 16, '2021-11-29', 15, 70),
(511, 15, 15, '2021-11-30', 16, 70),
(512, 20, 22, '2021-12-01', 33, 70),
(513, 23, 21, '2021-12-01', 10, 70),
(514, 24, 23, '2021-12-02', 2, 70),
(515, 15, 14, '2021-12-03', 18, 70),
(516, 8, 8, '2021-12-06', 12, 71),
(517, 20, 21, '2021-12-06', 23, 71),
(518, 21, 19, '2021-12-07', 34, 71),
(519, 21, 20, '2021-12-07', 16, 71),
(520, 20, 20, '2021-12-08', 7, 71),
(521, 16, 16, '2021-12-08', 21, 71),
(522, 17, 17, '2021-12-09', 18, 71),
(523, 17, 16, '2021-12-09', 8, 71),
(524, 20, 19, '2021-12-10', 28, 71),
(525, 23, 25, '2021-12-13', 36, 72),
(526, 19, 18, '2021-12-13', 24, 72),
(527, 18, 17, '2021-12-14', 34, 72),
(528, 13, 13, '2021-12-14', 27, 72),
(529, 12, 13, '2021-12-15', 4, 72),
(530, 19, 21, '2021-12-15', 17, 72),
(531, 25, 26, '2021-12-16', 18, 72),
(532, 19, 21, '2021-12-16', 6, 72),
(533, 11, 11, '2021-12-17', 14, 72),
(534, 11, 10, '2022-01-03', 1, 73),
(535, 15, 15, '2022-01-03', 11, 73),
(536, 9, 10, '2022-01-04', 25, 73),
(537, 8, 7, '2022-01-05', 12, 73),
(538, 19, 20, '2022-01-06', 31, 73),
(539, 16, 15, '2022-01-07', 6, 73),
(540, 23, 23, '2022-01-10', 20, 74),
(541, 28, 27, '2022-01-11', 35, 74),
(542, 15, 14, '2022-01-12', 3, 74),
(543, 20, 19, '2022-01-13', 19, 74),
(544, 28, 27, '2022-01-13', 23, 74),
(545, 9, 9, '2022-01-14', 7, 74),
(546, 16, 16, '2022-01-17', 15, 75),
(547, 22, 22, '2022-01-17', 10, 75),
(548, 19, 19, '2022-01-18', 16, 75),
(549, 20, 21, '2022-01-19', 11, 75),
(550, 19, 19, '2022-01-19', 19, 75),
(551, 13, 13, '2022-01-20', 23, 75),
(552, 14, 15, '2022-01-21', 2, 75),
(553, 19, 19, '2022-01-21', 35, 75),
(554, 24, 23, '2022-01-24', 5, 76),
(555, 13, 13, '2022-01-25', 33, 76),
(556, 19, 19, '2022-01-25', 21, 76),
(557, 13, 13, '2022-01-26', 29, 76),
(558, 18, 17, '2022-01-27', 4, 76),
(559, 7, 7, '2022-01-28', 28, 76),
(560, 15, 15, '2022-01-31', 6, 77),
(561, 28, 30, '2022-02-01', 15, 77),
(562, 10, 11, '2022-02-01', 7, 77),
(563, 16, 15, '2022-02-02', 26, 77),
(564, 21, 20, '2022-02-03', 8, 77),
(565, 21, 19, '2022-02-03', 4, 77),
(566, 11, 11, '2022-02-04', 10, 77),
(567, 19, 17, '2022-02-07', 13, 78),
(568, 28, 29, '2022-02-08', 11, 78),
(569, 15, 16, '2022-02-08', 35, 78),
(570, 17, 17, '2022-02-09', 30, 78),
(571, 22, 21, '2022-02-09', 32, 78),
(572, 23, 25, '2022-02-10', 14, 78),
(573, 15, 15, '2022-02-10', 29, 78),
(574, 9, 8, '2022-02-11', 19, 78),
(575, 14, 14, '2022-02-28', 12, 79),
(576, 25, 27, '2022-03-01', 11, 79),
(577, 13, 12, '2022-03-02', 7, 79),
(578, 10, 9, '2022-03-03', 25, 79),
(579, 13, 12, '2022-03-04', 9, 79),
(580, 20, 20, '2022-03-04', 8, 79),
(581, 25, 24, '2022-03-07', 10, 80),
(582, 18, 19, '2022-03-07', 5, 80),
(583, 15, 16, '2022-03-08', 36, 80),
(584, 12, 12, '2022-03-09', 12, 80),
(585, 26, 25, '2022-03-10', 29, 80),
(586, 23, 23, '2022-03-10', 18, 80),
(587, 21, 23, '2022-03-11', 14, 80),
(588, 20, 19, '2022-03-11', 33, 80),
(589, 15, 16, '2022-03-14', 16, 81),
(590, 18, 16, '2022-03-15', 6, 81),
(591, 18, 16, '2022-03-16', 12, 81),
(592, 19, 17, '2022-03-16', 28, 81),
(593, 10, 11, '2022-03-17', 17, 81),
(594, 25, 23, '2022-03-17', 24, 81),
(595, 9, 9, '2022-03-18', 30, 81),
(596, 17, 15, '2022-03-21', 20, 82),
(597, 28, 29, '2022-03-22', 1, 82),
(598, 13, 13, '2022-03-22', 21, 82),
(599, 22, 20, '2022-03-23', 33, 82),
(600, 21, 19, '2022-03-23', 23, 82),
(601, 13, 12, '2022-03-24', 4, 82),
(602, 22, 24, '2022-03-24', 13, 82),
(603, 17, 18, '2022-03-25', 19, 82),
(604, 16, 15, '2022-03-28', 5, 83),
(605, 25, 27, '2022-03-29', 24, 83),
(606, 9, 8, '2022-03-30', 16, 83),
(607, 12, 11, '2022-03-31', 11, 83),
(608, 17, 16, '2022-03-31', 10, 83),
(609, 7, 6, '2022-04-01', 26, 83),
(610, 13, 13, '2022-04-01', 7, 83),
(611, 20, 21, '2022-04-04', 20, 84),
(612, 11, 11, '2022-04-04', 15, 84),
(613, 11, 12, '2022-04-05', 22, 84),
(614, 14, 15, '2022-04-05', 34, 84),
(615, 18, 19, '2022-04-06', 3, 84),
(616, 21, 21, '2022-04-07', 8, 84),
(617, 12, 11, '2022-04-07', 35, 84),
(618, 17, 15, '2022-04-08', 9, 84),
(619, 18, 18, '2022-04-08', 27, 84),
(620, 15, 15, '2022-04-25', 15, 85),
(621, 10, 10, '2022-04-25', 17, 85),
(622, 19, 18, '2022-04-26', 10, 85),
(623, 14, 14, '2022-04-27', 6, 85),
(624, 9, 9, '2022-04-28', 24, 85),
(625, 20, 19, '2022-04-29', 36, 85),
(626, 10, 9, '2022-05-02', 23, 86),
(627, 25, 25, '2022-05-03', 11, 86),
(628, 19, 20, '2022-05-04', 12, 86),
(629, 17, 16, '2022-05-05', 2, 86),
(630, 14, 14, '2022-05-05', 13, 86),
(631, 8, 8, '2022-05-06', 35, 86),
(632, 11, 12, '2022-05-06', 9, 86),
(633, 21, 19, '2022-05-09', 34, 87),
(634, 8, 8, '2022-05-09', 28, 87),
(635, 14, 14, '2022-05-10', 15, 87),
(636, 20, 20, '2022-05-10', 2, 87),
(637, 20, 21, '2022-05-11', 26, 87),
(638, 11, 11, '2022-05-12', 18, 87),
(639, 15, 14, '2022-05-13', 32, 87),
(640, 14, 15, '2022-05-13', 25, 87),
(641, 14, 14, '2022-05-16', 5, 88),
(642, 19, 19, '2022-05-17', 6, 88),
(643, 17, 15, '2022-05-18', 12, 88),
(644, 18, 18, '2022-05-19', 22, 88),
(645, 18, 17, '2022-05-19', 8, 88),
(646, 11, 11, '2022-05-20', 17, 88),
(647, 11, 10, '2022-05-23', 2, 89),
(648, 25, 23, '2022-05-24', 21, 89),
(649, 22, 23, '2022-05-24', 18, 89),
(650, 14, 15, '2022-05-25', 3, 89),
(651, 11, 11, '2022-05-25', 5, 89),
(652, 23, 24, '2022-05-26', 32, 89),
(653, 11, 10, '2022-05-26', 8, 89),
(654, 17, 17, '2022-05-27', 15, 89),
(655, 22, 22, '2022-05-30', 1, 90),
(656, 26, 24, '2022-05-31', 2, 90),
(657, 8, 9, '2022-06-01', 36, 90),
(658, 19, 17, '2022-06-01', 6, 90),
(659, 13, 13, '2022-06-02', 26, 90),
(660, 20, 20, '2022-06-03', 29, 90),
(661, 20, 21, '2022-06-06', 33, 91),
(662, 14, 15, '2022-06-06', 21, 91),
(663, 15, 14, '2022-06-07', 2, 91),
(664, 11, 11, '2022-06-07', 7, 91),
(665, 8, 8, '2022-06-08', 15, 91),
(666, 9, 9, '2022-06-09', 34, 91),
(667, 14, 15, '2022-06-10', 14, 91),
(668, 20, 19, '2022-06-10', 5, 91),
(669, 17, 18, '2022-06-13', 19, 92),
(670, 9, 9, '2022-06-13', 28, 92),
(671, 10, 10, '2022-06-14', 16, 92),
(672, 19, 20, '2022-06-15', 26, 92),
(673, 18, 16, '2022-06-15', 11, 92),
(674, 18, 19, '2022-06-16', 18, 92),
(675, 12, 13, '2022-06-16', 22, 92),
(676, 20, 20, '2022-06-17', 13, 92),
(677, 16, 15, '2022-06-17', 19, 92),
(678, 21, 19, '2022-06-20', 28, 93),
(679, 17, 17, '2022-06-20', 29, 93),
(680, 21, 19, '2022-06-21', 27, 93),
(681, 11, 10, '2022-06-21', 21, 93),
(682, 11, 12, '2022-06-22', 3, 93),
(683, 14, 13, '2022-06-23', 8, 93),
(684, 9, 9, '2022-06-24', 19, 93),
(685, 13, 14, '2022-06-27', 20, 94),
(686, 14, 15, '2022-06-28', 25, 94),
(687, 9, 10, '2022-06-29', 22, 94),
(688, 12, 11, '2022-06-30', 17, 94),
(689, 18, 18, '2022-07-01', 1, 94),
(690, 11, 11, '2022-09-01', 28, 95),
(691, 21, 19, '2022-09-01', 10, 95),
(692, 21, 20, '2022-09-02', 7, 95),
(693, 13, 14, '2022-09-02', 31, 95),
(694, 21, 21, '2022-09-05', 26, 96),
(695, 18, 17, '2022-09-05', 27, 96),
(696, 10, 10, '2022-09-06', 36, 96),
(697, 14, 13, '2022-09-06', 32, 96),
(698, 8, 8, '2022-09-07', 20, 96),
(699, 14, 13, '2022-09-07', 1, 96),
(700, 23, 25, '2022-09-08', 16, 96),
(701, 9, 8, '2022-09-09', 19, 96),
(702, 23, 23, '2022-09-12', 28, 97),
(703, 22, 20, '2022-09-13', 2, 97),
(704, 12, 13, '2022-09-13', 24, 97),
(705, 11, 10, '2022-09-14', 12, 97),
(706, 18, 19, '2022-09-14', 3, 97),
(707, 15, 15, '2022-09-15', 4, 97),
(708, 13, 13, '2022-09-16', 31, 97),
(709, 13, 13, '2022-09-16', 7, 97),
(710, 21, 23, '2022-09-19', 35, 98),
(711, 11, 11, '2022-09-20', 11, 98),
(712, 19, 19, '2022-09-20', 24, 98),
(713, 8, 7, '2022-09-21', 33, 98),
(714, 23, 23, '2022-09-21', 3, 98),
(715, 12, 12, '2022-09-22', 19, 98),
(716, 20, 22, '2022-09-23', 14, 98),
(717, 16, 15, '2022-09-26', 7, 99),
(718, 9, 8, '2022-09-26', 21, 99),
(719, 17, 16, '2022-09-27', 28, 99),
(720, 22, 21, '2022-09-27', 34, 99),
(721, 20, 21, '2022-09-28', 30, 99),
(722, 11, 11, '2022-09-28', 22, 99),
(723, 17, 16, '2022-09-29', 11, 99),
(724, 9, 9, '2022-09-30', 16, 99),
(725, 18, 16, '2022-10-03', 1, 100),
(726, 17, 18, '2022-10-03', 5, 100),
(727, 24, 22, '2022-10-04', 21, 100),
(728, 28, 29, '2022-10-04', 2, 100),
(729, 16, 17, '2022-10-05', 3, 100),
(730, 11, 11, '2022-10-06', 15, 100),
(731, 12, 11, '2022-10-07', 30, 100),
(732, 17, 17, '2022-10-07', 12, 100),
(733, 9, 9, '2022-10-10', 4, 101),
(734, 24, 25, '2022-10-10', 25, 101),
(735, 23, 23, '2022-10-11', 31, 101),
(736, 23, 22, '2022-10-12', 18, 101),
(737, 19, 20, '2022-10-12', 33, 101),
(738, 24, 24, '2022-10-13', 23, 101),
(739, 13, 14, '2022-10-14', 20, 101),
(740, 14, 15, '2022-10-14', 17, 101),
(741, 22, 22, '2022-10-17', 1, 102),
(742, 21, 21, '2022-10-18', 10, 102),
(743, 28, 28, '2022-10-18', 29, 102),
(744, 7, 7, '2022-10-19', 11, 102),
(745, 17, 17, '2022-10-19', 32, 102),
(746, 28, 28, '2022-10-20', 9, 102),
(747, 16, 17, '2022-10-21', 16, 102),
(748, 22, 21, '2022-11-07', 5, 103),
(749, 25, 23, '2022-11-08', 6, 103),
(750, 9, 9, '2022-11-08', 13, 103),
(751, 16, 17, '2022-11-09', 3, 103),
(752, 15, 15, '2022-11-09', 30, 103),
(753, 25, 23, '2022-11-10', 8, 103),
(754, 9, 9, '2022-11-11', 9, 103),
(755, 11, 12, '2022-11-14', 32, 104),
(756, 10, 9, '2022-11-15', 16, 104),
(757, 25, 23, '2022-11-15', 24, 104),
(758, 20, 20, '2022-11-16', 22, 104),
(759, 17, 18, '2022-11-16', 36, 104),
(760, 21, 21, '2022-11-17', 23, 104),
(761, 17, 19, '2022-11-18', 1, 104),
(762, 14, 14, '2022-11-18', 15, 104),
(763, 15, 15, '2022-11-21', 14, 105),
(764, 25, 27, '2022-11-21', 6, 105),
(765, 23, 23, '2022-11-22', 11, 105),
(766, 18, 17, '2022-11-23', 18, 105),
(767, 17, 19, '2022-11-23', 16, 105),
(768, 19, 18, '2022-11-24', 10, 105),
(769, 9, 9, '2022-11-24', 28, 105),
(770, 19, 19, '2022-11-25', 12, 105),
(771, 14, 15, '2022-11-25', 33, 105),
(772, 16, 17, '2022-11-28', 36, 106),
(773, 16, 17, '2022-11-28', 5, 106),
(774, 12, 11, '2022-11-29', 21, 106),
(775, 10, 11, '2022-11-29', 6, 106),
(776, 11, 11, '2022-11-30', 7, 106),
(777, 19, 20, '2022-12-01', 18, 106),
(778, 18, 16, '2022-12-01', 31, 106),
(779, 20, 21, '2022-12-02', 9, 106),
(780, 21, 21, '2022-12-05', 11, 107),
(781, 12, 12, '2022-12-05', 5, 107),
(782, 10, 9, '2022-12-06', 10, 107),
(783, 28, 26, '2022-12-06', 6, 107),
(784, 16, 16, '2022-12-07', 4, 107),
(785, 14, 15, '2022-12-07', 19, 107),
(786, 14, 13, '2022-12-08', 23, 107),
(787, 12, 11, '2022-12-08', 31, 107),
(788, 20, 21, '2022-12-09', 24, 107),
(789, 19, 18, '2022-12-12', 17, 108),
(790, 21, 21, '2022-12-13', 9, 108),
(791, 25, 25, '2022-12-13', 18, 108),
(792, 16, 17, '2022-12-14', 26, 108),
(793, 19, 19, '2022-12-15', 4, 108),
(794, 18, 17, '2022-12-15', 6, 108),
(795, 17, 17, '2022-12-16', 12, 108),
(796, 24, 22, '2023-01-03', 13, 109),
(797, 17, 17, '2023-01-04', 22, 109),
(798, 18, 17, '2023-01-04', 7, 109),
(799, 23, 24, '2023-01-05', 23, 109),
(800, 13, 14, '2023-01-06', 27, 109),
(801, 15, 14, '2023-01-09', 1, 110),
(802, 18, 19, '2023-01-09', 31, 110),
(803, 24, 25, '2023-01-10', 36, 110),
(804, 23, 23, '2023-01-11', 12, 110),
(805, 12, 11, '2023-01-11', 19, 110),
(806, 22, 22, '2023-01-12', 33, 110),
(807, 10, 11, '2023-01-12', 7, 110),
(808, 9, 9, '2023-01-13', 28, 110),
(809, 9, 9, '2023-01-13', 16, 110),
(810, 9, 9, '2023-01-16', 30, 111),
(811, 20, 21, '2023-01-16', 36, 111),
(812, 12, 11, '2023-01-17', 26, 111),
(813, 21, 20, '2023-01-18', 5, 111),
(814, 28, 30, '2023-01-19', 23, 111),
(815, 9, 9, '2023-01-19', 32, 111),
(816, 15, 14, '2023-01-20', 7, 111),
(817, 10, 11, '2023-01-20', 11, 111),
(818, 20, 19, '2023-01-23', 22, 112),
(819, 22, 22, '2023-01-24', 34, 112),
(820, 23, 25, '2023-01-24', 21, 112),
(821, 10, 10, '2023-01-25', 16, 112),
(822, 14, 13, '2023-01-25', 29, 112),
(823, 10, 9, '2023-01-26', 24, 112),
(824, 28, 30, '2023-01-26', 23, 112),
(825, 19, 19, '2023-01-27', 3, 112),
(826, 14, 15, '2023-01-27', 26, 112),
(827, 23, 22, '2023-01-30', 20, 113),
(828, 26, 25, '2023-01-31', 25, 113),
(829, 21, 23, '2023-01-31', 31, 113),
(830, 21, 22, '2023-02-01', 28, 113),
(831, 23, 25, '2023-02-01', 4, 113),
(832, 26, 28, '2023-02-02', 7, 113),
(833, 21, 21, '2023-02-02', 8, 113),
(834, 12, 13, '2023-02-03', 33, 113),
(835, 19, 20, '2023-02-06', 5, 114),
(836, 9, 8, '2023-02-07', 24, 114),
(837, 23, 25, '2023-02-07', 6, 114),
(838, 15, 16, '2023-02-08', 27, 114),
(839, 10, 11, '2023-02-08', 21, 114),
(840, 24, 22, '2023-02-09', 20, 114),
(841, 19, 19, '2023-02-10', 9, 114),
(842, 12, 12, '2023-02-13', 4, 115),
(843, 19, 19, '2023-02-14', 32, 115),
(844, 23, 23, '2023-02-15', 7, 115),
(845, 15, 14, '2023-02-15', 12, 115),
(846, 12, 11, '2023-02-16', 8, 115),
(847, 7, 8, '2023-02-17', 36, 115),
(848, 8, 8, '2023-03-06', 1, 116),
(849, 19, 20, '2023-03-06', 20, 116),
(850, 17, 16, '2023-03-07', 13, 116),
(851, 22, 24, '2023-03-07', 11, 116),
(852, 9, 9, '2023-03-08', 14, 116),
(853, 22, 24, '2023-03-09', 4, 116),
(854, 19, 19, '2023-03-09', 23, 116),
(855, 13, 13, '2023-03-10', 21, 116),
(856, 14, 13, '2023-03-10', 24, 116),
(857, 12, 12, '2023-03-13', 5, 117),
(858, 28, 30, '2023-03-14', 16, 117),
(859, 8, 7, '2023-03-15', 7, 117),
(860, 19, 21, '2023-03-16', 30, 117),
(861, 25, 23, '2023-03-16', 18, 117),
(862, 7, 8, '2023-03-17', 9, 117),
(863, 14, 13, '2023-03-17', 23, 117),
(864, 20, 21, '2023-03-20', 5, 118),
(865, 22, 20, '2023-03-20', 2, 118),
(866, 25, 26, '2023-03-21', 21, 118),
(867, 11, 12, '2023-03-22', 16, 118),
(868, 11, 10, '2023-03-23', 8, 118),
(869, 14, 15, '2023-03-24', 29, 118),
(870, 10, 10, '2023-03-24', 14, 118),
(871, 11, 12, '2023-03-27', 26, 119),
(872, 23, 25, '2023-03-27', 13, 119),
(873, 23, 22, '2023-03-28', 3, 119),
(874, 19, 18, '2023-03-29', 7, 119),
(875, 10, 9, '2023-03-29', 12, 119),
(876, 17, 18, '2023-03-30', 27, 119),
(877, 14, 14, '2023-03-30', 25, 119),
(878, 7, 7, '2023-03-31', 6, 119),
(879, 20, 21, '2023-03-31', 32, 119),
(880, 11, 12, '2023-04-03', 36, 120),
(881, 14, 15, '2023-04-03', 1, 120),
(882, 21, 23, '2023-04-04', 18, 120),
(883, 13, 12, '2023-04-05', 12, 120),
(884, 10, 10, '2023-04-05', 5, 120),
(885, 23, 21, '2023-04-06', 15, 120),
(886, 21, 21, '2023-04-06', 34, 120),
(887, 15, 14, '2023-04-07', 22, 120),
(888, 12, 13, '2023-04-10', 7, 121),
(889, 8, 7, '2023-04-10', 1, 121),
(890, 18, 18, '2023-04-11', 35, 121),
(891, 9, 8, '2023-04-11', 6, 121),
(892, 11, 11, '2023-04-12', 32, 121),
(893, 21, 22, '2023-04-12', 17, 121),
(894, 11, 12, '2023-04-13', 13, 121),
(895, 21, 20, '2023-04-14', 19, 121),
(896, 18, 17, '2023-04-17', 34, 122),
(897, 19, 19, '2023-04-18', 16, 122),
(898, 20, 19, '2023-04-19', 7, 122),
(899, 19, 20, '2023-04-20', 23, 122),
(900, 9, 9, '2023-04-21', 22, 122),
(901, 11, 10, '2023-04-21', 29, 122),
(902, 19, 18, '2023-05-08', 1, 123),
(903, 18, 17, '2023-05-09', 9, 123),
(904, 23, 24, '2023-05-09', 13, 123),
(905, 8, 8, '2023-05-10', 12, 123),
(906, 12, 13, '2023-05-10', 3, 123),
(907, 24, 22, '2023-05-11', 6, 123),
(908, 12, 12, '2023-05-12', 32, 123),
(909, 7, 7, '2023-05-12', 16, 123),
(910, 22, 21, '2023-05-15', 35, 124),
(911, 23, 21, '2023-05-16', 20, 124),
(912, 20, 19, '2023-05-16', 11, 124),
(913, 17, 16, '2023-05-17', 1, 124),
(914, 23, 24, '2023-05-17', 27, 124),
(915, 13, 14, '2023-05-18', 36, 124),
(916, 18, 18, '2023-05-19', 9, 124),
(917, 20, 21, '2023-05-19', 17, 124),
(918, 19, 19, '2023-05-22', 12, 125),
(919, 16, 15, '2023-05-22', 22, 125),
(920, 25, 23, '2023-05-23', 10, 125),
(921, 19, 18, '2023-05-23', 16, 125),
(922, 22, 20, '2023-05-24', 25, 125),
(923, 11, 12, '2023-05-25', 18, 125),
(924, 12, 12, '2023-05-26', 14, 125),
(925, 11, 11, '2023-05-26', 9, 125),
(926, 12, 12, '2023-05-29', 19, 126),
(927, 18, 17, '2023-05-29', 5, 126),
(928, 9, 9, '2023-05-30', 11, 126),
(929, 9, 9, '2023-05-31', 17, 126),
(930, 17, 18, '2023-05-31', 22, 126),
(931, 15, 14, '2023-06-01', 25, 126),
(932, 20, 22, '2023-06-02', 23, 126),
(933, 16, 17, '2023-06-05', 29, 127),
(934, 13, 14, '2023-06-05', 1, 127),
(935, 20, 18, '2023-06-06', 2, 127),
(936, 13, 13, '2023-06-07', 3, 127),
(937, 15, 16, '2023-06-07', 10, 127),
(938, 23, 22, '2023-06-08', 21, 127),
(939, 13, 12, '2023-06-09', 26, 127),
(940, 8, 8, '2023-06-12', 33, 128),
(941, 14, 13, '2023-06-12', 20, 128),
(942, 26, 27, '2023-06-13', 27, 128),
(943, 17, 18, '2023-06-13', 5, 128),
(944, 21, 23, '2023-06-14', 22, 128),
(945, 14, 15, '2023-06-14', 3, 128),
(946, 13, 14, '2023-06-15', 8, 128),
(947, 28, 29, '2023-06-15', 33, 128),
(948, 14, 13, '2023-06-16', 17, 128),
(949, 17, 17, '2023-06-19', 13, 129),
(950, 11, 12, '2023-06-19', 21, 129),
(951, 12, 13, '2023-06-20', 11, 129),
(952, 10, 11, '2023-06-21', 1, 129),
(953, 9, 9, '2023-06-21', 12, 129),
(954, 10, 11, '2023-06-22', 14, 129),
(955, 12, 12, '2023-06-22', 30, 129),
(956, 19, 17, '2023-06-23', 24, 129),
(957, 15, 16, '2023-06-26', 8, 130),
(958, 11, 10, '2023-06-26', 32, 130),
(959, 24, 25, '2023-06-27', 21, 130),
(960, 23, 21, '2023-06-28', 3, 130),
(961, 22, 21, '2023-06-28', 26, 130),
(962, 10, 10, '2023-06-29', 4, 130),
(963, 28, 28, '2023-06-29', 24, 130),
(964, 12, 11, '2023-06-30', 22, 130),
(965, 15, 16, '2023-06-30', 31, 130),
(966, 21, 21, '2023-07-03', 20, 131),
(967, 24, 23, '2023-07-03', 15, 131),
(968, 10, 11, '2023-07-04', 18, 131),
(969, 9, 9, '2023-07-04', 30, 131),
(970, 20, 19, '2023-07-05', 12, 131),
(971, 18, 16, '2023-07-05', 22, 131),
(972, 17, 17, '2023-07-06', 36, 131),
(973, 16, 17, '2023-07-07', 4, 131),
(974, 14, 13, '2023-07-07', 29, 131),
(975, 21, 19, '2023-09-04', 19, 132),
(976, 9, 9, '2023-09-04', 5, 132),
(977, 19, 18, '2023-09-05', 33, 132),
(978, 11, 11, '2023-09-06', 7, 132),
(979, 17, 18, '2023-09-06', 32, 132),
(980, 19, 19, '2023-09-07', 20, 132),
(981, 24, 25, '2023-09-07', 15, 132),
(982, 9, 10, '2023-09-08', 19, 132),
(983, 14, 14, '2023-09-08', 10, 132),
(984, 15, 16, '2023-09-11', 17, 133),
(985, 28, 30, '2023-09-12', 3, 133),
(986, 18, 16, '2023-09-12', 26, 133),
(987, 10, 11, '2023-09-13', 4, 133),
(988, 25, 27, '2023-09-14', 34, 133),
(989, 16, 16, '2023-09-15', 14, 133),
(990, 7, 7, '2023-09-15', 24, 133),
(991, 13, 12, '2023-09-18', 8, 134),
(992, 9, 8, '2023-09-18', 5, 134),
(993, 21, 23, '2023-09-19', 18, 134),
(994, 25, 26, '2023-09-19', 36, 134),
(995, 10, 10, '2023-09-20', 22, 134),
(996, 21, 19, '2023-09-20', 30, 134),
(997, 11, 10, '2023-09-21', 12, 134),
(998, 9, 9, '2023-09-21', 13, 134),
(999, 14, 14, '2023-09-22', 23, 134),
(1000, 18, 17, '2023-09-22', 29, 134),
(1001, 15, 15, '2023-09-25', 10, 135),
(1002, 17, 18, '2023-09-25', 8, 135),
(1003, 11, 12, '2023-09-26', 20, 135),
(1004, 19, 20, '2023-09-26', 11, 135),
(1005, 15, 14, '2023-09-27', 24, 135),
(1006, 18, 18, '2023-09-28', 23, 135),
(1007, 9, 8, '2023-09-29', 29, 135),
(1008, 9, 9, '2023-10-02', 9, 136),
(1009, 9, 8, '2023-10-03', 3, 136),
(1010, 13, 13, '2023-10-04', 22, 136),
(1011, 15, 14, '2023-10-05', 34, 136),
(1012, 26, 26, '2023-10-05', 12, 136),
(1013, 14, 13, '2023-10-06', 19, 136),
(1014, 9, 9, '2023-10-09', 15, 137),
(1015, 24, 25, '2023-10-09', 20, 137),
(1016, 23, 23, '2023-10-10', 11, 137),
(1017, 9, 9, '2023-10-10', 31, 137),
(1018, 15, 14, '2023-10-11', 7, 137),
(1019, 20, 19, '2023-10-11', 17, 137),
(1020, 13, 13, '2023-10-12', 32, 137),
(1021, 17, 18, '2023-10-13', 33, 137),
(1022, 14, 14, '2023-10-13', 27, 137),
(1023, 17, 15, '2023-10-16', 23, 138),
(1024, 18, 17, '2023-10-16', 10, 138),
(1025, 19, 17, '2023-10-17', 24, 138),
(1026, 11, 12, '2023-10-17', 11, 138),
(1027, 12, 13, '2023-10-18', 18, 138),
(1028, 19, 19, '2023-10-18', 4, 138),
(1029, 13, 12, '2023-10-19', 36, 138),
(1030, 11, 10, '2023-10-19', 35, 138),
(1031, 9, 10, '2023-10-20', 8, 138),
(1032, 23, 24, '2023-11-06', 17, 139),
(1033, 9, 9, '2023-11-07', 21, 139),
(1034, 14, 15, '2023-11-08', 20, 139),
(1035, 7, 8, '2023-11-08', 23, 139),
(1036, 22, 22, '2023-11-09', 15, 139),
(1037, 16, 16, '2023-11-10', 27, 139),
(1038, 20, 21, '2023-11-13', 32, 140),
(1039, 13, 14, '2023-11-13', 2, 140),
(1040, 22, 21, '2023-11-14', 16, 140),
(1041, 11, 11, '2023-11-15', 33, 140),
(1042, 7, 8, '2023-11-15', 12, 140),
(1043, 25, 27, '2023-11-16', 36, 140),
(1044, 20, 20, '2023-11-16', 30, 140),
(1045, 19, 20, '2023-11-17', 9, 140),
(1046, 20, 22, '2023-11-17', 32, 140),
(1047, 8, 8, '2023-11-20', 2, 141),
(1048, 9, 9, '2023-11-20', 34, 141),
(1049, 10, 9, '2023-11-21', 20, 141),
(1050, 28, 28, '2023-11-21', 3, 141),
(1051, 8, 8, '2023-11-22', 7, 141),
(1052, 15, 15, '2023-11-23', 13, 141),
(1053, 26, 26, '2023-11-23', 10, 141),
(1054, 11, 11, '2023-11-24', 31, 141),
(1055, 21, 19, '2023-11-24', 29, 141),
(1056, 13, 14, '2023-11-27', 33, 142),
(1057, 19, 19, '2023-11-28', 16, 142),
(1058, 9, 8, '2023-11-29', 3, 142),
(1059, 14, 13, '2023-11-30', 4, 142),
(1060, 11, 10, '2023-12-01', 28, 142),
(1061, 18, 17, '2023-12-04', 10, 143),
(1062, 19, 18, '2023-12-05', 5, 143),
(1063, 20, 20, '2023-12-06', 35, 143),
(1064, 14, 13, '2023-12-06', 32, 143),
(1065, 11, 10, '2023-12-07', 36, 143),
(1066, 18, 17, '2023-12-07', 23, 143),
(1067, 7, 7, '2023-12-08', 27, 143),
(1068, 17, 16, '2023-12-08', 29, 143),
(1069, 15, 16, '2023-12-11', 5, 144),
(1070, 23, 22, '2023-12-11', 20, 144),
(1071, 19, 20, '2023-12-12', 11, 144),
(1072, 10, 10, '2023-12-12', 15, 144),
(1073, 22, 24, '2023-12-13', 24, 144),
(1074, 14, 14, '2023-12-13', 4, 144),
(1075, 9, 9, '2023-12-14', 23, 144),
(1076, 11, 11, '2023-12-14', 28, 144),
(1077, 12, 13, '2023-12-15', 9, 144),
(1078, 12, 13, '2023-12-15', 36, 144),
(1079, 18, 17, '2023-12-18', 14, 145),
(1080, 18, 17, '2023-12-18', 26, 145),
(1081, 13, 14, '2023-12-19', 7, 145),
(1082, 19, 17, '2023-12-20', 16, 145),
(1083, 25, 23, '2023-12-21', 23, 145),
(1084, 11, 11, '2023-12-21', 30, 145),
(1085, 9, 9, '2023-12-22', 4, 145),
(1086, 7, 7, '2023-12-22', 19, 145),
(1087, 22, 21, '2024-01-08', 13, 146),
(1088, 20, 19, '2024-01-09', 11, 146),
(1089, 9, 8, '2024-01-09', 6, 146),
(1090, 19, 20, '2024-01-10', 17, 146),
(1091, 9, 9, '2024-01-11', 28, 146),
(1092, 14, 15, '2024-01-12', 25, 146),
(1093, 12, 12, '2024-01-12', 9, 146),
(1094, 9, 8, '2024-01-15', 34, 147),
(1095, 9, 9, '2024-01-15', 19, 147),
(1096, 28, 29, '2024-01-16', 35, 147),
(1097, 10, 10, '2024-01-16', 16, 147),
(1098, 21, 22, '2024-01-17', 7, 147),
(1099, 26, 24, '2024-01-18', 4, 147),
(1100, 11, 10, '2024-01-18', 8, 147),
(1101, 7, 6, '2024-01-19', 29, 147),
(1102, 14, 14, '2024-01-22', 15, 148),
(1103, 21, 19, '2024-01-22', 10, 148),
(1104, 9, 9, '2024-01-23', 23, 148),
(1105, 22, 23, '2024-01-24', 28, 148),
(1106, 17, 18, '2024-01-24', 3, 148),
(1107, 26, 24, '2024-01-25', 18, 148),
(1108, 7, 7, '2024-01-26', 22, 148),
(1109, 20, 18, '2024-01-26', 27, 148),
(1110, 13, 14, '2024-01-29', 1, 149),
(1111, 12, 13, '2024-01-30', 8, 149),
(1112, 14, 13, '2024-01-31', 10, 149),
(1113, 22, 22, '2024-01-31', 19, 149),
(1114, 9, 9, '2024-02-01', 35, 149),
(1115, 7, 7, '2024-02-02', 9, 149),
(1116, 20, 20, '2024-02-02', 36, 149),
(1117, 11, 11, '2024-02-05', 13, 150),
(1118, 22, 21, '2024-02-05', 12, 150),
(1119, 19, 20, '2024-02-06', 11, 150),
(1120, 21, 20, '2024-02-06', 15, 150),
(1121, 9, 9, '2024-02-07', 4, 150),
(1122, 14, 15, '2024-02-07', 20, 150),
(1123, 26, 28, '2024-02-08', 25, 150),
(1124, 20, 18, '2024-02-08', 35, 150),
(1125, 10, 10, '2024-02-09', 30, 150),
(1126, 9, 8, '2024-02-09', 5, 150),
(1127, 17, 18, '2024-02-12', 32, 151),
(1128, 24, 22, '2024-02-13', 16, 151),
(1129, 13, 12, '2024-02-13', 36, 151),
(1130, 15, 14, '2024-02-14', 17, 151),
(1131, 21, 21, '2024-02-15', 8, 151),
(1132, 14, 15, '2024-02-16', 11, 151),
(1133, 14, 14, '2024-02-16', 22, 151),
(1134, 25, 25, '2024-03-04', 25, 152),
(1135, 11, 10, '2024-03-05', 32, 152),
(1136, 13, 14, '2024-03-06', 36, 152),
(1137, 20, 19, '2024-03-07', 33, 152),
(1138, 23, 23, '2024-03-07', 31, 152),
(1139, 9, 10, '2024-03-08', 3, 152),
(1140, 11, 11, '2024-03-11', 20, 153),
(1141, 20, 22, '2024-03-11', 23, 153),
(1142, 10, 11, '2024-03-12', 30, 153),
(1143, 9, 9, '2024-03-13', 17, 153),
(1144, 9, 10, '2024-03-13', 7, 153),
(1145, 26, 26, '2024-03-14', 13, 153),
(1146, 17, 17, '2024-03-15', 33, 153),
(1147, 12, 13, '2024-03-15', 5, 153),
(1148, 13, 14, '2024-03-18', 32, 154),
(1149, 25, 24, '2024-03-18', 21, 154),
(1150, 9, 9, '2024-03-19', 28, 154),
(1151, 11, 11, '2024-03-20', 3, 154),
(1152, 12, 11, '2024-03-21', 13, 154),
(1153, 10, 10, '2024-03-22', 24, 154),
(1154, 16, 15, '2024-03-25', 31, 155),
(1155, 21, 21, '2024-03-26', 11, 155),
(1156, 14, 13, '2024-03-27', 10, 155),
(1157, 18, 19, '2024-03-27', 17, 155),
(1158, 17, 17, '2024-03-28', 22, 155),
(1159, 16, 15, '2024-03-29', 13, 155),
(1160, 10, 10, '2024-03-29', 27, 155),
(1161, 17, 18, '2024-04-01', 30, 156),
(1162, 9, 9, '2024-04-01', 29, 156),
(1163, 23, 23, '2024-04-02', 25, 156),
(1164, 15, 16, '2024-04-03', 12, 156),
(1165, 15, 14, '2024-04-04', 18, 156),
(1166, 18, 18, '2024-04-04', 26, 156),
(1167, 11, 11, '2024-04-05', 33, 156),
(1168, 17, 17, '2024-04-05', 17, 156),
(1169, 18, 18, '2024-04-08', 1, 157),
(1170, 10, 11, '2024-04-08', 15, 157),
(1171, 22, 22, '2024-04-09', 30, 157),
(1172, 15, 15, '2024-04-09', 23, 157),
(1173, 8, 9, '2024-04-10', 4, 157),
(1174, 12, 13, '2024-04-11', 13, 157),
(1175, 19, 18, '2024-04-11', 18, 157),
(1176, 8, 7, '2024-04-12', 33, 157),
(1177, 16, 17, '2024-04-15', 20, 158),
(1178, 25, 24, '2024-04-15', 3, 158),
(1179, 20, 19, '2024-04-16', 16, 158),
(1180, 17, 18, '2024-04-17', 24, 158),
(1181, 14, 15, '2024-04-18', 13, 158),
(1182, 14, 13, '2024-04-18', 4, 158),
(1183, 9, 10, '2024-04-19', 11, 158),
(1184, 15, 14, '2024-04-19', 9, 158),
(1185, 21, 21, '2024-05-06', 1, 159),
(1186, 23, 21, '2024-05-07', 7, 159),
(1187, 25, 23, '2024-05-07', 10, 159),
(1188, 16, 15, '2024-05-08', 35, 159),
(1189, 18, 18, '2024-05-09', 31, 159),
(1190, 22, 22, '2024-05-09', 30, 159),
(1191, 11, 11, '2024-05-10', 14, 159),
(1192, 20, 20, '2024-05-10', 32, 159),
(1193, 11, 10, '2024-05-13', 12, 160),
(1194, 10, 11, '2024-05-14', 16, 160),
(1195, 11, 11, '2024-05-15', 7, 160),
(1196, 24, 24, '2024-05-16', 35, 160),
(1197, 18, 17, '2024-05-17', 29, 160),
(1198, 14, 15, '2024-05-20', 20, 161),
(1199, 18, 17, '2024-05-20', 26, 161),
(1200, 19, 19, '2024-05-21', 6, 161),
(1201, 13, 13, '2024-05-21', 30, 161),
(1202, 20, 21, '2024-05-22', 1, 161),
(1203, 21, 19, '2024-05-23', 23, 161),
(1204, 25, 23, '2024-05-23', 21, 161),
(1205, 13, 13, '2024-05-24', 3, 161),
(1206, 19, 20, '2024-05-24', 16, 161),
(1207, 9, 10, '2024-05-27', 8, 162),
(1208, 15, 16, '2024-05-27', 29, 162),
(1209, 10, 10, '2024-05-28', 32, 162),
(1210, 22, 23, '2024-05-28', 23, 162),
(1211, 22, 20, '2024-05-29', 17, 162),
(1212, 20, 19, '2024-05-30', 18, 162),
(1213, 21, 22, '2024-05-31', 19, 162),
(1214, 11, 11, '2024-05-31', 26, 162),
(1215, 21, 19, '2024-06-03', 10, 163),
(1216, 18, 17, '2024-06-03', 15, 163),
(1217, 12, 11, '2024-06-04', 29, 163),
(1218, 26, 28, '2024-06-04', 33, 163),
(1219, 14, 14, '2024-06-05', 18, 163),
(1220, 20, 19, '2024-06-06', 9, 163),
(1221, 13, 13, '2024-06-07', 8, 163),
(1222, 8, 8, '2024-06-07', 28, 163),
(1223, 12, 12, '2024-06-10', 4, 164),
(1224, 10, 11, '2024-06-10', 15, 164),
(1225, 22, 20, '2024-06-11', 21, 164),
(1226, 13, 13, '2024-06-12', 2, 164),
(1227, 21, 20, '2024-06-13', 18, 164),
(1228, 21, 19, '2024-06-13', 25, 164),
(1229, 12, 11, '2024-06-14', 22, 164),
(1230, 8, 8, '2024-06-17', 5, 165),
(1231, 21, 21, '2024-06-18', 26, 165),
(1232, 23, 23, '2024-06-19', 20, 165),
(1233, 22, 23, '2024-06-20', 4, 165),
(1234, 18, 20, '2024-06-20', 34, 165),
(1235, 7, 7, '2024-06-21', 24, 165),
(1236, 14, 14, '2024-06-21', 25, 165),
(1237, 15, 14, '2024-06-24', 1, 166),
(1238, 23, 24, '2024-06-24', 2, 166),
(1239, 26, 24, '2024-06-25', 35, 166),
(1240, 26, 28, '2024-06-25', 6, 166),
(1241, 22, 21, '2024-06-26', 10, 166),
(1242, 26, 26, '2024-06-27', 27, 166),
(1243, 15, 16, '2024-06-27', 23, 166),
(1244, 13, 14, '2024-06-28', 1, 166),
(1245, 14, 13, '2024-07-01', 15, 167),
(1246, 11, 11, '2024-07-02', 3, 167),
(1247, 15, 14, '2024-07-03', 8, 167),
(1248, 21, 19, '2024-07-03', 4, 167),
(1249, 18, 17, '2024-07-04', 20, 167),
(1250, 19, 19, '2024-07-04', 29, 167),
(1251, 8, 7, '2024-07-05', 14, 167),
(1252, 24, 22, '2024-09-02', 2, 168),
(1253, 15, 16, '2024-09-02', 3, 168),
(1254, 12, 13, '2024-09-03', 16, 168),
(1255, 19, 20, '2024-09-04', 5, 168),
(1256, 20, 22, '2024-09-05', 32, 168),
(1257, 10, 9, '2024-09-05', 22, 168),
(1258, 11, 10, '2024-09-06', 29, 168),
(1259, 17, 18, '2024-09-09', 20, 169),
(1260, 25, 26, '2024-09-09', 4, 169),
(1261, 23, 22, '2024-09-10', 35, 169),
(1262, 25, 26, '2024-09-10', 28, 169),
(1263, 19, 20, '2024-09-11', 12, 169),
(1264, 26, 27, '2024-09-12', 32, 169),
(1265, 12, 11, '2024-09-12', 31, 169),
(1266, 11, 12, '2024-09-13', 19, 169),
(1267, 21, 21, '2024-09-13', 36, 169),
(1268, 15, 14, '2024-09-16', 34, 170),
(1269, 11, 12, '2024-09-16', 15, 170),
(1270, 28, 26, '2024-09-17', 16, 170),
(1271, 14, 15, '2024-09-18', 7, 170),
(1272, 12, 13, '2024-09-19', 8, 170),
(1273, 14, 15, '2024-09-20', 19, 170),
(1274, 9, 9, '2024-09-23', 1, 171),
(1275, 12, 12, '2024-09-23', 25, 171),
(1276, 15, 15, '2024-09-24', 36, 171),
(1277, 19, 18, '2024-09-25', 33, 171),
(1278, 14, 15, '2024-09-26', 2, 171),
(1279, 9, 9, '2024-09-26', 32, 171),
(1280, 8, 9, '2024-09-27', 24, 171),
(1281, 24, 25, '2024-09-30', 20, 172),
(1282, 13, 12, '2024-10-01', 21, 172),
(1283, 12, 11, '2024-10-01', 34, 172),
(1284, 14, 13, '2024-10-02', 5, 172),
(1285, 28, 28, '2024-10-03', 2, 172),
(1286, 18, 19, '2024-10-03', 13, 172),
(1287, 14, 13, '2024-10-04', 14, 172),
(1288, 24, 23, '2024-10-07', 11, 173),
(1289, 23, 21, '2024-10-08', 16, 173),
(1290, 10, 11, '2024-10-08', 24, 173),
(1291, 11, 11, '2024-10-09', 36, 173),
(1292, 18, 20, '2024-10-09', 3, 173),
(1293, 22, 22, '2024-10-10', 18, 173),
(1294, 8, 9, '2024-10-11', 9, 173),
(1295, 8, 8, '2024-10-11', 35, 173),
(1296, 20, 20, '2024-10-14', 32, 174),
(1297, 19, 20, '2024-10-14', 1, 174),
(1298, 22, 21, '2024-10-15', 11, 174),
(1299, 14, 13, '2024-10-15', 22, 174),
(1300, 23, 22, '2024-10-16', 16, 174),
(1301, 11, 12, '2024-10-17', 23, 174),
(1302, 14, 14, '2024-10-18', 29, 174),
(1303, 8, 8, '2024-10-18', 15, 174),
(1304, 10, 10, '2024-11-04', 19, 175),
(1305, 21, 20, '2024-11-05', 14, 175),
(1306, 19, 20, '2024-11-05', 11, 175),
(1307, 20, 20, '2024-11-06', 9, 175),
(1308, 17, 17, '2024-11-07', 16, 175),
(1309, 21, 22, '2024-11-08', 28, 175),
(1310, 21, 20, '2024-11-11', 10, 176),
(1311, 14, 14, '2024-11-11', 32, 176),
(1312, 19, 18, '2024-11-12', 3, 176),
(1313, 10, 10, '2024-11-13', 1, 176),
(1314, 8, 7, '2024-11-13', 35, 176),
(1315, 25, 26, '2024-11-14', 4, 176),
(1316, 16, 17, '2024-11-15', 28, 176),
(1317, 20, 21, '2024-11-15', 14, 176),
(1318, 18, 18, '2024-11-18', 32, 177),
(1319, 25, 26, '2024-11-18', 10, 177),
(1320, 11, 12, '2024-11-19', 36, 177),
(1321, 12, 12, '2024-11-19', 16, 177),
(1322, 7, 6, '2024-11-20', 7, 177),
(1323, 24, 26, '2024-11-21', 19, 177),
(1324, 28, 27, '2024-11-21', 28, 177),
(1325, 21, 20, '2024-11-22', 8, 177),
(1326, 12, 13, '2024-11-22', 35, 177),
(1327, 23, 22, '2024-11-25', 32, 178),
(1328, 28, 26, '2024-11-26', 36, 178),
(1329, 12, 13, '2024-11-27', 5, 178),
(1330, 15, 16, '2024-11-27', 3, 178),
(1331, 14, 14, '2024-11-28', 31, 178),
(1332, 22, 21, '2024-11-28', 23, 178),
(1333, 20, 22, '2024-11-29', 24, 178),
(1334, 21, 22, '2024-12-02', 10, 179),
(1335, 24, 26, '2024-12-02', 33, 179),
(1336, 9, 9, '2024-12-03', 2, 179),
(1337, 9, 10, '2024-12-03', 27, 179),
(1338, 12, 11, '2024-12-04', 13, 179),
(1339, 20, 19, '2024-12-05', 22, 179),
(1340, 14, 13, '2024-12-06', 3, 179),
(1341, 9, 10, '2024-12-09', 30, 180),
(1342, 23, 21, '2024-12-10', 4, 180),
(1343, 9, 8, '2024-12-11', 20, 180),
(1344, 13, 13, '2024-12-11', 7, 180),
(1345, 21, 22, '2024-12-12', 18, 180),
(1346, 21, 21, '2024-12-13', 29, 180),
(1347, 20, 20, '2024-12-13', 8, 180),
(1348, 14, 14, '2024-12-16', 22, 181),
(1349, 17, 16, '2024-12-17', 36, 181),
(1350, 11, 11, '2024-12-18', 26, 181),
(1351, 19, 18, '2024-12-18', 7, 181),
(1352, 18, 19, '2024-12-19', 32, 181),
(1353, 17, 17, '2024-12-19', 33, 181),
(1354, 9, 9, '2024-12-20', 29, 181),
(1355, 20, 21, '2024-12-20', 3, 181),
(1356, 20, 20, '2025-12-05', 15, 182),
(1357, 10, 10, '2025-12-05', 36, 182),
(1358, 13, 13, '2025-12-05', 13, 182),
(1359, 12, 12, '2025-12-05', 5, 182),
(1360, 16, 16, '2025-12-05', 31, 182),
(1361, 10, 10, '2025-12-05', 13, 183),
(1362, 20, 20, '2025-12-05', 4, 183),
(1363, 12, 12, '2025-12-05', 12, 183),
(1364, 12, 12, '2025-12-05', 16, 183),
(1365, 13, 13, '2025-12-05', 37, 183),
(1366, 7, 7, '2025-12-05', 19, 183);

-- --------------------------------------------------------

--
-- Structure de la table `ml_prediction_log`
--

CREATE TABLE `ml_prediction_log` (
  `id` bigint NOT NULL,
  `created_at` timestamp NULL DEFAULT CURRENT_TIMESTAMP,
  `context_date` date NOT NULL,
  `planned_portions` int NOT NULL,
  `recipe_id` int NOT NULL,
  `rank_in_list` int NOT NULL,
  `chosen` tinyint(1) NOT NULL DEFAULT '0'
) ENGINE=InnoDB DEFAULT CHARSET=utf8mb4 COLLATE=utf8mb4_0900_ai_ci;

--
-- Déchargement des données de la table `ml_prediction_log`
--

INSERT INTO `ml_prediction_log` (`id`, `created_at`, `context_date`, `planned_portions`, `recipe_id`, `rank_in_list`, `chosen`) VALUES
(1, '2025-12-05 13:13:22', '2025-12-05', 10, 20, 1, 0),
(2, '2025-12-05 13:13:22', '2025-12-05', 10, 15, 2, 0),
(3, '2025-12-05 13:13:22', '2025-12-05', 10, 37, 3, 0),
(4, '2025-12-05 13:13:22', '2025-12-05', 10, 4, 4, 0),
(5, '2025-12-05 13:13:22', '2025-12-05', 10, 26, 5, 0),
(6, '2025-12-05 13:13:39', '2025-12-05', 20, 20, 1, 0),
(7, '2025-12-05 13:13:39', '2025-12-05', 20, 15, 2, 0),
(8, '2025-12-05 13:13:39', '2025-12-05', 20, 37, 3, 0),
(9, '2025-12-05 13:13:39', '2025-12-05', 20, 4, 4, 0),
(10, '2025-12-05 13:13:39', '2025-12-05', 20, 26, 5, 0),
(11, '2025-12-05 13:13:55', '2025-12-05', 10, 20, 1, 0),
(12, '2025-12-05 13:13:55', '2025-12-05', 10, 15, 2, 0),
(13, '2025-12-05 13:13:55', '2025-12-05', 10, 37, 3, 0),
(14, '2025-12-05 13:13:55', '2025-12-05', 10, 4, 4, 0),
(15, '2025-12-05 13:13:55', '2025-12-05', 10, 26, 5, 0),
(16, '2025-12-05 13:14:07', '2025-12-05', 50, 4, 1, 0),
(17, '2025-12-05 13:14:07', '2025-12-05', 50, 33, 2, 0),
(18, '2025-12-05 13:14:07', '2025-12-05', 50, 30, 3, 0),
(19, '2025-12-05 13:14:07', '2025-12-05', 50, 20, 4, 0),
(20, '2025-12-05 13:14:07', '2025-12-05', 50, 37, 5, 0),
(21, '2025-12-05 13:24:02', '2025-12-05', 100, 20, 1, 0),
(22, '2025-12-05 13:24:02', '2025-12-05', 100, 37, 2, 0),
(23, '2025-12-05 13:24:02', '2025-12-05', 100, 22, 3, 0),
(24, '2025-12-05 13:24:02', '2025-12-05', 100, 4, 4, 0),
(25, '2025-12-05 13:24:02', '2025-12-05', 100, 27, 5, 0),
(26, '2025-12-05 13:24:08', '2025-12-05', 100, 20, 1, 0),
(27, '2025-12-05 13:24:08', '2025-12-05', 100, 22, 3, 0),
(28, '2025-12-05 13:24:08', '2025-12-05', 100, 4, 4, 0),
(29, '2025-12-05 13:24:08', '2025-12-05', 100, 37, 2, 0),
(30, '2025-12-05 13:24:08', '2025-12-05', 100, 27, 5, 0),
(31, '2025-12-05 13:24:23', '2025-12-05', 200, 37, 1, 0),
(32, '2025-12-05 13:24:23', '2025-12-05', 200, 27, 2, 0),
(33, '2025-12-05 13:24:23', '2025-12-05', 200, 22, 3, 0),
(34, '2025-12-05 13:24:23', '2025-12-05', 200, 20, 4, 0),
(35, '2025-12-05 13:24:23', '2025-12-05', 200, 17, 5, 0),
(36, '2025-12-05 13:24:36', '2025-12-05', 100, 22, 3, 0),
(37, '2025-12-05 13:24:36', '2025-12-05', 100, 37, 2, 0),
(38, '2025-12-05 13:24:36', '2025-12-05', 100, 20, 1, 0),
(39, '2025-12-05 13:24:36', '2025-12-05', 100, 4, 4, 0),
(40, '2025-12-05 13:24:36', '2025-12-05', 100, 27, 5, 0),
(41, '2025-12-05 13:24:43', '2025-12-05', 50, 4, 1, 0),
(42, '2025-12-05 13:24:43', '2025-12-05', 50, 33, 2, 0),
(43, '2025-12-05 13:24:43', '2025-12-05', 50, 30, 3, 0),
(44, '2025-12-05 13:24:43', '2025-12-05', 50, 20, 4, 0),
(45, '2025-12-05 13:24:43', '2025-12-05', 50, 37, 5, 0),
(46, '2025-12-05 13:33:56', '2025-12-05', 50, 33, 2, 0),
(47, '2025-12-05 13:33:56', '2025-12-05', 50, 4, 1, 0),
(48, '2025-12-05 13:33:56', '2025-12-05', 50, 30, 3, 0),
(49, '2025-12-05 13:33:56', '2025-12-05', 50, 20, 4, 0),
(50, '2025-12-05 13:33:56', '2025-12-05', 50, 37, 5, 0),
(51, '2025-12-05 13:36:26', '2025-12-05', 50, 33, 2, 0),
(52, '2025-12-05 13:36:26', '2025-12-05', 50, 30, 3, 0),
(53, '2025-12-05 13:36:26', '2025-12-05', 50, 4, 1, 0),
(54, '2025-12-05 13:36:26', '2025-12-05', 50, 20, 4, 0),
(55, '2025-12-05 13:36:26', '2025-12-05', 50, 37, 5, 0),
(56, '2025-12-05 13:38:18', '2025-12-05', 50, 33, 2, 0),
(57, '2025-12-05 13:38:18', '2025-12-05', 50, 4, 1, 0),
(58, '2025-12-05 13:38:18', '2025-12-05', 50, 30, 3, 0),
(59, '2025-12-05 13:38:18', '2025-12-05', 50, 37, 5, 0),
(60, '2025-12-05 13:38:18', '2025-12-05', 50, 20, 4, 0),
(61, '2026-01-12 14:43:38', '2026-01-12', 50, 35, 1, 0),
(62, '2026-01-12 14:43:38', '2026-01-12', 50, 6, 5, 0),
(63, '2026-01-12 14:43:38', '2026-01-12', 50, 23, 3, 0),
(64, '2026-01-12 14:43:38', '2026-01-12', 50, 14, 2, 0),
(65, '2026-01-12 14:43:38', '2026-01-12', 50, 12, 4, 0);

-- --------------------------------------------------------

--
-- Structure de la table `product`
--

CREATE TABLE `product` (
  `id` int NOT NULL,
  `name` varchar(250) NOT NULL,
  `unit` varchar(50) NOT NULL,
  `cost` decimal(12,3) NOT NULL DEFAULT '0.000',
  `active` tinyint(1) NOT NULL DEFAULT '1',
  `alert_threshold` decimal(12,2) NOT NULL DEFAULT '0.00'
) ENGINE=InnoDB DEFAULT CHARSET=utf8mb4 COLLATE=utf8mb4_0900_ai_ci;

--
-- Déchargement des données de la table `product`
--

INSERT INTO `product` (`id`, `name`, `unit`, `cost`, `active`, `alert_threshold`) VALUES
(1, 'Farine de blé T55', 'kg', 1.100, 1, 10.00),
(2, 'Farine de blé T45', 'kg', 1.200, 1, 6.00),
(3, 'Semoule moyenne', 'kg', 1.700, 1, 6.00),
(4, 'Riz basmati', 'kg', 2.300, 1, 4.00),
(5, 'Riz long étuvé', 'kg', 1.800, 1, 4.00),
(6, 'Riz arborio (risotto)', 'kg', 3.500, 1, 4.00),
(7, 'Pâtes penne', 'kg', 1.600, 1, 8.00),
(8, 'Pâtes spaghetti', 'kg', 1.550, 1, 8.00),
(9, 'Pâtes coquillettes', 'kg', 1.500, 1, 8.00),
(10, 'Lentilles corail', 'kg', 3.200, 1, 3.00),
(11, 'Lentilles vertes', 'kg', 3.000, 1, 3.00),
(12, 'Pois chiches secs', 'kg', 2.800, 1, 3.00),
(13, 'Haricots rouges secs', 'kg', 3.100, 1, 3.00),
(14, 'Quinoa', 'kg', 4.800, 1, 3.00),
(15, 'Boulgour', 'kg', 2.600, 1, 3.00),
(16, 'Couscous fin', 'kg', 2.100, 1, 6.00),
(17, 'Flocons d\'avoine', 'kg', 2.400, 1, 4.00),
(18, 'Chapelure', 'kg', 2.200, 1, 2.00),
(19, 'Fécule de maïs', 'kg', 3.400, 1, 2.00),
(20, 'Levure boulangère sèche', 'sachet-500g', 3.000, 1, 2.00),
(21, 'Levure chimique', 'boîte-100g', 1.100, 1, 4.00),
(22, 'Poudre d\'amande', 'kg', 9.500, 1, 1.00),
(23, 'Sucre semoule', 'kg', 1.250, 1, 5.00),
(24, 'Sucre glace', 'kg', 1.800, 1, 2.00),
(25, 'Cassonade', 'kg', 1.900, 1, 2.00),
(26, 'Sel fin', 'kg', 0.700, 1, 2.00),
(27, 'Sel gros', 'kg', 0.600, 1, 3.00),
(28, 'Poivre noir moulu', 'kg', 14.000, 1, 0.50),
(29, 'Poivre noir en grains', 'kg', 16.000, 1, 0.50),
(30, 'Paprika doux', 'kg', 8.000, 1, 0.50),
(31, 'Curcuma moulu', 'kg', 9.000, 1, 0.50),
(32, 'Cumin moulu', 'kg', 9.500, 1, 0.50),
(33, 'Curry doux', 'kg', 10.500, 1, 0.50),
(34, 'Herbes de Provence', 'kg', 12.000, 1, 0.50),
(35, 'Origan', 'kg', 11.000, 1, 0.50),
(36, 'Thym', 'kg', 10.000, 1, 0.50),
(37, 'Laurier feuilles', 'kg', 9.000, 1, 0.20),
(38, 'Cannelle moulue', 'kg', 13.500, 1, 0.20),
(39, 'Vanille extrait', 'bouteille-100ml', 6.000, 1, 0.50),
(40, 'Bouillon de volaille déshydraté', 'boîte-1kg', 8.500, 1, 1.00),
(41, 'Bouillon de légumes déshydraté', 'boîte-1kg', 8.500, 1, 1.00),
(42, 'Bouillon de bœuf déshydraté', 'boîte-1kg', 9.000, 1, 1.00),
(43, 'Huile de tournesol', 'L', 2.100, 1, 10.00),
(44, 'Huile d\'olive extra vierge', 'L', 6.500, 1, 5.00),
(45, 'Huile de colza', 'L', 2.300, 1, 5.00),
(46, 'Vinaigre blanc', 'L', 0.900, 1, 3.00),
(47, 'Vinaigre balsamique', 'L', 3.200, 1, 2.00),
(48, 'Sauce soja salée', 'L', 3.500, 1, 2.00),
(49, 'Sauce tomate passata', 'bouteille-700g', 1.300, 1, 6.00),
(50, 'Concentré de tomate', 'boîte-800g', 1.200, 1, 5.00),
(51, 'Moutarde de Dijon', 'bocal-1kg', 3.400, 1, 2.00),
(52, 'Mayonnaise (seau)', 'seau-5kg', 15.000, 1, 1.00),
(53, 'Ketchup (bidon)', 'bidon-5kg', 12.000, 1, 1.00),
(54, 'Lait demi-écrémé', 'L', 0.950, 1, 20.00),
(55, 'Lait entier', 'L', 1.050, 1, 12.00),
(56, 'Crème liquide 30%', 'L', 3.200, 1, 5.00),
(57, 'Crème épaisse 30%', 'kg', 4.200, 1, 3.00),
(58, 'Beurre doux', 'kg', 7.500, 1, 2.00),
(59, 'Beurre demi-sel', 'kg', 7.500, 1, 1.00),
(60, 'Yaourt nature individuel', 'pièce', 0.350, 1, 30.00),
(61, 'Fromage blanc 3%', 'kg', 3.800, 1, 3.00),
(62, 'Fromage râpé (emmental)', 'kg', 8.200, 1, 2.00),
(63, 'Mozzarella (industrielle)', 'kg', 6.000, 1, 2.00),
(64, 'Feta', 'kg', 7.200, 1, 1.00),
(65, 'Parmesan râpé', 'kg', 12.000, 1, 1.00),
(66, 'Œufs calibre M', 'pièce', 0.260, 1, 80.00),
(67, 'Filet de poulet', 'kg', 7.200, 1, 5.00),
(68, 'Cuisse de poulet', 'kg', 4.200, 1, 4.00),
(69, 'Dinde émincée', 'kg', 6.200, 1, 3.00),
(70, 'Bœuf haché 5%', 'kg', 10.500, 1, 3.00),
(71, 'Bavette de bœuf', 'kg', 14.000, 1, 1.00),
(72, 'Sauté de veau', 'kg', 13.500, 1, 1.00),
(73, 'Jambon blanc dégraissé', 'kg', 8.900, 1, 2.00),
(74, 'Thon au naturel (conserve)', 'boîte-160g', 1.100, 1, 24.00),
(75, 'Maquereaux tomate (conserve)', 'boîte-176g', 1.200, 1, 10.00),
(76, 'Filet de colin (surgelé)', 'kg', 8.900, 1, 4.00),
(77, 'Saumon surgelé portions', 'kg', 12.500, 1, 2.00),
(78, 'Tomates', 'kg', 2.400, 1, 5.00),
(79, 'Tomates concassées (boîte)', 'boîte-400g', 0.900, 1, 10.00),
(80, 'Pommes de terre', 'kg', 1.200, 1, 10.00),
(81, 'Carottes', 'kg', 1.000, 1, 6.00),
(82, 'Oignons jaunes', 'kg', 1.100, 1, 6.00),
(83, 'Ail', 'kg', 4.500, 1, 1.00),
(84, 'Poivrons rouges', 'kg', 3.200, 1, 2.00),
(85, 'Courgettes', 'kg', 2.100, 1, 3.00),
(86, 'Aubergines', 'kg', 2.300, 1, 2.00),
(87, 'Champignons de Paris', 'kg', 3.500, 1, 2.00),
(88, 'Brocoli', 'kg', 2.800, 1, 2.00),
(89, 'Chou-fleur', 'pièce', 1.800, 1, 3.00),
(90, 'Salade verte', 'pièce', 0.900, 1, 6.00),
(91, 'Épinards frais', 'kg', 4.200, 1, 1.00),
(92, 'Poireaux', 'kg', 2.200, 1, 2.00),
(93, 'Petits pois (surgelés)', 'kg', 2.600, 1, 4.00),
(94, 'Haricots verts (surgelés)', 'kg', 3.000, 1, 4.00),
(95, 'Maïs en conserve', 'boîte-285g', 0.700, 1, 10.00),
(96, 'Pois cassés', 'kg', 2.200, 1, 3.00),
(97, 'Pommes (fruit)', 'kg', 2.300, 1, 6.00),
(98, 'Poires', 'kg', 2.600, 1, 4.00),
(99, 'Banane', 'kg', 1.900, 1, 6.00),
(100, 'Orange', 'kg', 2.200, 1, 6.00),
(101, 'Citron', 'kg', 2.800, 1, 3.00),
(102, 'Raisin', 'kg', 3.200, 1, 2.00),
(103, 'Pain de mie', 'sachet', 1.800, 1, 3.00),
(104, 'Baguette', 'pièce', 0.800, 1, 10.00),
(105, 'Tortillas de blé 30cm', 'paquet-12', 2.800, 1, 8.00),
(106, 'Croissants surgelés crus', 'carton-60', 18.000, 1, 1.00),
(107, 'Pâte feuilletée (rouleau)', 'rouleau-230g', 1.200, 1, 12.00),
(108, 'Frites surgelées 10/10', 'kg', 2.000, 1, 4.00),
(109, 'Purée en flocons', 'sachet-1kg', 3.400, 1, 6.00),
(110, 'Nuggets de poulet (surgelés)', 'kg', 5.800, 1, 3.00),
(111, 'Poêlée de légumes surgelés', 'kg', 3.500, 1, 4.00),
(112, 'Compote de pommes (pot individuel)', 'pièce', 0.350, 1, 9.00),
(113, 'Confiture fraise (pot)', 'kg', 3.800, 1, 2.00),
(114, 'Chocolat dessert 52%', 'kg', 7.200, 1, 1.00),
(115, 'Cacao poudre non sucré', 'kg', 8.500, 1, 1.00),
(116, 'Céréales corn flakes', 'boîte-500g', 1.900, 1, 6.00),
(117, 'Miel', 'kg', 7.800, 1, 1.00),
(118, 'Eau minérale 50cl', 'pack-6', 1.800, 1, 10.00),
(119, 'Eau plate 1.5L', 'pack-6', 2.400, 1, 8.00),
(120, 'Jus d’orange 1L', 'brique', 1.500, 1, 12.00),
(121, 'Jus de pomme 1L', 'brique', 1.400, 1, 12.00),
(122, 'Lait végétal amande 1L', 'brique', 2.200, 1, 6.00),
(123, 'Café moulu', 'kg', 12.000, 1, 1.00),
(124, 'Café grain', 'kg', 11.000, 1, 1.00),
(125, 'Thé sachets', 'boîte-25', 2.700, 1, 8.00),
(126, 'Croutons nature', 'kg', 5.500, 1, 1.00),
(127, 'Pignons de pin', 'kg', 22.000, 1, 0.50),
(128, 'Noix décortiquées', 'kg', 12.000, 1, 0.50),
(129, 'Amandes entières', 'kg', 11.500, 1, 0.50),
(130, 'Raisins secs', 'kg', 4.500, 1, 1.00),
(131, 'Olives noires dénoyautées', 'kg', 6.800, 1, 1.00),
(132, 'Cornichons', 'bocal-3kg', 7.500, 1, 1.00),
(133, 'Capres', 'bocal-1kg', 6.500, 1, 1.00),
(134, 'Crème de coco', 'boîte-400ml', 1.600, 1, 8.00),
(135, 'Lait de coco', 'boîte-400ml', 1.500, 1, 8.00),
(136, 'Lait concentré sucré', 'boîte-397g', 1.300, 1, 12.00),
(137, 'Sirop de grenadine', 'bouteille-1L', 2.800, 1, 2.00),
(138, 'Pâtes sans gluten', 'kg', 3.800, 1, 2.00),
(139, 'Lait sans lactose 1L', 'brique', 1.300, 1, 6.00),
(140, 'Farine de riz', 'kg', 3.200, 1, 2.00),
(141, 'Farine de maïs', 'kg', 2.900, 1, 2.00),
(142, 'Tofu ferme', 'kg', 5.000, 1, 2.00),
(143, 'Tempeh', 'kg', 7.000, 1, 1.00),
(144, 'Boisson soja 1L', 'brique', 1.200, 1, 3.00),
(145, 'Pulpe de tomate (boîte)', 'boîte-400g', 0.850, 1, 10.00),
(146, 'Coulis de tomate (brique)', 'brique-500g', 0.950, 1, 6.00),
(147, 'Haricots blancs (conserve)', 'boîte-400g', 0.900, 1, 5.00),
(148, 'Pois chiches (conserve)', 'boîte-400g', 0.900, 1, 10.00),
(149, 'Lentilles (conserve)', 'boîte-400g', 0.900, 1, 10.00),
(150, 'Ananas en morceaux (conserve)', 'boîte-565g', 1.700, 1, 6.00),
(151, 'Pêches au sirop (conserve)', 'boîte-820g', 2.200, 1, 12.00),
(152, 'Cheddar', 'kg', 9.500, 1, 1.00),
(153, 'Chèvre bûche', 'kg', 9.800, 1, 1.00),
(154, 'Ricotta', 'kg', 6.200, 1, 1.00),
(155, 'Gorgonzola', 'kg', 11.000, 1, 0.50),
(156, 'Pâte brisée (rouleau)', 'rouleau-230g', 1.100, 1, 12.00),
(157, 'Pâte à pizza (boule)', 'pièce-250g', 0.800, 1, 12.00),
(158, 'Fond de tarte sablé', 'pièce-28cm', 1.600, 1, 6.00),
(159, 'Crème pâtissière (poudre)', 'sachet-1kg', 6.500, 1, 1.00),
(160, 'Maïs doux sous vide', 'kg', 3.800, 1, 1.00),
(161, 'Betteraves cuites sous vide', 'kg', 2.200, 1, 2.00),
(162, 'Carottes râpées sous vide', 'kg', 2.500, 1, 2.00),
(163, 'Coleslaw seau', 'seau-2kg', 6.500, 1, 1.00),
(164, 'Ravioli bolognaise (conserve)', 'boîte-800g', 1.800, 1, 12.00),
(165, 'Gnocchi à poêler', 'kg', 2.400, 1, 4.00),
(166, 'Semoule de maïs (polenta)', 'kg', 2.600, 1, 2.00);

-- --------------------------------------------------------

--
-- Structure de la table `recipe`
--

CREATE TABLE `recipe` (
  `id` int NOT NULL,
  `name` varchar(250) NOT NULL,
  `base_portions` int NOT NULL,
  `waste_rate` decimal(5,2) NOT NULL
) ENGINE=InnoDB DEFAULT CHARSET=utf8mb4 COLLATE=utf8mb4_0900_ai_ci;

--
-- Déchargement des données de la table `recipe`
--

INSERT INTO `recipe` (`id`, `name`, `base_portions`, `waste_rate`) VALUES
(1, 'Soupe de légumes', 10, 5.00),
(2, 'Poulet curry & riz', 10, 5.00),
(3, 'Pâtes bolognaise', 10, 4.00),
(4, 'Salade composée', 10, 3.00),
(5, 'Omelette au fromage', 10, 2.00),
(6, 'Gratin dauphinois', 10, 6.00),
(7, 'Poisson au four & légumes', 10, 5.00),
(8, 'Tajine pois chiches légumes', 10, 5.00),
(9, 'Riz sauté aux légumes', 10, 4.00),
(10, 'Steak haché & purée', 10, 5.00),
(11, 'Sandwich jambon fromage', 10, 3.00),
(12, 'Pizza margherita', 10, 5.00),
(13, 'Couscous végétarien', 10, 5.00),
(14, 'Chili sin carne', 10, 5.00),
(15, 'Ratatouille', 10, 5.00),
(16, 'Salade de fruits', 10, 3.00),
(17, 'Yaourt & granola', 10, 2.00),
(18, 'Colin & haricots verts', 10, 5.00),
(19, 'Gnocchi sauce tomate', 10, 4.00),
(20, 'Wrap poulet crudités', 10, 4.00),
(21, 'Pâtes carbonara légère', 10, 4.00),
(22, 'Salade de pâtes au thon', 10, 3.00),
(23, 'Dahl de lentilles corail', 10, 5.00),
(24, 'Chili con carne', 10, 5.00),
(25, 'Quiche lorraine', 10, 6.00),
(26, 'Gratin de brocoli au cheddar', 10, 5.00),
(27, 'Salade quinoa & légumes rôtis', 10, 4.00),
(28, 'Curry de pois chiches & légumes', 10, 5.00),
(29, 'Buddha bowl végétarien', 10, 5.00),
(30, 'Porridge avoine & fruits', 10, 2.00),
(31, 'Pancakes maison', 10, 4.00),
(32, 'Brownie chocolat & noix', 10, 5.00),
(33, 'Salade de fruits exotiques', 10, 3.00),
(34, 'Soupe de pois cassés', 10, 5.00),
(35, 'Risotto aux champignons', 10, 5.00),
(36, 'Colin coco & riz', 10, 5.00),
(37, 'Wraps végétariens', 10, 4.00),
(38, 'Burger bœuf & frites', 10, 6.00),
(39, 'Polenta crémeuse aux légumes', 10, 4.00),
(40, 'Tarte aux pommes', 10, 5.00);

-- --------------------------------------------------------

--
-- Structure de la table `recipe_item`
--

CREATE TABLE `recipe_item` (
  `id` int NOT NULL,
  `qty_per_portion` decimal(12,4) NOT NULL,
  `product_id` int NOT NULL,
  `recipe_id` int NOT NULL
) ENGINE=InnoDB DEFAULT CHARSET=utf8mb4 COLLATE=utf8mb4_0900_ai_ci;

--
-- Déchargement des données de la table `recipe_item`
--

INSERT INTO `recipe_item` (`id`, `qty_per_portion`, `product_id`, `recipe_id`) VALUES
(1, 0.0800, 81, 1),
(2, 0.0600, 80, 1),
(3, 0.0400, 92, 1),
(4, 0.0200, 82, 1),
(5, 0.0040, 41, 1),
(6, 0.0100, 56, 1),
(7, 0.0010, 26, 1),
(8, 0.0002, 28, 1),
(9, 0.1200, 67, 2),
(10, 0.0800, 4, 2),
(11, 0.0200, 82, 2),
(12, 0.0050, 83, 2),
(13, 0.0010, 33, 2),
(14, 0.0400, 134, 2),
(15, 0.0100, 43, 2),
(16, 0.0010, 26, 2),
(17, 0.1000, 8, 3),
(18, 0.1000, 70, 3),
(19, 0.1500, 79, 3),
(20, 0.0200, 82, 3),
(21, 0.0030, 83, 3),
(22, 0.0080, 44, 3),
(23, 0.0010, 26, 3),
(24, 0.0002, 28, 3),
(25, 0.1000, 90, 4),
(26, 0.0800, 78, 4),
(27, 0.0350, 95, 4),
(28, 0.1000, 85, 4),
(29, 0.0200, 64, 4),
(30, 0.0100, 131, 4),
(31, 0.0060, 44, 4),
(32, 0.0040, 47, 4),
(33, 0.0008, 26, 4),
(34, 0.0002, 28, 4),
(35, 2.0000, 66, 5),
(36, 0.0200, 62, 5),
(37, 0.0050, 58, 5),
(38, 0.0008, 26, 5),
(39, 0.0002, 28, 5),
(40, 0.2000, 80, 6),
(41, 0.0600, 56, 6),
(42, 0.0500, 54, 6),
(43, 0.0030, 83, 6),
(44, 0.0080, 58, 6),
(45, 0.0010, 26, 6),
(46, 0.0002, 28, 6),
(47, 0.1400, 76, 7),
(48, 0.1200, 80, 7),
(49, 0.0800, 88, 7),
(50, 0.0060, 44, 7),
(51, 0.0200, 101, 7),
(52, 0.0010, 26, 7),
(53, 0.0002, 28, 7),
(54, 0.1200, 148, 8),
(55, 0.0600, 81, 8),
(56, 0.0600, 85, 8),
(57, 0.0300, 82, 8),
(58, 0.1000, 79, 8),
(59, 0.0008, 31, 8),
(60, 0.0008, 32, 8),
(61, 0.0060, 44, 8),
(62, 0.0010, 26, 8),
(63, 0.0800, 5, 9),
(64, 0.0500, 81, 9),
(65, 0.0400, 93, 9),
(66, 0.0200, 82, 9),
(67, 0.0080, 48, 9),
(68, 0.0080, 43, 9),
(69, 0.5000, 66, 9),
(70, 0.1200, 70, 10),
(71, 0.2500, 80, 10),
(72, 0.0500, 54, 10),
(73, 0.0100, 58, 10),
(74, 0.0010, 26, 10),
(75, 0.0002, 28, 10),
(76, 0.2000, 103, 11),
(77, 0.0400, 73, 11),
(78, 0.0200, 62, 11),
(79, 0.0050, 58, 11),
(80, 0.2000, 157, 12),
(81, 0.0800, 49, 12),
(82, 0.0600, 63, 12),
(83, 0.0040, 44, 12),
(84, 0.0003, 35, 12),
(85, 0.0006, 26, 12),
(86, 0.0800, 16, 13),
(87, 0.0800, 148, 13),
(88, 0.0500, 81, 13),
(89, 0.0500, 85, 13),
(90, 0.0200, 82, 13),
(91, 0.0040, 41, 13),
(92, 0.0050, 44, 13),
(93, 0.0010, 26, 13),
(94, 0.0800, 13, 14),
(95, 0.0400, 14, 14),
(96, 0.1200, 79, 14),
(97, 0.0200, 82, 14),
(98, 0.0400, 84, 14),
(99, 0.0008, 30, 14),
(100, 0.0008, 32, 14),
(101, 0.0060, 44, 14),
(102, 0.0010, 26, 14),
(103, 0.0700, 86, 15),
(104, 0.0700, 85, 15),
(105, 0.0500, 84, 15),
(106, 0.0800, 78, 15),
(107, 0.0200, 82, 15),
(108, 0.0080, 44, 15),
(109, 0.0010, 26, 15),
(110, 0.0002, 28, 15),
(111, 0.0600, 97, 16),
(112, 0.0600, 99, 16),
(113, 0.0500, 100, 16),
(114, 0.0600, 150, 16),
(115, 0.0400, 102, 16),
(116, 0.0300, 120, 16),
(117, 0.0060, 23, 16),
(118, 1.0000, 60, 17),
(119, 0.0300, 17, 17),
(120, 0.0100, 117, 17),
(121, 0.0080, 130, 17),
(122, 0.0080, 129, 17),
(123, 0.1400, 76, 18),
(124, 0.1000, 94, 18),
(125, 0.1200, 80, 18),
(126, 0.0060, 44, 18),
(127, 0.0010, 26, 18),
(128, 0.0002, 28, 18),
(129, 0.1800, 165, 19),
(130, 0.1000, 49, 19),
(131, 0.0150, 65, 19),
(132, 0.0040, 44, 19),
(133, 0.0010, 26, 19),
(134, 0.0002, 28, 19),
(135, 0.1000, 105, 20),
(136, 0.0800, 67, 20),
(137, 0.1000, 90, 20),
(138, 0.0500, 78, 20),
(139, 0.0150, 52, 20),
(140, 0.1000, 8, 21),
(141, 0.0200, 73, 21),
(142, 0.0200, 56, 21),
(143, 0.6000, 66, 21),
(144, 0.0100, 65, 21),
(145, 0.0040, 44, 21),
(146, 0.0008, 26, 21),
(147, 0.0002, 28, 21),
(148, 0.0800, 7, 22),
(149, 0.5000, 74, 22),
(150, 0.0200, 95, 22),
(151, 0.0200, 84, 22),
(152, 0.0200, 90, 22),
(153, 0.0100, 52, 22),
(154, 0.0040, 44, 22),
(155, 0.0008, 26, 22),
(156, 0.0002, 28, 22),
(157, 0.0800, 10, 23),
(158, 0.0400, 79, 23),
(159, 0.0200, 82, 23),
(160, 0.0040, 83, 23),
(161, 0.0200, 135, 23),
(162, 0.0010, 33, 23),
(163, 0.0005, 32, 23),
(164, 0.0040, 41, 23),
(165, 0.0008, 26, 23),
(166, 0.0800, 70, 24),
(167, 0.0600, 13, 24),
(168, 0.0500, 79, 24),
(169, 0.0200, 82, 24),
(170, 0.0040, 83, 24),
(171, 0.0200, 95, 24),
(172, 0.0010, 30, 24),
(173, 0.0005, 32, 24),
(174, 0.0008, 26, 24),
(175, 0.0002, 28, 24),
(176, 0.2000, 156, 25),
(177, 1.2000, 66, 25),
(178, 0.0300, 56, 25),
(179, 0.0300, 55, 25),
(180, 0.0200, 62, 25),
(181, 0.0300, 73, 25),
(182, 0.0008, 26, 25),
(183, 0.0002, 28, 25),
(184, 0.0800, 88, 26),
(185, 0.0600, 80, 26),
(186, 0.0200, 56, 26),
(187, 0.0150, 152, 26),
(188, 0.0050, 58, 26),
(189, 0.0040, 41, 26),
(190, 0.0008, 26, 26),
(191, 0.0002, 28, 26),
(192, 0.0600, 14, 27),
(193, 0.0400, 85, 27),
(194, 0.0400, 84, 27),
(195, 0.0200, 78, 27),
(196, 0.0200, 64, 27),
(197, 0.0100, 131, 27),
(198, 0.0060, 44, 27),
(199, 0.0040, 47, 27),
(200, 0.0100, 101, 27),
(201, 0.0008, 26, 27),
(202, 0.0002, 28, 27),
(203, 0.0800, 12, 28),
(204, 0.0400, 81, 28),
(205, 0.0400, 85, 28),
(206, 0.0200, 82, 28),
(207, 0.0200, 135, 28),
(208, 0.0010, 33, 28),
(209, 0.0005, 31, 28),
(210, 0.0040, 41, 28),
(211, 0.0008, 26, 28),
(212, 0.0600, 4, 29),
(213, 0.0400, 148, 29),
(214, 0.0200, 162, 29),
(215, 0.0200, 161, 29),
(216, 0.0200, 160, 29),
(217, 0.0400, 142, 29),
(218, 0.0060, 44, 29),
(219, 0.0100, 101, 29),
(220, 0.0008, 26, 29),
(221, 0.0500, 17, 30),
(222, 0.2000, 54, 30),
(223, 0.0100, 117, 30),
(224, 0.0300, 97, 30),
(225, 0.0300, 99, 30),
(226, 0.0100, 130, 30),
(227, 0.0600, 2, 31),
(228, 0.0100, 23, 31),
(229, 0.0030, 21, 31),
(230, 0.1200, 54, 31),
(231, 0.8000, 66, 31),
(232, 0.0050, 58, 31),
(233, 0.0100, 117, 31),
(234, 0.0008, 26, 31),
(235, 0.0600, 114, 32),
(236, 0.0500, 58, 32),
(237, 0.0600, 23, 32),
(238, 0.0500, 1, 32),
(239, 0.6000, 66, 32),
(240, 0.0200, 128, 32),
(241, 0.0400, 150, 33),
(242, 0.0400, 151, 33),
(243, 0.0400, 100, 33),
(244, 0.0400, 99, 33),
(245, 0.0400, 97, 33),
(246, 0.0300, 120, 33),
(247, 0.0040, 137, 33),
(248, 0.0800, 96, 34),
(249, 0.0400, 81, 34),
(250, 0.0300, 92, 34),
(251, 0.0200, 82, 34),
(252, 0.0040, 41, 34),
(253, 0.0100, 56, 34),
(254, 0.0008, 26, 34),
(255, 0.0002, 28, 34),
(256, 0.0800, 6, 35),
(257, 0.0600, 87, 35),
(258, 0.0200, 82, 35),
(259, 0.0040, 83, 35),
(260, 0.0040, 41, 35),
(261, 0.0200, 56, 35),
(262, 0.0100, 65, 35),
(263, 0.0050, 58, 35),
(264, 0.0008, 26, 35),
(265, 0.0002, 28, 35),
(266, 0.1000, 76, 36),
(267, 0.0600, 4, 36),
(268, 0.0200, 82, 36),
(269, 0.0200, 135, 36),
(270, 0.0010, 33, 36),
(271, 0.0100, 101, 36),
(272, 0.0040, 41, 36),
(273, 0.0008, 26, 36),
(274, 0.0002, 28, 36),
(275, 0.1500, 105, 37),
(276, 0.0400, 148, 37),
(277, 0.0200, 81, 37),
(278, 0.0200, 160, 37),
(279, 0.0200, 90, 37),
(280, 0.0200, 78, 37),
(281, 0.0060, 44, 37),
(282, 0.0040, 48, 37),
(283, 0.0008, 26, 37),
(284, 0.1000, 70, 38),
(285, 0.2000, 103, 38),
(286, 0.0200, 152, 38),
(287, 0.0200, 90, 38),
(288, 0.0200, 78, 38),
(289, 0.0100, 52, 38),
(290, 0.0100, 53, 38),
(291, 0.1200, 108, 38),
(292, 0.0008, 26, 38),
(293, 0.0002, 28, 38),
(294, 0.0600, 166, 39),
(295, 0.1200, 55, 39),
(296, 0.0100, 58, 39),
(297, 0.0100, 65, 39),
(298, 0.0600, 111, 39),
(299, 0.0008, 26, 39),
(300, 0.0002, 28, 39),
(301, 0.2000, 158, 40),
(302, 0.1000, 97, 40),
(303, 0.0200, 23, 40),
(304, 0.0100, 58, 40),
(305, 0.0005, 38, 40);

-- --------------------------------------------------------

--
-- Structure de la table `reservation`
--

CREATE TABLE `reservation` (
  `id` int NOT NULL,
  `reserved_qty` decimal(12,3) NOT NULL,
  `meal_plan_item_id` int NOT NULL,
  `lot_id` int NOT NULL
) ENGINE=InnoDB DEFAULT CHARSET=utf8mb4 COLLATE=utf8mb4_0900_ai_ci;

-- --------------------------------------------------------

--
-- Structure de la table `stock_movement`
--

CREATE TABLE `stock_movement` (
  `id` int NOT NULL,
  `type` varchar(15) NOT NULL,
  `moved_at` timestamp NOT NULL DEFAULT CURRENT_TIMESTAMP,
  `quantity` decimal(12,4) NOT NULL,
  `reason` varchar(100) DEFAULT NULL,
  `meal_plan_item_id` int DEFAULT NULL,
  `user_id` int NOT NULL,
  `lot_id` int NOT NULL
) ENGINE=InnoDB DEFAULT CHARSET=utf8mb4 COLLATE=utf8mb4_0900_ai_ci;

--
-- Déchargement des données de la table `stock_movement`
--

INSERT INTO `stock_movement` (`id`, `type`, `moved_at`, `quantity`, `reason`, `meal_plan_item_id`, `user_id`, `lot_id`) VALUES
(3, 'IN', '2025-10-29 08:41:38', 4.0000, NULL, NULL, 3, 1678),
(4, 'IN', '2025-10-27 08:42:40', 4.0000, NULL, NULL, 3, 161),
(5, 'ADJUSTMENT', '2025-10-29 08:52:05', 4.0000, NULL, NULL, 3, 1678),
(6, 'OUT', '2025-10-29 09:00:54', 0.3090, NULL, 1, 3, 124),
(7, 'OUT', '2025-10-29 09:00:54', 0.3090, NULL, 1, 3, 5),
(8, 'OUT', '2025-10-29 09:00:54', 0.2580, NULL, 1, 3, 103),
(9, 'OUT', '2025-10-26 09:00:54', 0.3090, NULL, 1, 3, 3),
(10, 'OUT', '2025-10-29 09:00:54', 0.2060, NULL, 1, 3, 130),
(11, 'OUT', '2025-10-29 09:00:54', 0.1550, NULL, 1, 3, 77),
(12, 'OUT', '2025-10-29 09:00:54', 0.0310, NULL, 1, 3, 148),
(13, 'OUT', '2025-10-29 09:00:58', 0.6720, NULL, 2, 3, 22),
(14, 'OUT', '2025-10-29 09:00:58', 0.5040, NULL, 2, 3, 125),
(15, 'OUT', '2025-10-29 09:00:58', 0.3360, NULL, 2, 3, 116),
(16, 'OUT', '2025-10-29 09:00:58', 0.1680, NULL, 2, 3, 101),
(17, 'OUT', '2025-10-29 09:00:58', 0.0340, NULL, 2, 3, 14),
(18, 'OUT', '2025-10-29 09:00:58', 0.0840, NULL, 2, 3, 43),
(19, 'OUT', '2025-10-29 09:00:58', 0.0080, NULL, 2, 3, 142),
(20, 'OUT', '2025-10-29 09:00:58', 0.0020, NULL, 2, 3, 122),
(21, 'OUT', '2025-10-29 09:01:01', 10.2000, NULL, 3, 3, 160),
(22, 'OUT', '2025-10-29 09:01:01', 0.3060, NULL, 3, 3, 63),
(23, 'OUT', '2025-10-29 09:01:01', 0.1020, NULL, 3, 3, 96),
(24, 'OUT', '2025-10-29 09:01:01', 0.0820, NULL, 3, 3, 131),
(25, 'OUT', '2025-10-25 08:01:01', 0.0820, NULL, 3, 3, 2),
(26, 'OUT', '2025-10-29 09:34:25', 0.3780, NULL, 4, 3, 119),
(27, 'OUT', '2025-10-29 09:34:25', 0.1890, NULL, 4, 3, 22),
(28, 'OUT', '2025-10-29 09:34:25', 0.1890, NULL, 4, 3, 39),
(29, 'OUT', '2025-10-29 09:34:25', 0.0950, NULL, 4, 3, 101),
(30, 'OUT', '2025-10-27 09:34:25', 0.3150, NULL, 4, 3, 155),
(31, 'OUT', '2025-10-27 09:34:25', 0.0030, NULL, 4, 3, 49),
(32, 'OUT', '2025-10-27 09:34:25', 0.0030, NULL, 4, 3, 48),
(33, 'OUT', '2025-10-27 09:34:25', 0.0190, NULL, 4, 3, 73),
(34, 'OUT', '2025-10-27 09:34:25', 0.0030, NULL, 4, 3, 142),
(35, 'ADJUSTMENT', '2025-10-29 11:20:44', 6.0000, NULL, NULL, 3, 4),
(36, 'ADJUSTMENT', '2025-10-29 11:32:34', 2.0000, NULL, NULL, 1, 164),
(37, 'ADJUSTMENT', '2025-10-29 13:23:24', 2.0000, NULL, NULL, 1, 10),
(38, 'ADJUSTMENT', '2025-10-29 13:23:40', 2.0000, NULL, NULL, 1, 165),
(39, 'IN', '2025-10-30 13:34:56', 6.0000, NULL, NULL, 1, 1679),
(40, 'ADJUSTMENT', '2025-10-29 13:38:13', -4.0000, NULL, NULL, 1, 101),
(41, 'IN', '2025-10-31 18:02:05', 2.0000, NULL, NULL, 1, 1680),
(42, 'OUT', '2025-10-29 18:03:13', 0.2520, NULL, 5, 1, 10),
(43, 'OUT', '2025-10-29 18:03:13', 0.5250, NULL, 5, 1, 125),
(44, 'OUT', '2025-10-29 18:03:13', 0.1050, NULL, 5, 1, 164),
(45, 'OUT', '2025-10-29 18:03:13', 0.0210, NULL, 5, 1, 9),
(46, 'OUT', '2025-10-29 18:03:13', 0.0020, NULL, 5, 1, 142),
(47, 'ADJUSTMENT', '2025-10-30 09:12:09', 3.0000, NULL, NULL, 1, 38),
(48, 'OUT', '2025-10-30 09:28:01', 0.2500, NULL, 6, 1, 136),
(49, 'OUT', '2025-10-30 09:28:01', 0.1560, NULL, 6, 1, 22),
(50, 'OUT', '2025-10-30 09:28:01', 0.1250, NULL, 6, 1, 113),
(51, 'OUT', '2025-10-30 09:28:01', 0.0620, NULL, 6, 1, 101),
(52, 'OUT', '2025-10-30 09:28:02', 0.0250, NULL, 6, 1, 138),
(53, 'OUT', '2025-10-30 09:28:02', 0.0250, NULL, 6, 1, 75),
(54, 'OUT', '2025-10-30 09:28:02', 1.5600, NULL, 6, 1, 86),
(55, 'OUT', '2025-10-30 09:28:04', 0.6180, NULL, 7, 1, 104),
(56, 'OUT', '2025-10-30 09:28:04', 0.1240, NULL, 7, 1, 76),
(57, 'OUT', '2025-10-30 09:28:04', 0.0620, NULL, 7, 1, 67),
(58, 'OUT', '2025-10-30 09:28:04', 0.0150, NULL, 7, 1, 9),
(59, 'OUT', '2025-10-31 10:32:15', 0.2520, NULL, 8, 3, 71),
(60, 'OUT', '2025-10-31 10:32:15', 0.1260, NULL, 8, 3, 129),
(61, 'OUT', '2025-10-31 10:32:15', 0.3780, NULL, 8, 3, 155),
(62, 'OUT', '2025-10-31 10:32:15', 0.0630, NULL, 8, 3, 101),
(63, 'OUT', '2025-10-31 10:32:15', 0.1260, NULL, 8, 3, 123),
(64, 'OUT', '2025-10-31 10:32:15', 0.0030, NULL, 8, 3, 105),
(65, 'OUT', '2025-10-31 10:32:15', 0.0030, NULL, 8, 3, 48),
(66, 'OUT', '2025-10-31 10:32:15', 0.0190, NULL, 8, 3, 73),
(67, 'OUT', '2025-10-31 10:32:15', 0.0030, NULL, 8, 3, 142),
(68, 'OUT', '2025-10-31 10:32:18', 0.5880, NULL, 9, 3, 61),
(69, 'OUT', '2025-10-31 10:32:18', 0.4200, NULL, 9, 3, 165),
(70, 'OUT', '2025-10-31 10:32:18', 0.5040, NULL, 9, 3, 125),
(71, 'OUT', '2025-10-31 10:32:18', 0.0250, NULL, 9, 3, 73),
(72, 'OUT', '2025-10-31 10:32:18', 0.0040, NULL, 9, 3, 142),
(73, 'OUT', '2025-10-31 10:32:18', 0.0010, NULL, 9, 3, 122),
(74, 'OUT', '2025-10-31 10:32:21', 0.4200, NULL, 10, 3, 40),
(75, 'OUT', '2025-10-31 10:32:21', 0.4200, NULL, 10, 3, 119),
(76, 'OUT', '2025-10-31 10:32:21', 0.2630, NULL, 10, 3, 22),
(77, 'OUT', '2025-10-31 10:32:21', 0.2630, NULL, 10, 3, 39),
(78, 'OUT', '2025-10-31 10:32:21', 0.1050, NULL, 10, 3, 101),
(79, 'OUT', '2025-10-31 10:32:21', 0.0210, NULL, 10, 3, 14),
(80, 'OUT', '2025-10-31 10:32:21', 0.0260, NULL, 10, 3, 73),
(81, 'OUT', '2025-10-31 10:32:21', 0.0050, NULL, 10, 3, 142),
(82, 'OUT', '2025-10-31 10:32:24', 1.4980, NULL, 11, 3, 68),
(83, 'OUT', '2025-10-31 10:32:24', 0.8320, NULL, 11, 3, 139),
(84, 'OUT', '2025-10-31 10:32:24', 0.1250, NULL, 11, 3, 106),
(85, 'OUT', '2025-10-31 10:32:24', 0.0330, NULL, 11, 3, 73),
(86, 'OUT', '2025-10-31 10:32:24', 0.0080, NULL, 11, 3, 142),
(87, 'OUT', '2025-10-31 10:32:24', 0.0020, NULL, 11, 3, 122),
(88, 'OUT', '2025-10-31 10:34:56', 2.1200, NULL, 12, 3, 125),
(89, 'OUT', '2025-10-31 10:34:56', 0.6360, NULL, 12, 3, 43),
(90, 'OUT', '2025-10-31 10:34:56', 0.5300, NULL, 12, 3, 164),
(91, 'OUT', '2025-10-31 10:34:56', 0.0320, NULL, 12, 3, 1),
(92, 'OUT', '2025-10-31 10:34:56', 0.0850, NULL, 12, 3, 9),
(93, 'OUT', '2025-10-31 10:34:56', 0.0110, NULL, 12, 3, 142),
(94, 'OUT', '2025-10-31 10:34:57', 0.0020, NULL, 12, 3, 122),
(95, 'OUT', '2025-10-31 10:34:59', 20.4000, NULL, 13, 3, 86),
(96, 'OUT', '2025-10-31 10:34:59', 0.2040, NULL, 13, 3, 67),
(97, 'OUT', '2025-10-31 10:34:59', 0.0510, NULL, 13, 3, 9),
(98, 'OUT', '2025-10-31 10:34:59', 0.0080, NULL, 13, 3, 142),
(99, 'OUT', '2025-10-31 10:34:59', 0.0020, NULL, 13, 3, 122),
(100, 'OUT', '2025-10-31 10:35:02', 1.0400, NULL, 14, 3, 162),
(101, 'OUT', '2025-10-31 10:35:02', 1.0400, NULL, 14, 3, 10),
(102, 'OUT', '2025-10-31 10:35:02', 1.5600, NULL, 14, 3, 155),
(103, 'OUT', '2025-10-31 10:35:02', 0.2080, NULL, 14, 3, 101),
(104, 'OUT', '2025-10-31 10:35:02', 0.0310, NULL, 14, 3, 1),
(105, 'OUT', '2025-10-31 10:35:02', 0.0830, NULL, 14, 3, 73),
(106, 'OUT', '2025-10-31 10:35:02', 0.0100, NULL, 14, 3, 142),
(107, 'OUT', '2025-10-31 10:35:02', 0.0020, NULL, 14, 3, 122),
(108, 'OUT', '2025-10-31 10:35:04', 2.1000, NULL, 15, 3, 107),
(109, 'OUT', '2025-10-31 10:35:04', 0.8400, NULL, 15, 3, 139),
(110, 'OUT', '2025-10-31 10:35:04', 0.6300, NULL, 15, 3, 98),
(111, 'OUT', '2025-10-31 10:35:04', 0.0420, NULL, 15, 3, 73),
(112, 'OUT', '2025-10-31 10:35:04', 0.0030, NULL, 15, 3, 163),
(113, 'OUT', '2025-10-31 10:35:04', 0.0060, NULL, 15, 3, 142),
(114, 'OUT', '2025-10-31 10:35:06', 1.4700, NULL, 16, 3, 61),
(115, 'OUT', '2025-10-31 10:35:06', 1.2600, NULL, 16, 3, 125),
(116, 'OUT', '2025-10-31 10:35:06', 0.8400, NULL, 16, 3, 16),
(117, 'OUT', '2025-10-31 10:35:06', 0.0630, NULL, 16, 3, 73),
(118, 'OUT', '2025-10-31 10:35:06', 0.2100, NULL, 16, 3, 32),
(119, 'OUT', '2025-10-31 10:35:06', 0.0110, NULL, 16, 3, 142),
(120, 'OUT', '2025-10-31 10:35:06', 0.0020, NULL, 16, 3, 122),
(121, 'OUT', '2025-10-31 10:36:53', 1.1030, NULL, 17, 3, 161),
(122, 'OUT', '2025-10-31 10:36:53', 1.1030, NULL, 17, 3, 39),
(123, 'OUT', '2025-10-31 10:36:53', 0.7880, NULL, 17, 3, 123),
(124, 'OUT', '2025-10-31 10:36:53', 1.2600, NULL, 17, 3, 154),
(125, 'OUT', '2025-10-31 10:36:53', 0.3150, NULL, 17, 3, 101),
(126, 'OUT', '2025-10-31 10:36:53', 0.1260, NULL, 17, 3, 73),
(127, 'OUT', '2025-10-31 10:36:53', 0.0160, NULL, 17, 3, 142),
(128, 'OUT', '2025-10-31 10:36:53', 0.0030, NULL, 17, 3, 122),
(129, 'LOSS', '2025-10-31 12:29:10', 16.0000, 'EXPIRED', NULL, 3, 4),
(130, 'LOSS', '2025-10-31 12:29:10', 8.8970, 'EXPIRED', NULL, 3, 161),
(131, 'LOSS', '2025-10-31 12:29:10', 1.9970, 'EXPIRED', NULL, 3, 163),
(132, 'LOSS', '2025-10-31 12:29:10', 9.3650, 'EXPIRED', NULL, 3, 164),
(133, 'LOSS', '2025-10-31 12:29:10', 7.5800, 'EXPIRED', NULL, 3, 165),
(134, 'LOSS', '2025-10-31 12:29:10', 10.0000, 'EXPIRED', NULL, 3, 166),
(135, 'LOSS', '2025-10-31 12:29:10', 2.0000, 'EXPIRED', NULL, 3, 1680),
(136, 'IN', '2025-11-01 08:30:57', 10.0000, NULL, NULL, 1, 1681),
(137, 'LOSS', '2025-11-01 08:31:45', 4.6910, 'EXPIRED', NULL, 1, 5),
(138, 'IN', '2025-11-01 08:32:23', 12.0000, NULL, NULL, 1, 1682),
(139, 'IN', '2025-11-01 08:33:42', 12.0000, NULL, NULL, 1, 1683),
(140, 'IN', '2025-11-01 08:34:24', 12.0000, NULL, NULL, 1, 1684),
(141, 'IN', '2025-11-01 08:35:37', 3.0000, NULL, NULL, 1, 1685),
(142, 'IN', '2025-11-01 08:37:01', 3.0000, NULL, NULL, 1, 1686),
(143, 'IN', '2025-10-30 08:38:06', 30.0000, NULL, NULL, 1, 1687),
(144, 'IN', '2025-10-28 08:39:14', 12.0000, NULL, NULL, 1, 1688),
(145, 'IN', '2025-10-31 08:40:14', 30.0000, NULL, NULL, 1, 1689),
(146, 'IN', '2025-10-29 09:42:27', 20.0000, NULL, NULL, 1, 1690),
(147, 'OUT', '2025-11-01 09:44:31', 1.5600, NULL, 18, 1, 1689),
(148, 'OUT', '2025-11-01 09:44:31', 1.2480, NULL, 18, 1, 62),
(149, 'OUT', '2025-11-01 09:44:31', 1.5600, NULL, 18, 1, 137),
(150, 'OUT', '2025-11-01 09:44:31', 0.7800, NULL, 18, 1, 154),
(151, 'OUT', '2025-11-01 09:44:31', 0.2340, NULL, 18, 1, 95),
(152, 'OUT', '2025-11-01 09:44:33', 0.7350, NULL, 19, 1, 1681),
(153, 'OUT', '2025-11-01 09:44:33', 0.7350, NULL, 19, 1, 39),
(154, 'OUT', '2025-11-01 09:44:33', 0.5250, NULL, 19, 1, 123),
(155, 'OUT', '2025-11-01 09:44:33', 0.8400, NULL, 19, 1, 154),
(156, 'OUT', '2025-11-01 09:44:33', 0.2100, NULL, 19, 1, 101),
(157, 'OUT', '2025-11-01 09:44:33', 0.0840, NULL, 19, 1, 73),
(158, 'OUT', '2025-11-01 09:44:33', 0.0110, NULL, 19, 1, 142),
(159, 'OUT', '2025-11-01 09:44:33', 0.0020, NULL, 19, 1, 122),
(160, 'OUT', '2025-11-01 09:44:35', 1.2600, NULL, 20, 1, 62),
(161, 'OUT', '2025-11-01 09:44:35', 0.8400, NULL, 20, 1, 135),
(162, 'OUT', '2025-11-01 09:44:35', 0.2100, NULL, 20, 1, 101),
(163, 'OUT', '2025-11-01 09:44:35', 0.0530, NULL, 20, 1, 1),
(164, 'OUT', '2025-11-01 09:44:35', 0.0110, NULL, 20, 1, 50),
(165, 'OUT', '2025-11-01 09:44:35', 0.4200, NULL, 20, 1, 41),
(166, 'OUT', '2025-11-01 09:44:35', 0.1050, NULL, 20, 1, 75),
(167, 'OUT', '2025-11-01 09:44:35', 0.0110, NULL, 20, 1, 142),
(168, 'OUT', '2025-11-01 09:44:37', 1.2480, NULL, 21, 1, 136),
(169, 'OUT', '2025-11-01 09:44:37', 0.7800, NULL, 21, 1, 22),
(170, 'OUT', '2025-11-01 09:44:37', 0.6240, NULL, 21, 1, 113),
(171, 'OUT', '2025-11-01 09:44:37', 0.3120, NULL, 21, 1, 101),
(172, 'OUT', '2025-11-01 09:44:37', 0.1250, NULL, 21, 1, 138),
(173, 'OUT', '2025-11-01 09:44:37', 0.1250, NULL, 21, 1, 75),
(174, 'OUT', '2025-11-01 09:44:37', 7.8000, NULL, 21, 1, 86),
(175, 'IN', '2025-10-30 09:54:46', 15.0000, NULL, NULL, 1, 1691),
(176, 'IN', '2025-10-31 09:56:35', 10.0000, NULL, NULL, 1, 1692),
(177, 'IN', '2025-11-02 08:16:58', 6.0000, NULL, NULL, 3, 1693),
(178, 'OUT', '2025-11-02 08:22:11', 1.4700, NULL, 22, 3, 1681),
(179, 'OUT', '2025-11-02 08:22:11', 0.3430, NULL, 22, 3, 39),
(180, 'OUT', '2025-11-02 08:22:11', 1.1270, NULL, 22, 3, 1691),
(181, 'OUT', '2025-11-02 08:22:11', 1.0500, NULL, 22, 3, 123),
(182, 'OUT', '2025-11-02 08:22:11', 1.6800, NULL, 22, 3, 154),
(183, 'OUT', '2025-11-02 08:22:11', 0.4200, NULL, 22, 3, 101),
(184, 'OUT', '2025-11-02 08:22:11', 0.1680, NULL, 22, 3, 73),
(185, 'OUT', '2025-11-02 08:22:11', 0.0210, NULL, 22, 3, 142),
(186, 'OUT', '2025-11-02 08:22:11', 0.0040, NULL, 22, 3, 122),
(187, 'OUT', '2025-11-02 08:22:13', 0.9420, NULL, 23, 3, 61),
(188, 'OUT', '2025-11-02 08:22:13', 0.5280, NULL, 23, 3, 1693),
(189, 'OUT', '2025-11-02 08:22:13', 1.0500, NULL, 23, 3, 1683),
(190, 'OUT', '2025-11-02 08:22:13', 1.2600, NULL, 23, 3, 125),
(191, 'OUT', '2025-11-02 08:22:13', 0.0630, NULL, 23, 3, 73),
(192, 'OUT', '2025-11-02 08:22:13', 0.0110, NULL, 23, 3, 142),
(193, 'OUT', '2025-11-02 08:22:13', 0.0020, NULL, 23, 3, 122),
(194, 'OUT', '2025-11-02 08:22:15', 0.8400, NULL, 24, 3, 40),
(195, 'OUT', '2025-11-02 08:22:15', 0.8400, NULL, 24, 3, 119),
(196, 'OUT', '2025-11-02 08:22:15', 0.5250, NULL, 24, 3, 22),
(197, 'OUT', '2025-11-02 08:22:15', 0.5250, NULL, 24, 3, 1691),
(198, 'OUT', '2025-11-02 08:22:16', 0.2100, NULL, 24, 3, 101),
(199, 'OUT', '2025-11-02 08:22:16', 0.0420, NULL, 24, 3, 14),
(200, 'OUT', '2025-11-02 08:22:16', 0.0530, NULL, 24, 3, 73),
(201, 'OUT', '2025-11-02 08:22:16', 0.0110, NULL, 24, 3, 142),
(202, 'OUT', '2025-11-02 08:22:18', 1.6800, NULL, 25, 3, 22),
(203, 'OUT', '2025-11-02 08:22:18', 1.2600, NULL, 25, 3, 125),
(204, 'OUT', '2025-11-02 08:22:18', 0.8400, NULL, 25, 3, 116),
(205, 'OUT', '2025-11-02 08:22:18', 0.4200, NULL, 25, 3, 101),
(206, 'OUT', '2025-11-02 08:22:18', 0.0840, NULL, 25, 3, 14),
(207, 'OUT', '2025-11-02 08:22:18', 0.2100, NULL, 25, 3, 43),
(208, 'OUT', '2025-11-02 08:22:18', 0.0210, NULL, 25, 3, 142),
(209, 'OUT', '2025-11-02 08:22:18', 0.0040, NULL, 25, 3, 122),
(210, 'IN', '2025-11-02 08:28:34', 6.0000, NULL, NULL, 3, 1694),
(211, 'LOSS', '2025-11-07 09:42:11', 0.1190, 'EXPIRED', NULL, 3, 123),
(212, 'LOSS', '2025-11-07 09:42:11', 7.4000, 'EXPIRED', NULL, 3, 137),
(213, 'LOSS', '2025-11-07 09:42:11', 12.0000, 'EXPIRED', NULL, 3, 1684),
(214, 'IN', '2025-11-07 09:42:47', 20.0000, NULL, NULL, 3, 1695),
(215, 'OUT', '2025-11-07 09:45:28', 2.1000, NULL, 26, 3, 107),
(216, 'OUT', '2025-11-07 09:45:28', 0.8400, NULL, 26, 3, 139),
(217, 'OUT', '2025-11-07 09:45:28', 0.6300, NULL, 26, 3, 98),
(218, 'OUT', '2025-11-07 09:45:28', 0.0420, NULL, 26, 3, 73),
(219, 'OUT', '2025-11-07 09:45:28', 0.0030, NULL, 26, 3, 1686),
(220, 'OUT', '2025-11-07 09:45:28', 0.0060, NULL, 26, 3, 142),
(221, 'OUT', '2025-11-07 09:45:31', 0.8320, NULL, 27, 3, 136),
(222, 'OUT', '2025-11-07 09:45:31', 0.0650, NULL, 27, 3, 22),
(223, 'OUT', '2025-11-07 09:45:31', 0.4550, NULL, 27, 3, 1694),
(224, 'OUT', '2025-11-07 09:45:31', 0.4160, NULL, 27, 3, 113),
(225, 'OUT', '2025-11-07 09:45:31', 0.2080, NULL, 27, 3, 101),
(226, 'OUT', '2025-11-07 09:45:31', 0.0830, NULL, 27, 3, 138),
(227, 'OUT', '2025-11-07 09:45:31', 0.0830, NULL, 27, 3, 75),
(228, 'OUT', '2025-11-07 09:45:31', 5.2000, NULL, 27, 3, 86),
(229, 'OUT', '2025-11-07 09:45:33', 2.0600, NULL, 28, 3, 104),
(230, 'OUT', '2025-11-07 09:45:33', 0.4120, NULL, 28, 3, 76),
(231, 'OUT', '2025-11-07 09:45:33', 0.2060, NULL, 28, 3, 67),
(232, 'OUT', '2025-11-07 09:45:33', 0.0520, NULL, 28, 3, 9),
(233, 'OUT', '2025-11-07 09:45:35', 0.8400, NULL, 29, 3, 1694),
(234, 'OUT', '2025-11-07 09:45:35', 0.6300, NULL, 29, 3, 125),
(235, 'OUT', '2025-11-07 09:45:35', 0.4200, NULL, 29, 3, 116),
(236, 'OUT', '2025-11-07 09:45:35', 0.2100, NULL, 29, 3, 101),
(237, 'OUT', '2025-11-07 09:45:35', 0.0420, NULL, 29, 3, 14),
(238, 'OUT', '2025-11-07 09:45:35', 0.1050, NULL, 29, 3, 43),
(239, 'OUT', '2025-11-07 09:45:35', 0.0110, NULL, 29, 3, 142),
(240, 'OUT', '2025-11-07 09:45:35', 0.0020, NULL, 29, 3, 122),
(241, 'OUT', '2025-11-07 09:45:37', 1.2600, NULL, 30, 3, 62),
(242, 'OUT', '2025-11-07 09:45:37', 0.8400, NULL, 30, 3, 135),
(243, 'OUT', '2025-11-07 09:45:37', 0.2100, NULL, 30, 3, 101),
(244, 'OUT', '2025-11-07 09:45:37', 0.0530, NULL, 30, 3, 1),
(245, 'OUT', '2025-11-07 09:45:37', 0.0110, NULL, 30, 3, 50),
(246, 'OUT', '2025-11-07 09:45:37', 0.4200, NULL, 30, 3, 41),
(247, 'OUT', '2025-11-07 09:45:37', 0.1050, NULL, 30, 3, 75),
(248, 'OUT', '2025-11-07 09:45:37', 0.0110, NULL, 30, 3, 142),
(249, 'OUT', '2025-11-07 09:45:38', 1.8540, NULL, 31, 3, 124),
(250, 'OUT', '2025-11-07 09:45:39', 1.8540, NULL, 31, 3, 1682),
(251, 'OUT', '2025-11-07 09:45:39', 1.5450, NULL, 31, 3, 103),
(252, 'OUT', '2025-11-07 09:45:39', 1.8540, NULL, 31, 3, 3),
(253, 'OUT', '2025-11-07 09:45:39', 1.2360, NULL, 31, 3, 130),
(254, 'OUT', '2025-11-07 09:45:39', 0.9270, NULL, 31, 3, 77),
(255, 'OUT', '2025-11-07 09:45:39', 0.1850, NULL, 31, 3, 148),
(256, 'OUT', '2025-11-07 09:45:40', 2.5200, NULL, 32, 3, 119),
(257, 'OUT', '2025-11-07 09:45:41', 1.2600, NULL, 32, 3, 1694),
(258, 'OUT', '2025-11-07 09:45:41', 1.2600, NULL, 32, 3, 1691),
(259, 'OUT', '2025-11-07 09:45:41', 0.6300, NULL, 32, 3, 101),
(260, 'OUT', '2025-11-07 09:45:41', 2.1000, NULL, 32, 3, 155),
(261, 'OUT', '2025-11-07 09:45:41', 0.0170, NULL, 32, 3, 49),
(262, 'OUT', '2025-11-07 09:45:41', 0.0170, NULL, 32, 3, 48),
(263, 'OUT', '2025-11-07 09:45:41', 0.1260, NULL, 32, 3, 73),
(264, 'OUT', '2025-11-07 09:45:41', 0.0210, NULL, 32, 3, 142),
(265, 'OUT', '2025-11-07 09:45:42', 2.5200, NULL, 33, 3, 40),
(266, 'OUT', '2025-11-07 09:45:42', 2.5200, NULL, 33, 3, 119),
(267, 'OUT', '2025-11-07 09:45:42', 1.5750, NULL, 33, 3, 1694),
(268, 'OUT', '2025-11-07 09:45:42', 1.5750, NULL, 33, 3, 1691),
(269, 'OUT', '2025-11-07 09:45:43', 0.6300, NULL, 33, 3, 101),
(270, 'OUT', '2025-11-07 09:45:43', 0.1260, NULL, 33, 3, 14),
(271, 'OUT', '2025-11-07 09:45:43', 0.1580, NULL, 33, 3, 73),
(272, 'OUT', '2025-11-07 09:45:43', 0.0320, NULL, 33, 3, 142),
(273, 'IN', '2025-11-07 09:46:42', 20.0000, NULL, NULL, 3, 1696),
(274, 'IN', '2025-11-07 09:49:27', 5.0000, NULL, NULL, 3, 1697),
(275, 'IN', '2025-11-07 09:50:02', 20.0000, NULL, NULL, 3, 1698),
(276, 'IN', '2025-11-07 10:53:47', 5.0000, NULL, NULL, 3, 1699),
(277, 'IN', '2025-11-07 10:54:27', 12.0000, NULL, NULL, 3, 1700),
(278, 'OUT', '2025-11-07 10:57:05', 1.4700, NULL, 34, 3, 1681),
(279, 'OUT', '2025-11-07 10:57:05', 1.4700, NULL, 34, 3, 1691),
(280, 'OUT', '2025-11-07 10:57:05', 1.0500, NULL, 34, 3, 1697),
(281, 'OUT', '2025-11-07 10:57:05', 1.6800, NULL, 34, 3, 154),
(282, 'OUT', '2025-11-07 10:57:05', 0.4200, NULL, 34, 3, 101),
(283, 'OUT', '2025-11-07 10:57:05', 0.1680, NULL, 34, 3, 73),
(284, 'OUT', '2025-11-07 10:57:05', 0.0210, NULL, 34, 3, 142),
(285, 'OUT', '2025-11-07 10:57:05', 0.0040, NULL, 34, 3, 122),
(286, 'OUT', '2025-11-07 10:57:11', 3.6400, NULL, 35, 3, 1689),
(287, 'OUT', '2025-11-07 10:57:11', 2.9120, NULL, 35, 3, 62),
(288, 'OUT', '2025-11-07 10:57:11', 3.6400, NULL, 35, 3, 1696),
(289, 'OUT', '2025-11-07 10:57:11', 1.8200, NULL, 35, 3, 154),
(290, 'OUT', '2025-11-07 10:57:11', 0.5460, NULL, 35, 3, 95),
(291, 'OUT', '2025-11-07 10:57:13', 1.2600, NULL, 36, 3, 119),
(292, 'OUT', '2025-11-07 10:57:13', 0.6300, NULL, 36, 3, 1699),
(293, 'OUT', '2025-11-07 10:57:13', 0.6300, NULL, 36, 3, 1691),
(294, 'OUT', '2025-11-07 10:57:13', 0.3150, NULL, 36, 3, 101),
(295, 'OUT', '2025-11-07 10:57:13', 1.0500, NULL, 36, 3, 155),
(296, 'OUT', '2025-11-07 10:57:13', 0.0080, NULL, 36, 3, 49),
(297, 'OUT', '2025-11-07 10:57:13', 0.0080, NULL, 36, 3, 48),
(298, 'OUT', '2025-11-07 10:57:13', 0.0630, NULL, 36, 3, 73),
(299, 'OUT', '2025-11-07 10:57:13', 0.0110, NULL, 36, 3, 142),
(300, 'OUT', '2025-11-07 10:57:15', 2.5750, NULL, 37, 3, 1696),
(301, 'OUT', '2025-11-07 10:57:15', 1.5200, NULL, 37, 3, 154),
(302, 'OUT', '2025-11-07 10:57:33', 2.4720, NULL, 37, 3, 1696),
(303, 'OUT', '2025-11-07 10:57:37', 2.0600, NULL, 37, 3, 1696),
(304, 'OUT', '2025-11-07 10:57:41', 1.7510, NULL, 37, 3, 1696),
(305, 'OUT', '2025-11-07 10:57:45', 1.4420, NULL, 37, 3, 1696),
(306, 'OUT', '2025-11-07 10:57:48', 1.0300, NULL, 37, 3, 1696),
(307, 'OUT', '2025-11-07 10:57:51', 0.8240, NULL, 37, 3, 1696),
(308, 'IN', '2025-11-07 10:58:40', 10.0000, NULL, NULL, 3, 1701),
(309, 'IN', '2025-11-08 06:56:07', 5.0000, NULL, NULL, 1, 1702),
(310, 'IN', '2025-11-08 06:58:50', 30.0000, NULL, NULL, 1, 1703),
(311, 'OUT', '2025-11-08 07:05:09', 1.4700, NULL, 38, 1, 1693),
(312, 'OUT', '2025-11-08 07:05:09', 1.0500, NULL, 38, 1, 1683),
(313, 'OUT', '2025-11-08 07:05:09', 1.2600, NULL, 38, 1, 125),
(314, 'OUT', '2025-11-08 07:05:09', 0.0630, NULL, 38, 1, 73),
(315, 'OUT', '2025-11-08 07:05:09', 0.0110, NULL, 38, 1, 142),
(316, 'OUT', '2025-11-08 07:05:09', 0.0020, NULL, 38, 1, 122),
(317, 'OUT', '2025-11-08 07:05:11', 0.5040, NULL, 39, 1, 1698),
(318, 'OUT', '2025-11-08 07:05:11', 0.5040, NULL, 39, 1, 119),
(319, 'OUT', '2025-11-08 07:05:11', 0.3150, NULL, 39, 1, 1699),
(320, 'OUT', '2025-11-08 07:05:11', 0.3150, NULL, 39, 1, 1691),
(321, 'OUT', '2025-11-08 07:05:11', 0.1260, NULL, 39, 1, 101),
(322, 'OUT', '2025-11-08 07:05:11', 0.0250, NULL, 39, 1, 14),
(323, 'OUT', '2025-11-08 07:05:11', 0.0320, NULL, 39, 1, 73),
(324, 'OUT', '2025-11-08 07:05:11', 0.0060, NULL, 39, 1, 142),
(325, 'OUT', '2025-11-08 07:05:13', 0.7350, NULL, 40, 1, 1681),
(326, 'OUT', '2025-11-08 07:05:13', 0.7350, NULL, 40, 1, 1691),
(327, 'OUT', '2025-11-08 07:05:13', 0.5250, NULL, 40, 1, 1697),
(328, 'OUT', '2025-11-08 07:05:13', 0.8400, NULL, 40, 1, 1701),
(329, 'OUT', '2025-11-08 07:05:14', 0.2100, NULL, 40, 1, 101),
(330, 'OUT', '2025-11-08 07:05:14', 0.0840, NULL, 40, 1, 73),
(331, 'OUT', '2025-11-08 07:05:14', 0.0110, NULL, 40, 1, 142),
(332, 'OUT', '2025-11-08 07:05:14', 0.0020, NULL, 40, 1, 122),
(333, 'OUT', '2025-11-08 07:05:16', 0.8400, NULL, 41, 1, 1699),
(334, 'OUT', '2025-11-08 07:05:16', 0.6300, NULL, 41, 1, 125),
(335, 'OUT', '2025-11-08 07:05:16', 0.4200, NULL, 41, 1, 116),
(336, 'OUT', '2025-11-08 07:05:16', 0.2100, NULL, 41, 1, 101),
(337, 'OUT', '2025-11-08 07:05:16', 0.0420, NULL, 41, 1, 14),
(338, 'OUT', '2025-11-08 07:05:16', 0.1050, NULL, 41, 1, 43),
(339, 'OUT', '2025-11-08 07:05:16', 0.0110, NULL, 41, 1, 142),
(340, 'OUT', '2025-11-08 07:05:16', 0.0020, NULL, 41, 1, 122),
(341, 'OUT', '2025-11-08 07:05:18', 1.0300, NULL, 42, 1, 1696),
(342, 'OUT', '2025-11-08 07:05:18', 0.8240, NULL, 42, 1, 1701),
(343, 'OUT', '2025-11-08 07:05:18', 0.3610, NULL, 42, 1, 93),
(344, 'OUT', '2025-11-08 07:05:18', 1.0300, NULL, 42, 1, 1691),
(345, 'OUT', '2025-11-08 07:05:18', 0.2060, NULL, 42, 1, 60),
(346, 'OUT', '2025-11-08 07:05:18', 0.1030, NULL, 42, 1, 102),
(347, 'OUT', '2025-11-08 07:05:18', 0.0620, NULL, 42, 1, 73),
(348, 'OUT', '2025-11-08 07:05:18', 0.0410, NULL, 42, 1, 158),
(349, 'OUT', '2025-11-08 07:05:18', 0.0080, NULL, 42, 1, 142),
(350, 'OUT', '2025-11-08 07:05:18', 0.0020, NULL, 42, 1, 122),
(351, 'LOSS', '2025-11-08 07:06:23', 5.0000, 'EXPIRED', NULL, 1, 6),
(352, 'IN', '2025-11-08 07:07:19', 12.0000, NULL, NULL, 1, 1704),
(353, 'LOSS', '2025-11-09 18:52:28', 4.1600, 'EXPIRED', NULL, 3, 16),
(354, 'LOSS', '2025-11-09 18:52:28', 6.0000, 'EXPIRED', NULL, 3, 23),
(355, 'LOSS', '2025-11-09 18:52:28', 3.0000, 'EXPIRED', NULL, 3, 51),
(356, 'IN', '2025-11-09 18:53:10', 3.0000, NULL, NULL, 3, 1705),
(357, 'IN', '2025-11-09 18:53:40', 5.0000, NULL, NULL, 3, 1706),
(358, 'IN', '2025-11-09 18:54:16', 4.0000, NULL, NULL, 3, 1707),
(359, 'IN', '2025-11-09 18:54:49', 4.0000, NULL, NULL, 3, 1708),
(360, 'IN', '2025-11-09 18:55:38', 3.0000, NULL, NULL, 3, 1709),
(361, 'OUT', '2025-11-09 18:58:08', 0.8400, NULL, 43, 3, 71),
(362, 'OUT', '2025-11-09 18:58:08', 0.4200, NULL, 43, 3, 129),
(363, 'OUT', '2025-11-09 18:58:08', 1.2600, NULL, 43, 3, 155),
(364, 'OUT', '2025-11-09 18:58:08', 0.2100, NULL, 43, 3, 101),
(365, 'OUT', '2025-11-09 18:58:08', 0.4200, NULL, 43, 3, 1697),
(366, 'OUT', '2025-11-09 18:58:08', 0.0080, NULL, 43, 3, 105),
(367, 'OUT', '2025-11-09 18:58:08', 0.0080, NULL, 43, 3, 48),
(368, 'OUT', '2025-11-09 18:58:08', 0.0630, NULL, 43, 3, 73),
(369, 'OUT', '2025-11-09 18:58:08', 0.0110, NULL, 43, 3, 142),
(370, 'OUT', '2025-11-09 18:58:10', 1.4700, NULL, 44, 3, 1693),
(371, 'OUT', '2025-11-09 18:58:10', 1.0500, NULL, 44, 3, 1683),
(372, 'OUT', '2025-11-09 18:58:10', 1.2600, NULL, 44, 3, 125),
(373, 'OUT', '2025-11-09 18:58:10', 0.0630, NULL, 44, 3, 73),
(374, 'OUT', '2025-11-09 18:58:10', 0.0110, NULL, 44, 3, 142),
(375, 'OUT', '2025-11-09 18:58:10', 0.0020, NULL, 44, 3, 122),
(376, 'OUT', '2025-11-09 18:58:12', 0.8400, NULL, 45, 3, 1698),
(377, 'OUT', '2025-11-09 18:58:12', 0.8400, NULL, 45, 3, 119),
(378, 'OUT', '2025-11-09 18:58:12', 0.5250, NULL, 45, 3, 1699),
(379, 'OUT', '2025-11-09 18:58:12', 0.5250, NULL, 45, 3, 1691),
(380, 'OUT', '2025-11-09 18:58:12', 0.0860, NULL, 45, 3, 101),
(381, 'OUT', '2025-11-09 18:58:12', 0.1240, NULL, 45, 3, 1679),
(382, 'OUT', '2025-11-09 18:58:12', 0.0420, NULL, 45, 3, 14),
(383, 'OUT', '2025-11-09 18:58:12', 0.0530, NULL, 45, 3, 73),
(384, 'OUT', '2025-11-09 18:58:13', 0.0110, NULL, 45, 3, 142),
(385, 'OUT', '2025-11-09 18:58:15', 40.8000, NULL, 46, 3, 86),
(386, 'OUT', '2025-11-09 18:58:15', 0.4080, NULL, 46, 3, 67),
(387, 'OUT', '2025-11-09 18:58:15', 0.1020, NULL, 46, 3, 9),
(388, 'OUT', '2025-11-09 18:58:15', 0.0160, NULL, 46, 3, 142),
(389, 'OUT', '2025-11-09 18:58:15', 0.0040, NULL, 46, 3, 122),
(390, 'OUT', '2025-11-09 18:58:17', 0.5880, NULL, 47, 3, 1681),
(391, 'OUT', '2025-11-09 18:58:17', 0.5880, NULL, 47, 3, 1691),
(392, 'OUT', '2025-11-09 18:58:17', 0.4200, NULL, 47, 3, 1697),
(393, 'OUT', '2025-11-09 18:58:17', 0.6720, NULL, 47, 3, 1701),
(394, 'OUT', '2025-11-09 18:58:17', 0.1680, NULL, 47, 3, 1679),
(395, 'OUT', '2025-11-09 18:58:17', 0.0670, NULL, 47, 3, 73),
(396, 'OUT', '2025-11-09 18:58:17', 0.0080, NULL, 47, 3, 142),
(397, 'OUT', '2025-11-09 18:58:17', 0.0020, NULL, 47, 3, 122),
(398, 'OUT', '2025-11-09 18:58:19', 1.1760, NULL, 48, 3, 1693),
(399, 'OUT', '2025-11-09 18:58:19', 1.0080, NULL, 48, 3, 125),
(400, 'OUT', '2025-11-09 18:58:19', 0.6720, NULL, 48, 3, 1707),
(401, 'OUT', '2025-11-09 18:58:19', 0.0500, NULL, 48, 3, 73),
(402, 'OUT', '2025-11-09 18:58:19', 0.1680, NULL, 48, 3, 32),
(403, 'OUT', '2025-11-09 18:58:19', 0.0080, NULL, 48, 3, 142),
(404, 'OUT', '2025-11-09 18:58:19', 0.0020, NULL, 48, 3, 122),
(405, 'OUT', '2025-11-09 18:58:21', 1.5120, NULL, 49, 3, 62),
(406, 'OUT', '2025-11-09 18:58:21', 1.0080, NULL, 49, 3, 135),
(407, 'OUT', '2025-11-09 18:58:21', 0.2520, NULL, 49, 3, 1679),
(408, 'OUT', '2025-11-09 18:58:21', 0.0630, NULL, 49, 3, 1),
(409, 'OUT', '2025-11-09 18:58:21', 0.0130, NULL, 49, 3, 50),
(410, 'OUT', '2025-11-09 18:58:21', 0.5040, NULL, 49, 3, 41),
(411, 'OUT', '2025-11-09 18:58:21', 0.1260, NULL, 49, 3, 75),
(412, 'OUT', '2025-11-09 18:58:21', 0.0130, NULL, 49, 3, 142),
(413, 'IN', '2025-11-09 18:59:22', 100.0000, NULL, NULL, 3, 1710),
(414, 'IN', '2025-11-09 18:59:54', 6.0000, NULL, NULL, 3, 1711),
(415, 'IN', '2025-11-09 19:00:21', 4.0000, NULL, NULL, 3, 1712),
(416, 'OUT', '2025-11-09 19:01:28', 3.0900, NULL, 50, 3, 1696),
(417, 'OUT', '2025-11-09 19:01:28', 2.4720, NULL, 50, 3, 1701),
(418, 'OUT', '2025-11-09 19:01:28', 1.0820, NULL, 50, 3, 93),
(419, 'OUT', '2025-11-09 19:01:29', 3.0900, NULL, 50, 3, 1691),
(420, 'OUT', '2025-11-09 19:01:29', 0.6180, NULL, 50, 3, 60),
(421, 'OUT', '2025-11-09 19:01:29', 0.3090, NULL, 50, 3, 102),
(422, 'OUT', '2025-11-09 19:01:29', 0.1850, NULL, 50, 3, 73),
(423, 'OUT', '2025-11-09 19:01:29', 0.1240, NULL, 50, 3, 158),
(424, 'OUT', '2025-11-09 19:01:29', 0.0250, NULL, 50, 3, 142),
(425, 'OUT', '2025-11-09 19:01:29', 0.0060, NULL, 50, 3, 122),
(426, 'OUT', '2025-11-09 19:01:32', 2.5200, NULL, 51, 3, 119),
(427, 'OUT', '2025-11-09 19:01:32', 1.2600, NULL, 51, 3, 1699),
(428, 'OUT', '2025-11-09 19:01:33', 1.2600, NULL, 51, 3, 1691),
(429, 'OUT', '2025-11-09 19:01:33', 0.6300, NULL, 51, 3, 1679),
(430, 'OUT', '2025-11-09 19:01:33', 2.1000, NULL, 51, 3, 155),
(431, 'OUT', '2025-11-09 19:01:33', 0.0170, NULL, 51, 3, 49),
(432, 'OUT', '2025-11-09 19:01:33', 0.0170, NULL, 51, 3, 48),
(433, 'OUT', '2025-11-09 19:01:33', 0.1260, NULL, 51, 3, 73),
(434, 'OUT', '2025-11-09 19:01:33', 0.0210, NULL, 51, 3, 142),
(435, 'LOSS', '2025-11-11 07:00:45', 5.7080, 'EXPIRED', NULL, 1, 10),
(436, 'LOSS', '2025-11-11 07:00:45', 8.0000, 'EXPIRED', NULL, 1, 38),
(437, 'LOSS', '2025-11-11 07:00:45', 3.8080, 'EXPIRED', NULL, 1, 62),
(438, 'LOSS', '2025-11-11 07:00:45', 2.9840, 'EXPIRED', NULL, 1, 116),
(439, 'LOSS', '2025-11-11 07:00:45', 3.0000, 'EXPIRED', NULL, 1, 117),
(440, 'LOSS', '2025-11-11 07:00:45', 3.5580, 'EXPIRED', NULL, 1, 130),
(441, 'LOSS', '2025-11-11 07:00:45', 5.0020, 'EXPIRED', NULL, 1, 1681),
(442, 'LOSS', '2025-11-11 07:00:45', 20.0000, 'EXPIRED', NULL, 1, 1695),
(443, 'OUT', '2025-11-11 07:05:06', 0.0860, NULL, 52, 1, 1696),
(444, 'OUT', '2025-11-11 07:05:06', 0.7380, NULL, 52, 1, 1704),
(445, 'OUT', '2025-11-11 07:05:06', 0.6590, NULL, 52, 1, 1701),
(446, 'OUT', '2025-11-11 07:05:06', 0.2880, NULL, 52, 1, 93),
(447, 'OUT', '2025-11-11 07:05:06', 0.8240, NULL, 52, 1, 1691),
(448, 'OUT', '2025-11-11 07:05:06', 0.1650, NULL, 52, 1, 60),
(449, 'OUT', '2025-11-11 07:05:06', 0.0820, NULL, 52, 1, 102),
(450, 'OUT', '2025-11-11 07:05:06', 0.0490, NULL, 52, 1, 73),
(451, 'OUT', '2025-11-11 07:05:06', 0.0330, NULL, 52, 1, 158),
(452, 'OUT', '2025-11-11 07:05:07', 0.0070, NULL, 52, 1, 142),
(453, 'OUT', '2025-11-11 07:05:07', 0.0020, NULL, 52, 1, 122),
(454, 'OUT', '2025-11-11 07:05:10', 1.2600, NULL, 53, 1, 1698),
(455, 'OUT', '2025-11-11 07:05:11', 1.2600, NULL, 53, 1, 119),
(456, 'OUT', '2025-11-11 07:05:11', 0.7880, NULL, 53, 1, 1699),
(457, 'OUT', '2025-11-11 07:05:11', 0.0460, NULL, 53, 1, 1691),
(458, 'OUT', '2025-11-11 07:05:17', 1.1760, NULL, 53, 1, 1698),
(459, 'OUT', '2025-11-11 07:05:17', 1.1760, NULL, 53, 1, 119),
(460, 'OUT', '2025-11-11 07:05:17', 0.6420, NULL, 53, 1, 1699),
(461, 'OUT', '2025-11-11 07:05:17', 0.0930, NULL, 53, 1, 1694),
(462, 'OUT', '2025-11-11 07:05:20', 1.0920, NULL, 53, 1, 1698),
(463, 'OUT', '2025-11-11 07:05:20', 1.0920, NULL, 53, 1, 119),
(464, 'OUT', '2025-11-11 07:05:20', 0.6830, NULL, 53, 1, 1694),
(465, 'OUT', '2025-11-11 07:05:22', 1.0080, NULL, 53, 1, 1698),
(466, 'OUT', '2025-11-11 07:05:22', 1.0080, NULL, 53, 1, 119),
(467, 'OUT', '2025-11-11 07:05:22', 0.6300, NULL, 53, 1, 1694),
(468, 'OUT', '2025-11-11 07:05:25', 0.8400, NULL, 53, 1, 1698),
(469, 'OUT', '2025-11-11 07:05:25', 0.8400, NULL, 53, 1, 119),
(470, 'OUT', '2025-11-11 07:05:25', 0.4640, NULL, 53, 1, 1694),
(471, 'OUT', '2025-11-11 07:05:34', 0.8400, NULL, 53, 1, 1698),
(472, 'OUT', '2025-11-11 07:05:34', 0.8400, NULL, 53, 1, 119),
(473, 'OUT', '2025-11-11 07:09:24', 0.8400, NULL, 53, 1, 1698),
(474, 'OUT', '2025-11-11 07:09:24', 0.8400, NULL, 53, 1, 119),
(475, 'OUT', '2025-11-11 07:09:40', 0.7560, NULL, 53, 1, 1698),
(476, 'OUT', '2025-11-11 07:09:40', 0.7560, NULL, 53, 1, 119),
(477, 'OUT', '2025-11-11 07:09:42', 0.5040, NULL, 53, 1, 1698),
(478, 'OUT', '2025-11-11 07:09:42', 0.3860, NULL, 53, 1, 119),
(479, 'OUT', '2025-11-11 07:09:45', 0.3360, NULL, 53, 1, 1698),
(480, 'OUT', '2025-11-11 07:09:47', 0.2520, NULL, 53, 1, 1698),
(481, 'OUT', '2025-11-11 07:09:49', 0.1680, NULL, 53, 1, 1698),
(482, 'OUT', '2025-11-11 07:09:51', 0.0840, NULL, 53, 1, 1698),
(483, 'OUT', '2025-11-11 07:11:23', 24.2400, NULL, 54, 1, 86),
(484, 'OUT', '2025-11-11 07:11:23', 16.5600, NULL, 54, 1, 1710),
(485, 'OUT', '2025-11-11 07:11:23', 0.4080, NULL, 54, 1, 67),
(486, 'OUT', '2025-11-11 07:11:23', 0.1020, NULL, 54, 1, 9),
(487, 'OUT', '2025-11-11 07:11:23', 0.0160, NULL, 54, 1, 142),
(488, 'OUT', '2025-11-11 07:11:23', 0.0040, NULL, 54, 1, 122),
(489, 'OUT', '2025-11-11 07:11:26', 3.1500, NULL, 55, 1, 107),
(490, 'OUT', '2025-11-11 07:11:26', 1.2600, NULL, 55, 1, 1700),
(491, 'OUT', '2025-11-11 07:11:26', 0.9450, NULL, 55, 1, 98),
(492, 'OUT', '2025-11-11 07:11:26', 0.0630, NULL, 55, 1, 73),
(493, 'OUT', '2025-11-11 07:11:26', 0.0050, NULL, 55, 1, 1686),
(494, 'OUT', '2025-11-11 07:11:26', 0.0090, NULL, 55, 1, 142),
(495, 'OUT', '2025-11-11 07:11:28', 0.6700, NULL, 56, 1, 136),
(496, 'OUT', '2025-11-11 07:11:28', 0.9940, NULL, 56, 1, 1692),
(497, 'OUT', '2025-11-11 07:11:31', 1.5810, NULL, 56, 1, 1692),
(498, 'OUT', '2025-11-11 07:11:34', 1.3310, NULL, 56, 1, 1692),
(499, 'OUT', '2025-11-11 07:11:38', 1.1650, NULL, 56, 1, 1692),
(500, 'OUT', '2025-11-11 07:11:41', 0.9980, NULL, 56, 1, 1692),
(501, 'OUT', '2025-11-11 07:11:44', 0.8320, NULL, 56, 1, 1692),
(502, 'OUT', '2025-11-11 07:11:46', 0.5820, NULL, 56, 1, 1692),
(503, 'OUT', '2025-11-11 07:11:49', 0.4160, NULL, 56, 1, 1692),
(504, 'OUT', '2025-11-11 07:11:52', 0.2500, NULL, 56, 1, 1692),
(505, 'OUT', '2025-11-11 07:11:54', 0.1660, NULL, 56, 1, 1692),
(506, 'OUT', '2025-11-11 07:11:56', 0.0830, NULL, 56, 1, 1692),
(507, 'OUT', '2025-11-11 07:12:02', 2.0600, NULL, 57, 1, 104),
(508, 'OUT', '2025-11-11 07:12:02', 0.4120, NULL, 57, 1, 76),
(509, 'OUT', '2025-11-11 07:12:02', 0.2060, NULL, 57, 1, 67),
(510, 'OUT', '2025-11-11 07:12:02', 0.0520, NULL, 57, 1, 9),
(511, 'OUT', '2025-11-11 07:12:05', 2.6000, NULL, 58, 1, 1689),
(512, 'OUT', '2025-11-11 07:12:05', 2.0800, NULL, 58, 1, 1690),
(513, 'OUT', '2025-11-11 07:12:05', 2.6000, NULL, 58, 1, 1704),
(514, 'OUT', '2025-11-11 07:12:05', 1.3000, NULL, 58, 1, 1701),
(515, 'OUT', '2025-11-11 07:12:05', 0.3900, NULL, 58, 1, 95),
(516, 'OUT', '2025-11-11 07:16:56', 0.8400, NULL, 59, 1, 71),
(517, 'OUT', '2025-11-11 07:16:56', 0.4200, NULL, 59, 1, 129),
(518, 'OUT', '2025-11-11 07:16:56', 1.2600, NULL, 59, 1, 155),
(519, 'OUT', '2025-11-11 07:16:56', 0.2100, NULL, 59, 1, 1679),
(520, 'OUT', '2025-11-11 07:16:56', 0.4200, NULL, 59, 1, 1697),
(521, 'OUT', '2025-11-11 07:16:56', 0.0080, NULL, 59, 1, 105),
(522, 'OUT', '2025-11-11 07:16:56', 0.0080, NULL, 59, 1, 48),
(523, 'OUT', '2025-11-11 07:16:56', 0.0630, NULL, 59, 1, 73),
(524, 'OUT', '2025-11-11 07:16:56', 0.0110, NULL, 59, 1, 142),
(525, 'OUT', '2025-11-11 07:16:58', 1.4700, NULL, 60, 1, 1711),
(526, 'OUT', '2025-11-11 07:16:58', 1.0500, NULL, 60, 1, 1683),
(527, 'OUT', '2025-11-11 07:16:58', 1.2600, NULL, 60, 1, 125),
(528, 'OUT', '2025-11-11 07:16:58', 0.0630, NULL, 60, 1, 73),
(529, 'OUT', '2025-11-11 07:16:58', 0.0110, NULL, 60, 1, 142),
(530, 'OUT', '2025-11-11 07:16:58', 0.0020, NULL, 60, 1, 122),
(531, 'OUT', '2025-11-11 07:17:00', 15.3000, NULL, 61, 1, 160),
(532, 'OUT', '2025-11-11 07:17:00', 0.4590, NULL, 61, 1, 63),
(533, 'OUT', '2025-11-11 07:17:00', 0.1530, NULL, 61, 1, 96),
(534, 'OUT', '2025-11-11 07:17:00', 0.1220, NULL, 61, 1, 131),
(535, 'OUT', '2025-11-11 07:17:00', 0.1220, NULL, 61, 1, 2),
(536, 'IN', '2025-11-11 07:18:03', 10.0000, NULL, NULL, 1, 1713),
(537, 'IN', '2025-11-11 07:19:14', 10.0000, NULL, NULL, 1, 1714),
(538, 'IN', '2025-11-11 07:20:56', 10.0000, NULL, NULL, 1, 1715),
(539, 'IN', '2025-11-11 07:23:24', 10.0000, NULL, NULL, 1, 1716),
(540, 'IN', '2025-11-11 07:27:05', 10.0000, NULL, NULL, 1, 1717),
(541, 'IN', '2025-11-11 07:28:48', 2.0000, NULL, NULL, 1, 1718),
(542, 'IN', '2025-11-12 09:59:08', 5.0000, NULL, NULL, 3, 1719),
(543, 'OUT', '2025-11-12 10:02:14', 1.2360, NULL, 62, 3, 124),
(544, 'OUT', '2025-11-12 10:02:14', 1.2360, NULL, 62, 3, 1682),
(545, 'OUT', '2025-11-12 10:02:14', 1.0300, NULL, 62, 3, 103),
(546, 'OUT', '2025-11-12 10:02:14', 1.2360, NULL, 62, 3, 3),
(547, 'OUT', '2025-11-12 10:02:14', 0.8240, NULL, 62, 3, 1718),
(548, 'OUT', '2025-11-12 10:02:14', 0.6180, NULL, 62, 3, 77),
(549, 'OUT', '2025-11-12 10:02:14', 0.1240, NULL, 62, 3, 148),
(550, 'OUT', '2025-11-12 10:02:17', 30.6000, NULL, 63, 3, 1710),
(551, 'OUT', '2025-11-12 10:02:17', 0.3060, NULL, 63, 3, 67),
(552, 'OUT', '2025-11-12 10:02:17', 0.0770, NULL, 63, 3, 9),
(553, 'OUT', '2025-11-12 10:02:17', 0.0120, NULL, 63, 3, 142),
(554, 'OUT', '2025-11-12 10:02:17', 0.0030, NULL, 63, 3, 122),
(555, 'OUT', '2025-11-12 10:02:20', 4.2000, NULL, 64, 3, 107),
(556, 'OUT', '2025-11-12 10:02:20', 1.6800, NULL, 64, 3, 1700),
(557, 'OUT', '2025-11-12 10:02:20', 1.2600, NULL, 64, 3, 98),
(558, 'OUT', '2025-11-12 10:02:20', 0.0840, NULL, 64, 3, 73),
(559, 'OUT', '2025-11-12 10:02:20', 0.0060, NULL, 64, 3, 1686),
(560, 'OUT', '2025-11-12 10:02:20', 0.0130, NULL, 64, 3, 142),
(561, 'OUT', '2025-11-12 10:02:22', 3.0240, NULL, 65, 3, 1714),
(562, 'OUT', '2025-11-12 10:02:22', 6.3000, NULL, 65, 3, 125),
(563, 'OUT', '2025-11-12 10:02:23', 1.2600, NULL, 65, 3, 1687),
(564, 'OUT', '2025-11-12 10:02:23', 0.2520, NULL, 65, 3, 9),
(565, 'OUT', '2025-11-12 10:02:23', 0.0250, NULL, 65, 3, 142),
(566, 'OUT', '2025-11-12 10:02:23', 0.0050, NULL, 65, 3, 122),
(567, 'IN', '2025-11-12 10:55:07', 5.0000, NULL, NULL, 3, 1720),
(568, 'IN', '2025-11-12 10:55:40', 6.0000, NULL, NULL, 3, 1721),
(569, 'IN', '2025-11-12 10:56:09', 6.0000, NULL, NULL, 3, 1722),
(570, 'IN', '2025-11-12 10:56:39', 10.0000, NULL, NULL, 3, 1723),
(571, 'IN', '2025-11-12 10:57:19', 6.0000, NULL, NULL, 3, 1724),
(572, 'LOSS', '2025-11-17 08:15:13', 3.0000, 'EXPIRED', NULL, 1, 31),
(573, 'LOSS', '2025-11-17 08:15:13', 8.9100, 'EXPIRED', NULL, 1, 1682),
(574, 'LOSS', '2025-11-17 08:15:13', 2.1650, 'EXPIRED', NULL, 1, 1697),
(575, 'LOSS', '2025-11-17 08:15:13', 10.0000, 'EXPIRED', NULL, 1, 1713),
(576, 'OUT', '2025-11-17 08:18:28', 2.2050, NULL, 66, 1, 1711),
(577, 'OUT', '2025-11-17 08:18:28', 1.5750, NULL, 66, 1, 1683),
(578, 'OUT', '2025-11-17 08:18:28', 0.2190, NULL, 66, 1, 125),
(579, 'OUT', '2025-11-17 08:18:28', 1.6710, NULL, 66, 1, 1723),
(580, 'OUT', '2025-11-17 08:18:28', 0.0950, NULL, 66, 1, 73),
(581, 'OUT', '2025-11-17 08:18:28', 0.0160, NULL, 66, 1, 142),
(582, 'OUT', '2025-11-17 08:18:28', 0.0030, NULL, 66, 1, 122),
(583, 'OUT', '2025-11-17 08:18:32', 1.2600, NULL, 67, 1, 1698),
(584, 'OUT', '2025-11-17 08:18:32', 1.2600, NULL, 67, 1, 1716),
(585, 'OUT', '2025-11-17 08:18:32', 0.7880, NULL, 67, 1, 1722),
(586, 'OUT', '2025-11-17 08:18:32', 0.7880, NULL, 67, 1, 1721),
(587, 'OUT', '2025-11-17 08:18:32', 0.3150, NULL, 67, 1, 1679),
(588, 'OUT', '2025-11-17 08:18:32', 0.0630, NULL, 67, 1, 14),
(589, 'OUT', '2025-11-17 08:18:32', 0.0790, NULL, 67, 1, 73),
(590, 'OUT', '2025-11-17 08:18:33', 0.0160, NULL, 67, 1, 142),
(591, 'OUT', '2025-11-17 08:18:36', 30.6000, NULL, 69, 1, 1710),
(592, 'OUT', '2025-11-17 08:18:36', 0.3060, NULL, 69, 1, 67),
(593, 'OUT', '2025-11-17 08:18:36', 0.0770, NULL, 69, 1, 9),
(594, 'OUT', '2025-11-17 08:18:36', 0.0120, NULL, 69, 1, 142),
(595, 'OUT', '2025-11-17 08:18:36', 0.0030, NULL, 69, 1, 122),
(596, 'OUT', '2025-11-17 08:18:41', 2.8080, NULL, 68, 1, 68),
(597, 'OUT', '2025-11-17 08:18:41', 1.5600, NULL, 68, 1, 1700),
(598, 'OUT', '2025-11-17 08:18:41', 0.2340, NULL, 68, 1, 106),
(599, 'OUT', '2025-11-17 08:18:41', 0.0620, NULL, 68, 1, 73),
(600, 'OUT', '2025-11-17 08:18:41', 0.0160, NULL, 68, 1, 142),
(601, 'OUT', '2025-11-17 08:18:41', 0.0030, NULL, 68, 1, 122),
(602, 'OUT', '2025-11-17 08:18:45', 4.1600, NULL, 70, 1, 162),
(603, 'OUT', '2025-11-17 08:18:45', 4.1600, NULL, 70, 1, 1714),
(604, 'OUT', '2025-11-17 08:18:45', 6.2400, NULL, 70, 1, 155),
(605, 'OUT', '2025-11-17 08:18:45', 0.8320, NULL, 70, 1, 1679),
(606, 'OUT', '2025-11-17 08:18:45', 0.1250, NULL, 70, 1, 1),
(607, 'OUT', '2025-11-17 08:18:45', 0.3330, NULL, 70, 1, 73),
(608, 'OUT', '2025-11-17 08:18:45', 0.0420, NULL, 70, 1, 142),
(609, 'OUT', '2025-11-17 08:18:45', 0.0080, NULL, 70, 1, 122),
(610, 'OUT', '2025-11-17 08:18:49', 2.0600, NULL, 71, 1, 1704),
(611, 'OUT', '2025-11-17 08:18:49', 1.6480, NULL, 71, 1, 1701),
(612, 'OUT', '2025-11-17 08:18:49', 0.7210, NULL, 71, 1, 93),
(613, 'OUT', '2025-11-17 08:18:49', 2.0600, NULL, 71, 1, 1721),
(614, 'OUT', '2025-11-17 08:18:49', 0.4120, NULL, 71, 1, 60),
(615, 'OUT', '2025-11-17 08:18:49', 0.2060, NULL, 71, 1, 102),
(616, 'OUT', '2025-11-17 08:18:49', 0.1240, NULL, 71, 1, 73),
(617, 'OUT', '2025-11-17 08:18:49', 0.0820, NULL, 71, 1, 158),
(618, 'OUT', '2025-11-17 08:18:49', 0.0160, NULL, 71, 1, 142),
(619, 'OUT', '2025-11-17 08:18:49', 0.0040, NULL, 71, 1, 122),
(620, 'OUT', '2025-11-17 08:18:53', 1.2480, NULL, 72, 1, 1692),
(621, 'OUT', '2025-11-17 08:18:53', 0.7800, NULL, 72, 1, 1722),
(622, 'OUT', '2025-11-17 08:18:53', 0.6240, NULL, 72, 1, 113),
(623, 'OUT', '2025-11-17 08:18:53', 0.3120, NULL, 72, 1, 1679),
(624, 'OUT', '2025-11-17 08:18:53', 0.1250, NULL, 72, 1, 138),
(625, 'OUT', '2025-11-17 08:18:53', 0.1250, NULL, 72, 1, 75),
(626, 'OUT', '2025-11-17 08:18:53', 7.8000, NULL, 72, 1, 1710),
(627, 'OUT', '2025-11-17 08:18:56', 0.2620, NULL, 73, 1, 104),
(628, 'OUT', '2025-11-17 08:18:56', 3.8580, NULL, 73, 1, 1724),
(629, 'OUT', '2025-11-17 08:18:56', 0.8240, NULL, 73, 1, 76),
(630, 'OUT', '2025-11-17 08:18:56', 0.4120, NULL, 73, 1, 67),
(631, 'OUT', '2025-11-17 08:18:56', 0.1030, NULL, 73, 1, 9),
(632, 'OUT', '2025-11-17 08:19:00', 2.5200, NULL, 74, 1, 1722),
(633, 'OUT', '2025-11-17 08:19:00', 1.8900, NULL, 74, 1, 1723),
(634, 'OUT', '2025-11-17 08:19:00', 1.2600, NULL, 74, 1, 1720),
(635, 'OUT', '2025-11-17 08:19:00', 0.6300, NULL, 74, 1, 1679),
(636, 'OUT', '2025-11-17 08:19:00', 0.1260, NULL, 74, 1, 14),
(637, 'OUT', '2025-11-17 08:19:00', 0.3150, NULL, 74, 1, 1708),
(638, 'OUT', '2025-11-17 08:19:00', 0.0320, NULL, 74, 1, 142),
(639, 'OUT', '2025-11-17 08:19:00', 0.0060, NULL, 74, 1, 122),
(640, 'OUT', '2025-11-17 08:19:04', 2.0800, NULL, 75, 1, 1689),
(641, 'OUT', '2025-11-17 08:19:04', 1.6640, NULL, 75, 1, 1690),
(642, 'OUT', '2025-11-17 08:19:04', 2.0800, NULL, 75, 1, 1704),
(643, 'OUT', '2025-11-17 08:19:04', 1.0400, NULL, 75, 1, 1701),
(644, 'OUT', '2025-11-17 08:19:04', 0.3120, NULL, 75, 1, 95),
(645, 'OUT', '2025-11-17 08:19:08', 20.4000, NULL, 76, 1, 160),
(646, 'OUT', '2025-11-17 08:19:08', 0.6120, NULL, 76, 1, 63),
(647, 'OUT', '2025-11-17 08:19:08', 0.2040, NULL, 76, 1, 96),
(648, 'OUT', '2025-11-17 08:19:08', 0.1630, NULL, 76, 1, 131),
(649, 'OUT', '2025-11-17 08:19:08', 0.1630, NULL, 76, 1, 2),
(650, 'IN', '2025-11-17 08:21:49', 8.0000, NULL, NULL, 1, 1725),
(651, 'IN', '2025-11-17 08:22:11', 100.0000, NULL, NULL, 1, 1726),
(652, 'IN', '2025-11-17 08:22:42', 4.0000, NULL, NULL, 1, 1727),
(653, 'IN', '2025-11-17 08:23:10', 6.0000, NULL, NULL, 1, 1728),
(654, 'IN', '2025-11-17 08:24:39', 10.0000, NULL, NULL, 1, 1729),
(655, 'IN', '2025-11-17 08:24:55', 100.0000, NULL, NULL, 1, 1710),
(656, 'IN', '2025-11-17 08:25:23', 5.0000, NULL, NULL, 1, 1730),
(657, 'IN', '2025-11-17 08:25:54', 20.0000, NULL, NULL, 1, 1731),
(658, 'IN', '2025-11-17 08:27:18', 10.0000, NULL, NULL, 1, 1732),
(659, 'OUT', '2025-11-17 11:32:39', 1.1030, NULL, 77, 1, 1715),
(660, 'OUT', '2025-11-17 11:32:39', 1.1030, NULL, 77, 1, 1721),
(661, 'OUT', '2025-11-17 11:32:40', 0.7880, NULL, 77, 1, 1727),
(662, 'OUT', '2025-11-17 11:32:40', 0.5450, NULL, 77, 1, 1701),
(663, 'OUT', '2025-11-17 11:32:40', 0.7150, NULL, 77, 1, 1729),
(664, 'OUT', '2025-11-17 11:32:40', 0.3150, NULL, 77, 1, 1679),
(665, 'OUT', '2025-11-17 11:32:40', 0.1260, NULL, 77, 1, 73),
(666, 'OUT', '2025-11-17 11:32:40', 0.0160, NULL, 77, 1, 142),
(667, 'OUT', '2025-11-17 11:32:40', 0.0030, NULL, 77, 1, 122),
(668, 'OUT', '2025-11-17 11:32:42', 3.1500, NULL, 78, 1, 30),
(669, 'OUT', '2025-11-17 11:32:42', 2.6250, NULL, 78, 1, 9),
(670, 'OUT', '2025-11-17 11:32:42', 3.1500, NULL, 78, 1, 148),
(671, 'OUT', '2025-11-17 11:32:42', 2.6250, NULL, 78, 1, 56),
(672, 'OUT', '2025-11-17 11:32:42', 31.5000, NULL, 78, 1, 1710),
(673, 'OUT', '2025-11-17 11:32:42', 1.0500, NULL, 78, 1, 99),
(674, 'OUT', '2025-11-17 11:32:45', 1.2600, NULL, 79, 1, 135),
(675, 'OUT', '2025-11-17 11:32:45', 0.8400, NULL, 79, 1, 1716),
(676, 'OUT', '2025-11-17 11:32:45', 0.4200, NULL, 79, 1, 1705),
(677, 'OUT', '2025-11-17 11:32:45', 0.4200, NULL, 79, 1, 7),
(678, 'OUT', '2025-11-17 11:32:45', 0.4200, NULL, 79, 1, 92),
(679, 'OUT', '2025-11-17 11:32:45', 0.8400, NULL, 79, 1, 153),
(680, 'OUT', '2025-11-17 11:32:45', 0.1260, NULL, 79, 1, 73),
(681, 'OUT', '2025-11-17 11:32:45', 0.2100, NULL, 79, 1, 32),
(682, 'OUT', '2025-11-17 11:32:45', 0.0170, NULL, 79, 1, 142),
(683, 'OUT', '2025-11-17 11:32:47', 1.0600, NULL, 80, 1, 1714),
(684, 'OUT', '2025-11-17 11:32:47', 2.1200, NULL, 80, 1, 1724),
(685, 'OUT', '2025-11-17 11:32:47', 0.2120, NULL, 80, 1, 28),
(686, 'OUT', '2025-11-17 11:32:47', 0.2120, NULL, 80, 1, 1704),
(687, 'OUT', '2025-11-17 11:32:47', 0.2120, NULL, 80, 1, 1729),
(688, 'OUT', '2025-11-17 11:32:47', 0.1060, NULL, 80, 1, 95),
(689, 'OUT', '2025-11-17 11:32:47', 0.1060, NULL, 80, 1, 79),
(690, 'OUT', '2025-11-17 11:32:47', 1.2720, NULL, 80, 1, 65),
(691, 'OUT', '2025-11-17 11:32:47', 0.0080, NULL, 80, 1, 142),
(692, 'OUT', '2025-11-17 11:32:47', 0.0020, NULL, 80, 1, 122),
(693, 'OUT', '2025-11-17 11:32:49', 0.6240, NULL, 81, 1, 55),
(694, 'OUT', '2025-11-17 11:32:49', 0.1040, NULL, 81, 1, 148),
(695, 'OUT', '2025-11-17 11:32:49', 0.0310, NULL, 81, 1, 91),
(696, 'OUT', '2025-11-17 11:32:49', 1.2480, NULL, 81, 1, 1687),
(697, 'OUT', '2025-11-17 11:32:49', 8.3200, NULL, 81, 1, 1710),
(698, 'OUT', '2025-11-17 11:32:49', 0.0520, NULL, 81, 1, 9),
(699, 'OUT', '2025-11-17 11:32:49', 0.1040, NULL, 81, 1, 96),
(700, 'OUT', '2025-11-17 11:32:50', 0.0080, NULL, 81, 1, 142),
(701, 'OUT', '2025-11-17 11:32:51', 0.8400, NULL, 82, 1, 120),
(702, 'OUT', '2025-11-17 11:32:51', 0.4200, NULL, 82, 1, 1722),
(703, 'OUT', '2025-11-17 11:32:51', 0.4200, NULL, 82, 1, 1721),
(704, 'OUT', '2025-11-17 11:32:51', 0.2100, NULL, 82, 1, 1679),
(705, 'OUT', '2025-11-17 11:32:51', 0.2100, NULL, 82, 1, 81),
(706, 'OUT', '2025-11-17 11:32:51', 0.0110, NULL, 82, 1, 50),
(707, 'OUT', '2025-11-17 11:32:51', 0.0050, NULL, 82, 1, 49),
(708, 'OUT', '2025-11-17 11:32:51', 0.0420, NULL, 82, 1, 14),
(709, 'OUT', '2025-11-17 11:32:51', 0.0080, NULL, 82, 1, 142),
(710, 'IN', '2025-11-17 11:33:51', 15.0000, NULL, NULL, 1, 1733),
(711, 'IN', '2025-11-17 11:34:25', 12.0000, NULL, NULL, 1, 1734),
(712, 'IN', '2025-11-17 11:34:53', 3.0000, NULL, NULL, 1, 1735),
(713, 'OUT', '2025-11-17 11:44:05', 2.4720, NULL, 83, 1, 111),
(714, 'OUT', '2025-11-17 11:44:05', 15.4500, NULL, 83, 1, 151),
(715, 'OUT', '2025-11-17 11:44:05', 0.6180, NULL, 83, 1, 93),
(716, 'OUT', '2025-11-17 11:44:05', 0.6180, NULL, 83, 1, 1727),
(717, 'OUT', '2025-11-17 11:44:05', 0.6180, NULL, 83, 1, 1704),
(718, 'OUT', '2025-11-17 11:44:05', 0.3090, NULL, 83, 1, 1735),
(719, 'OUT', '2025-11-17 11:44:05', 0.1240, NULL, 83, 1, 73),
(720, 'OUT', '2025-11-17 11:44:05', 0.0250, NULL, 83, 1, 142),
(721, 'OUT', '2025-11-17 11:44:05', 0.0060, NULL, 83, 1, 122),
(722, 'OUT', '2025-11-17 11:44:09', 7.8000, NULL, 84, 1, 1689),
(723, 'OUT', '2025-11-17 11:44:09', 2.0800, NULL, 84, 1, 1716),
(724, 'OUT', '2025-11-17 11:44:09', 1.0400, NULL, 84, 1, 1722),
(725, 'OUT', '2025-11-17 11:44:09', 1.0400, NULL, 84, 1, 92),
(726, 'OUT', '2025-11-17 11:44:09', 1.0400, NULL, 84, 1, 1704),
(727, 'OUT', '2025-11-17 11:44:09', 1.0400, NULL, 84, 1, 1729),
(728, 'OUT', '2025-11-17 11:44:09', 0.3120, NULL, 84, 1, 73),
(729, 'OUT', '2025-11-17 11:44:09', 0.2080, NULL, 84, 1, 138),
(730, 'OUT', '2025-11-17 11:44:09', 0.0420, NULL, 84, 1, 142),
(731, 'OUT', '2025-11-18 10:15:49', 0.8400, NULL, 85, 3, 1714),
(732, 'OUT', '2025-11-18 10:15:49', 0.6300, NULL, 85, 3, 71),
(733, 'OUT', '2025-11-18 10:15:49', 0.5250, NULL, 85, 3, 1731),
(734, 'OUT', '2025-11-18 10:15:49', 0.2100, NULL, 85, 3, 1679),
(735, 'OUT', '2025-11-18 10:15:50', 0.0420, NULL, 85, 3, 1),
(736, 'OUT', '2025-11-18 10:15:50', 0.2100, NULL, 85, 3, 93),
(737, 'OUT', '2025-11-18 10:15:50', 0.0110, NULL, 85, 3, 105),
(738, 'OUT', '2025-11-18 10:15:50', 0.0050, NULL, 85, 3, 48),
(739, 'OUT', '2025-11-18 10:15:50', 0.0080, NULL, 85, 3, 142),
(740, 'OUT', '2025-11-18 10:15:50', 0.0020, NULL, 85, 3, 122),
(741, 'OUT', '2025-11-18 10:15:54', 0.8400, NULL, 86, 3, 71),
(742, 'OUT', '2025-11-18 10:15:54', 0.4200, NULL, 86, 3, 129),
(743, 'OUT', '2025-11-18 10:15:54', 1.2600, NULL, 86, 3, 1731),
(744, 'OUT', '2025-11-18 10:15:54', 0.2100, NULL, 86, 3, 1679),
(745, 'OUT', '2025-11-18 10:15:55', 0.4200, NULL, 86, 3, 1727),
(746, 'OUT', '2025-11-18 10:15:55', 0.0080, NULL, 86, 3, 105),
(747, 'OUT', '2025-11-18 10:15:55', 0.0080, NULL, 86, 3, 48),
(748, 'OUT', '2025-11-18 10:15:55', 0.0630, NULL, 86, 3, 73),
(749, 'OUT', '2025-11-18 10:15:55', 0.0110, NULL, 86, 3, 142),
(750, 'OUT', '2025-11-18 10:15:59', 1.0500, NULL, 87, 3, 1711),
(751, 'OUT', '2025-11-18 10:15:59', 0.6300, NULL, 87, 3, 135),
(752, 'OUT', '2025-11-18 10:15:59', 0.2100, NULL, 87, 3, 1679),
(753, 'OUT', '2025-11-18 10:15:59', 0.2100, NULL, 87, 3, 81),
(754, 'OUT', '2025-11-18 10:15:59', 0.0110, NULL, 87, 3, 50),
(755, 'OUT', '2025-11-18 10:15:59', 0.1050, NULL, 87, 3, 32),
(756, 'OUT', '2025-11-18 10:15:59', 0.0420, NULL, 87, 3, 14),
(757, 'OUT', '2025-11-18 10:15:59', 0.0080, NULL, 87, 3, 142),
(758, 'OUT', '2025-11-18 10:15:59', 0.0020, NULL, 87, 3, 122),
(759, 'OUT', '2025-11-18 10:16:03', 40.8000, NULL, 88, 3, 1710),
(760, 'OUT', '2025-11-18 10:16:03', 0.4080, NULL, 88, 3, 67),
(761, 'OUT', '2025-11-18 10:16:03', 0.1020, NULL, 88, 3, 9),
(762, 'OUT', '2025-11-18 10:16:03', 0.0160, NULL, 88, 3, 142),
(763, 'OUT', '2025-11-18 10:16:03', 0.0040, NULL, 88, 3, 122),
(764, 'OUT', '2025-11-18 10:16:07', 0.7350, NULL, 89, 3, 1715),
(765, 'OUT', '2025-11-18 10:16:07', 0.7350, NULL, 89, 3, 1721),
(766, 'OUT', '2025-11-18 10:16:07', 0.5250, NULL, 89, 3, 1727),
(767, 'OUT', '2025-11-18 10:16:07', 0.8400, NULL, 89, 3, 1729),
(768, 'OUT', '2025-11-18 10:16:07', 0.2100, NULL, 89, 3, 1679),
(769, 'OUT', '2025-11-18 10:16:07', 0.0840, NULL, 89, 3, 73),
(770, 'OUT', '2025-11-18 10:16:07', 0.0110, NULL, 89, 3, 142),
(771, 'OUT', '2025-11-18 10:16:07', 0.0020, NULL, 89, 3, 122),
(772, 'OUT', '2025-11-18 10:16:11', 1.5450, NULL, 90, 3, 1704),
(773, 'OUT', '2025-11-18 10:16:11', 1.2360, NULL, 90, 3, 1729),
(774, 'OUT', '2025-11-18 10:16:11', 0.5410, NULL, 90, 3, 93),
(775, 'OUT', '2025-11-18 10:16:11', 0.8940, NULL, 90, 3, 1721),
(776, 'OUT', '2025-11-18 10:19:48', 1.1070, NULL, 90, 3, 1704),
(777, 'OUT', '2025-11-18 10:20:29', 1.2750, NULL, 91, 3, 1711),
(778, 'OUT', '2025-11-18 10:20:29', 1.3560, NULL, 91, 3, 1693),
(779, 'IN', '2025-11-18 10:21:37', 10.0000, NULL, NULL, 3, 1693),
(780, 'IN', '2025-11-18 10:21:55', 8.0000, NULL, NULL, 3, 1736),
(781, 'IN', '2025-11-18 10:22:16', 10.0000, NULL, NULL, 3, 1737),
(782, 'IN', '2025-11-18 10:22:49', 40.0000, NULL, NULL, 3, 1738),
(783, 'OUT', '2025-11-18 10:25:01', 4.4100, NULL, 92, 3, 1693),
(784, 'OUT', '2025-11-18 10:25:01', 3.7800, NULL, 92, 3, 1723),
(785, 'OUT', '2025-11-18 10:25:01', 2.5200, NULL, 92, 3, 1707),
(786, 'OUT', '2025-11-18 10:25:01', 0.1890, NULL, 92, 3, 73),
(787, 'OUT', '2025-11-18 10:25:01', 0.6300, NULL, 92, 3, 32),
(788, 'OUT', '2025-11-18 10:25:01', 0.0320, NULL, 92, 3, 142),
(789, 'OUT', '2025-11-18 10:25:01', 0.0060, NULL, 92, 3, 122),
(790, 'OUT', '2025-11-18 10:25:03', 2.2050, NULL, 93, 3, 1715),
(791, 'OUT', '2025-11-18 10:25:03', 2.2050, NULL, 93, 3, 1736),
(792, 'OUT', '2025-11-18 10:25:03', 1.5750, NULL, 93, 3, 1727),
(793, 'OUT', '2025-11-18 10:25:03', 2.5200, NULL, 93, 3, 1729),
(794, 'OUT', '2025-11-18 10:25:03', 0.6300, NULL, 93, 3, 1679),
(795, 'OUT', '2025-11-18 10:25:03', 0.2520, NULL, 93, 3, 73),
(796, 'OUT', '2025-11-18 10:25:03', 0.0320, NULL, 93, 3, 142),
(797, 'OUT', '2025-11-18 10:25:03', 0.0060, NULL, 93, 3, 122),
(798, 'OUT', '2025-11-18 10:25:07', 1.5600, NULL, 94, 3, 1732),
(799, 'OUT', '2025-11-18 10:25:07', 0.3120, NULL, 94, 3, 76),
(800, 'OUT', '2025-11-18 10:25:07', 0.3120, NULL, 94, 3, 1708),
(801, 'OUT', '2025-11-18 10:25:07', 9.3600, NULL, 94, 3, 1710),
(802, 'OUT', '2025-11-18 10:25:07', 0.1560, NULL, 94, 3, 106),
(803, 'OUT', '2025-11-18 10:25:07', 0.0620, NULL, 94, 3, 73),
(804, 'OUT', '2025-11-18 10:25:07', 0.0120, NULL, 94, 3, 142),
(805, 'OUT', '2025-11-18 10:25:07', 0.0030, NULL, 94, 3, 122),
(806, 'OUT', '2025-11-18 10:25:09', 3.0900, NULL, 95, 3, 1737),
(807, 'OUT', '2025-11-18 10:25:09', 2.4720, NULL, 95, 3, 1729),
(808, 'OUT', '2025-11-18 10:25:09', 1.0820, NULL, 95, 3, 93),
(809, 'OUT', '2025-11-18 10:25:09', 3.0900, NULL, 95, 3, 1736),
(810, 'OUT', '2025-11-18 10:25:09', 0.6180, NULL, 95, 3, 60),
(811, 'OUT', '2025-11-18 10:25:09', 0.3090, NULL, 95, 3, 102),
(812, 'OUT', '2025-11-18 10:25:09', 0.1850, NULL, 95, 3, 73),
(813, 'OUT', '2025-11-18 10:25:09', 0.1240, NULL, 95, 3, 158),
(814, 'OUT', '2025-11-18 10:25:09', 0.0250, NULL, 95, 3, 142),
(815, 'OUT', '2025-11-18 10:25:09', 0.0060, NULL, 95, 3, 122);
INSERT INTO `stock_movement` (`id`, `type`, `moved_at`, `quantity`, `reason`, `meal_plan_item_id`, `user_id`, `lot_id`) VALUES
(816, 'OUT', '2025-11-20 08:18:54', 0.6300, NULL, 96, 1, 30),
(817, 'OUT', '2025-11-20 08:18:54', 0.5250, NULL, 96, 1, 9),
(818, 'OUT', '2025-11-20 08:18:54', 0.6300, NULL, 96, 1, 148),
(819, 'OUT', '2025-11-20 08:18:55', 0.5250, NULL, 96, 1, 56),
(820, 'OUT', '2025-11-20 08:18:55', 6.3000, NULL, 96, 1, 1710),
(821, 'OUT', '2025-11-20 08:18:55', 0.2100, NULL, 96, 1, 99),
(822, 'OUT', '2025-11-20 08:18:57', 1.1340, NULL, 97, 1, 135),
(823, 'OUT', '2025-11-20 08:18:57', 0.7560, NULL, 97, 1, 1716),
(824, 'OUT', '2025-11-20 08:18:57', 0.3780, NULL, 97, 1, 1705),
(825, 'OUT', '2025-11-20 08:18:58', 0.3780, NULL, 97, 1, 7),
(826, 'OUT', '2025-11-20 08:18:58', 0.3780, NULL, 97, 1, 92),
(827, 'OUT', '2025-11-20 08:18:58', 0.7560, NULL, 97, 1, 153),
(828, 'OUT', '2025-11-20 08:18:58', 0.1130, NULL, 97, 1, 73),
(829, 'OUT', '2025-11-20 08:18:58', 0.1890, NULL, 97, 1, 32),
(830, 'OUT', '2025-11-20 08:18:58', 0.0150, NULL, 97, 1, 142),
(831, 'OUT', '2025-11-20 08:19:00', 18.1600, NULL, 98, 1, 1710),
(832, 'OUT', '2025-11-20 08:19:06', 0.4500, NULL, 99, 1, 107),
(833, 'OUT', '2025-11-20 08:19:06', 1.6500, NULL, 99, 1, 1703),
(834, 'OUT', '2025-11-20 08:19:06', 0.8400, NULL, 99, 1, 1700),
(835, 'OUT', '2025-11-20 08:19:06', 0.6300, NULL, 99, 1, 98),
(836, 'OUT', '2025-11-20 08:19:06', 0.0420, NULL, 99, 1, 73),
(837, 'OUT', '2025-11-20 08:19:06', 0.0030, NULL, 99, 1, 1686),
(838, 'OUT', '2025-11-20 08:19:06', 0.0060, NULL, 99, 1, 142),
(839, 'OUT', '2025-11-20 08:19:09', 1.1330, NULL, 101, 1, 1737),
(840, 'OUT', '2025-11-20 08:19:09', 0.9060, NULL, 101, 1, 1729),
(841, 'OUT', '2025-11-20 08:19:09', 0.3970, NULL, 101, 1, 93),
(842, 'OUT', '2025-11-20 08:19:09', 1.1330, NULL, 101, 1, 1736),
(843, 'OUT', '2025-11-20 08:19:09', 0.2270, NULL, 101, 1, 60),
(844, 'OUT', '2025-11-20 08:19:09', 0.1130, NULL, 101, 1, 102),
(845, 'OUT', '2025-11-20 08:19:09', 0.0680, NULL, 101, 1, 73),
(846, 'OUT', '2025-11-20 08:19:09', 0.0450, NULL, 101, 1, 158),
(847, 'OUT', '2025-11-20 08:19:09', 0.0090, NULL, 101, 1, 142),
(848, 'OUT', '2025-11-20 08:19:09', 0.0020, NULL, 101, 1, 122),
(849, 'OUT', '2025-11-20 08:19:14', 0.8320, NULL, 100, 1, 1732),
(850, 'OUT', '2025-11-20 08:19:14', 0.8320, NULL, 100, 1, 1714),
(851, 'OUT', '2025-11-20 08:19:14', 1.2480, NULL, 100, 1, 1731),
(852, 'OUT', '2025-11-20 08:19:14', 0.1660, NULL, 100, 1, 1679),
(853, 'OUT', '2025-11-20 08:19:14', 0.0250, NULL, 100, 1, 1),
(854, 'OUT', '2025-11-20 08:19:14', 0.0670, NULL, 100, 1, 73),
(855, 'OUT', '2025-11-20 08:19:14', 0.0080, NULL, 100, 1, 142),
(856, 'OUT', '2025-11-20 08:19:14', 0.0020, NULL, 100, 1, 122),
(857, 'OUT', '2025-11-20 08:19:17', 4.1000, NULL, 102, 1, 160),
(858, 'OUT', '2025-11-20 08:19:17', 46.9000, NULL, 102, 1, 1726),
(859, 'OUT', '2025-11-20 08:19:17', 1.5300, NULL, 102, 1, 63),
(860, 'OUT', '2025-11-20 08:19:17', 0.5100, NULL, 102, 1, 96),
(861, 'OUT', '2025-11-20 08:19:17', 0.4080, NULL, 102, 1, 131),
(862, 'OUT', '2025-11-20 08:19:17', 0.4080, NULL, 102, 1, 2),
(863, 'OUT', '2025-11-20 08:19:19', 3.5280, NULL, 103, 1, 1716),
(864, 'OUT', '2025-11-20 08:19:19', 0.4520, NULL, 103, 1, 1722),
(865, 'OUT', '2025-11-20 08:19:19', 1.3120, NULL, 103, 1, 1730),
(866, 'OUT', '2025-11-20 08:19:20', 1.5720, NULL, 103, 1, 1736),
(867, 'OUT', '2025-11-20 08:19:27', 1.7300, NULL, 104, 1, 124),
(868, 'OUT', '2025-11-20 08:19:27', 1.7300, NULL, 104, 1, 1725),
(869, 'OUT', '2025-11-20 08:19:27', 1.4420, NULL, 104, 1, 103),
(870, 'OUT', '2025-11-20 08:19:27', 1.7300, NULL, 104, 1, 3),
(871, 'OUT', '2025-11-20 08:19:27', 1.1540, NULL, 104, 1, 1718),
(872, 'OUT', '2025-11-20 08:19:27', 0.8650, NULL, 104, 1, 77),
(873, 'OUT', '2025-11-20 08:19:27', 0.1730, NULL, 104, 1, 148),
(874, 'OUT', '2025-11-20 08:20:14', 1.5360, NULL, 103, 1, 1716),
(875, 'IN', '2025-11-20 08:23:55', 300.0000, NULL, NULL, 1, 1739),
(876, 'IN', '2025-11-20 08:30:08', 30.0000, NULL, NULL, 1, 1740),
(877, 'OUT', '2025-11-21 13:52:57', 4.2000, NULL, 105, 1, 1703),
(878, 'OUT', '2025-11-21 13:52:57', 1.6800, NULL, 105, 1, 1700),
(879, 'OUT', '2025-11-21 13:52:57', 1.2600, NULL, 105, 1, 98),
(880, 'OUT', '2025-11-21 13:52:57', 0.0840, NULL, 105, 1, 73),
(881, 'OUT', '2025-11-21 13:52:57', 0.0060, NULL, 105, 1, 1686),
(882, 'OUT', '2025-11-21 13:52:57', 0.0130, NULL, 105, 1, 142),
(883, 'OUT', '2025-11-21 13:53:05', 1.4980, NULL, 106, 1, 1728),
(884, 'OUT', '2025-11-21 13:53:05', 0.9360, NULL, 106, 1, 1730),
(885, 'OUT', '2025-11-21 13:53:05', 0.7490, NULL, 106, 1, 113),
(886, 'OUT', '2025-11-21 13:53:05', 0.3740, NULL, 106, 1, 1679),
(887, 'OUT', '2025-11-21 13:53:05', 0.1500, NULL, 106, 1, 138),
(888, 'OUT', '2025-11-21 13:53:05', 0.1500, NULL, 106, 1, 75),
(889, 'OUT', '2025-11-21 13:53:05', 9.3600, NULL, 106, 1, 1739),
(890, 'OUT', '2025-11-21 13:53:08', 1.6800, NULL, 107, 1, 1730),
(891, 'OUT', '2025-11-21 13:53:08', 1.2600, NULL, 107, 1, 1723),
(892, 'OUT', '2025-11-21 13:53:08', 0.8400, NULL, 107, 1, 1720),
(893, 'OUT', '2025-11-21 13:53:08', 0.4200, NULL, 107, 1, 1679),
(894, 'OUT', '2025-11-21 13:53:08', 0.0840, NULL, 107, 1, 14),
(895, 'OUT', '2025-11-21 13:53:08', 0.2100, NULL, 107, 1, 1708),
(896, 'OUT', '2025-11-21 13:53:08', 0.0210, NULL, 107, 1, 142),
(897, 'OUT', '2025-11-21 13:53:08', 0.0040, NULL, 107, 1, 122),
(898, 'OUT', '2025-11-21 13:53:10', 20.4000, NULL, 108, 1, 1726),
(899, 'OUT', '2025-11-21 13:53:10', 0.6120, NULL, 108, 1, 63),
(900, 'OUT', '2025-11-21 13:53:10', 0.2040, NULL, 108, 1, 96),
(901, 'OUT', '2025-11-21 13:53:10', 0.1630, NULL, 108, 1, 131),
(902, 'OUT', '2025-11-21 13:53:10', 0.1630, NULL, 108, 1, 2),
(903, 'OUT', '2025-11-21 13:53:12', 40.8000, NULL, 109, 1, 1739),
(904, 'OUT', '2025-11-21 13:53:12', 0.4080, NULL, 109, 1, 67),
(905, 'OUT', '2025-11-21 13:53:12', 0.1020, NULL, 109, 1, 9),
(906, 'OUT', '2025-11-21 13:53:12', 0.0160, NULL, 109, 1, 142),
(907, 'OUT', '2025-11-21 13:53:12', 0.0040, NULL, 109, 1, 122),
(908, 'IN', '2025-11-21 14:21:13', 15.0000, NULL, NULL, 1, 1736),
(909, 'IN', '2025-11-21 14:22:01', 20.0000, NULL, NULL, 1, 1741),
(910, 'LOSS', '2025-11-24 10:34:40', 4.2020, 'EXPIRED', NULL, 1, 7),
(911, 'LOSS', '2025-11-24 10:34:40', 1.4880, 'EXPIRED', NULL, 1, 32),
(912, 'IN', '2025-11-24 10:35:16', 4.0000, NULL, NULL, 1, 1742),
(913, 'IN', '2025-11-24 10:35:46', 5.0000, NULL, NULL, 1, 1729),
(914, 'IN', '2025-11-24 10:36:21', 3.0000, NULL, NULL, 1, 1727),
(915, 'IN', '2025-11-24 10:36:50', 8.0000, NULL, NULL, 1, 1743),
(916, 'IN', '2025-11-24 10:37:07', 8.0000, NULL, NULL, 1, 1730),
(917, 'IN', '2025-11-24 10:39:16', 10.0000, NULL, NULL, 1, 1744),
(918, 'IN', '2025-11-24 10:39:50', 10.0000, NULL, NULL, 1, 1745),
(919, 'IN', '2025-11-24 10:40:54', 10.0000, NULL, NULL, 1, 1746),
(920, 'IN', '2025-11-24 10:41:50', 10.0000, NULL, NULL, 1, 1747),
(921, 'IN', '2025-11-24 10:43:58', 8.0000, NULL, NULL, 1, 1748),
(922, 'IN', '2025-11-24 10:45:27', 5.0000, NULL, NULL, 1, 1749),
(923, 'OUT', '2025-11-24 10:45:39', 0.6300, NULL, 110, 1, 30),
(924, 'OUT', '2025-11-24 10:45:39', 0.5250, NULL, 110, 1, 9),
(925, 'OUT', '2025-11-24 10:45:39', 0.6300, NULL, 110, 1, 148),
(926, 'OUT', '2025-11-24 10:45:39', 0.5250, NULL, 110, 1, 56),
(927, 'OUT', '2025-11-24 10:45:39', 6.3000, NULL, 110, 1, 1739),
(928, 'OUT', '2025-11-24 10:45:39', 0.2100, NULL, 110, 1, 99),
(929, 'OUT', '2025-11-24 10:45:43', 0.2880, NULL, 111, 1, 135),
(930, 'OUT', '2025-11-24 10:45:43', 1.6020, NULL, 111, 1, 1733),
(931, 'OUT', '2025-11-24 10:45:43', 1.2600, NULL, 111, 1, 1740),
(932, 'OUT', '2025-11-24 10:45:43', 0.6300, NULL, 111, 1, 1705),
(933, 'OUT', '2025-11-24 10:45:43', 0.6300, NULL, 111, 1, 1744),
(934, 'OUT', '2025-11-24 10:45:43', 0.6300, NULL, 111, 1, 92),
(935, 'OUT', '2025-11-24 10:45:43', 1.2600, NULL, 111, 1, 153),
(936, 'OUT', '2025-11-24 10:45:43', 0.1890, NULL, 111, 1, 73),
(937, 'OUT', '2025-11-24 10:45:43', 0.3150, NULL, 111, 1, 1745),
(938, 'OUT', '2025-11-24 10:45:44', 0.0250, NULL, 111, 1, 142),
(939, 'OUT', '2025-11-24 10:45:47', 0.0840, NULL, 112, 1, 1714),
(940, 'OUT', '2025-11-24 10:45:47', 2.0360, NULL, 112, 1, 1741),
(941, 'OUT', '2025-11-24 10:45:47', 0.0220, NULL, 112, 1, 1724),
(942, 'OUT', '2025-11-24 10:45:47', 4.2180, NULL, 112, 1, 1734),
(943, 'OUT', '2025-11-24 10:45:47', 0.4240, NULL, 112, 1, 28),
(944, 'OUT', '2025-11-24 10:45:47', 0.4240, NULL, 112, 1, 1737),
(945, 'OUT', '2025-11-24 10:45:47', 0.4240, NULL, 112, 1, 1729),
(946, 'OUT', '2025-11-24 10:45:47', 0.2120, NULL, 112, 1, 1735),
(947, 'OUT', '2025-11-24 10:45:47', 0.2120, NULL, 112, 1, 79),
(948, 'OUT', '2025-11-24 10:45:47', 2.5440, NULL, 112, 1, 1746),
(949, 'OUT', '2025-11-24 10:45:47', 0.0170, NULL, 112, 1, 142),
(950, 'OUT', '2025-11-24 10:45:47', 0.0040, NULL, 112, 1, 122),
(951, 'OUT', '2025-11-24 10:45:50', 2.5200, NULL, 113, 1, 1741),
(952, 'OUT', '2025-11-24 10:45:50', 1.8900, NULL, 113, 1, 1747),
(953, 'OUT', '2025-11-24 10:45:51', 1.5750, NULL, 113, 1, 1731),
(954, 'OUT', '2025-11-24 10:45:51', 0.6300, NULL, 113, 1, 1679),
(955, 'OUT', '2025-11-24 10:45:51', 0.1260, NULL, 113, 1, 1),
(956, 'OUT', '2025-11-24 10:45:51', 0.6300, NULL, 113, 1, 93),
(957, 'OUT', '2025-11-24 10:45:51', 0.0320, NULL, 113, 1, 105),
(958, 'OUT', '2025-11-24 10:45:51', 0.0160, NULL, 113, 1, 48),
(959, 'OUT', '2025-11-24 10:45:51', 0.0250, NULL, 113, 1, 142),
(960, 'OUT', '2025-11-24 10:45:51', 0.0060, NULL, 113, 1, 122),
(961, 'OUT', '2025-11-24 10:45:54', 4.4100, NULL, 114, 1, 1693),
(962, 'OUT', '2025-11-24 10:45:54', 3.1500, NULL, 114, 1, 1683),
(963, 'OUT', '2025-11-24 10:45:54', 1.3990, NULL, 114, 1, 1723),
(964, 'OUT', '2025-11-24 10:45:54', 2.3810, NULL, 114, 1, 1743),
(965, 'OUT', '2025-11-24 10:45:54', 0.1890, NULL, 114, 1, 73),
(966, 'OUT', '2025-11-24 10:45:54', 0.0320, NULL, 114, 1, 142),
(967, 'OUT', '2025-11-24 10:45:54', 0.0060, NULL, 114, 1, 122),
(968, 'OUT', '2025-11-24 10:45:57', 2.2050, NULL, 115, 1, 1715),
(969, 'OUT', '2025-11-24 10:45:57', 2.2050, NULL, 115, 1, 1736),
(970, 'OUT', '2025-11-24 10:45:57', 1.5750, NULL, 115, 1, 1727),
(971, 'OUT', '2025-11-24 10:45:57', 2.5200, NULL, 115, 1, 1729),
(972, 'OUT', '2025-11-24 10:45:57', 0.6300, NULL, 115, 1, 1679),
(973, 'OUT', '2025-11-24 10:45:57', 0.2520, NULL, 115, 1, 73),
(974, 'OUT', '2025-11-24 10:45:57', 0.0320, NULL, 115, 1, 142),
(975, 'OUT', '2025-11-24 10:45:57', 0.0060, NULL, 115, 1, 122),
(976, 'OUT', '2025-11-24 10:46:00', 0.7560, NULL, 116, 1, 1707),
(977, 'OUT', '2025-11-24 10:46:00', 0.5670, NULL, 116, 1, 1743),
(978, 'OUT', '2025-11-24 10:46:00', 0.1890, NULL, 116, 1, 1708),
(979, 'OUT', '2025-11-24 10:46:00', 0.1420, NULL, 116, 1, 28),
(980, 'OUT', '2025-11-24 10:46:00', 0.0470, NULL, 116, 1, 9),
(981, 'OUT', '2025-11-24 10:46:00', 0.0380, NULL, 116, 1, 14),
(982, 'OUT', '2025-11-24 10:46:00', 0.0080, NULL, 116, 1, 142),
(983, 'OUT', '2025-11-24 10:46:00', 0.0020, NULL, 116, 1, 122),
(984, 'OUT', '2025-11-24 10:46:02', 1.8720, NULL, 117, 1, 55),
(985, 'OUT', '2025-11-24 10:46:02', 0.3120, NULL, 117, 1, 148),
(986, 'OUT', '2025-11-24 10:46:03', 0.0940, NULL, 117, 1, 91),
(987, 'OUT', '2025-11-24 10:46:03', 3.7440, NULL, 117, 1, 1687),
(988, 'OUT', '2025-11-24 10:46:03', 24.9600, NULL, 117, 1, 1739),
(989, 'OUT', '2025-11-24 10:46:03', 0.0330, NULL, 117, 1, 9),
(990, 'OUT', '2025-11-24 10:46:03', 0.1230, NULL, 117, 1, 1749),
(991, 'OUT', '2025-11-24 10:46:03', 0.3120, NULL, 117, 1, 96),
(992, 'OUT', '2025-11-24 10:46:03', 0.0250, NULL, 117, 1, 142),
(993, 'OUT', '2025-11-24 10:46:05', 5.2500, NULL, 118, 1, 1703),
(994, 'OUT', '2025-11-24 10:46:05', 2.1000, NULL, 118, 1, 1700),
(995, 'OUT', '2025-11-24 10:46:05', 1.5750, NULL, 118, 1, 98),
(996, 'OUT', '2025-11-24 10:46:05', 0.1050, NULL, 118, 1, 73),
(997, 'OUT', '2025-11-24 10:46:05', 0.0080, NULL, 118, 1, 1686),
(998, 'OUT', '2025-11-24 10:46:05', 0.0160, NULL, 118, 1, 142),
(999, 'OUT', '2025-11-24 10:46:08', 3.1200, NULL, 119, 1, 1689),
(1000, 'OUT', '2025-11-24 10:46:08', 2.4960, NULL, 119, 1, 1690),
(1001, 'OUT', '2025-11-24 10:46:08', 3.1200, NULL, 119, 1, 1737),
(1002, 'OUT', '2025-11-24 10:46:08', 1.5600, NULL, 119, 1, 1729),
(1003, 'OUT', '2025-11-24 10:46:08', 0.4680, NULL, 119, 1, 1735),
(1004, 'OUT', '2025-11-24 14:42:53', 1.8540, NULL, 120, 1, 124),
(1005, 'OUT', '2025-11-24 14:42:53', 1.8540, NULL, 120, 1, 1725),
(1006, 'OUT', '2025-11-24 14:42:53', 1.5450, NULL, 120, 1, 103),
(1007, 'OUT', '2025-11-24 14:42:53', 1.8540, NULL, 120, 1, 3),
(1008, 'OUT', '2025-11-24 14:42:53', 0.0220, NULL, 120, 1, 1718),
(1009, 'OUT', '2025-11-24 14:42:53', 1.2140, NULL, 120, 1, 1742),
(1010, 'OUT', '2025-11-24 14:42:53', 0.9270, NULL, 120, 1, 77),
(1011, 'OUT', '2025-11-24 14:42:53', 0.1850, NULL, 120, 1, 148),
(1012, 'OUT', '2025-11-24 14:42:56', 2.5200, NULL, 121, 1, 1690),
(1013, 'OUT', '2025-11-24 14:42:56', 1.6800, NULL, 121, 1, 1733),
(1014, 'OUT', '2025-11-24 14:42:56', 0.4200, NULL, 121, 1, 1679),
(1015, 'OUT', '2025-11-24 14:42:56', 0.1050, NULL, 121, 1, 1),
(1016, 'OUT', '2025-11-24 14:42:56', 0.0210, NULL, 121, 1, 50),
(1017, 'OUT', '2025-11-24 14:42:56', 0.8400, NULL, 121, 1, 41),
(1018, 'OUT', '2025-11-24 14:42:56', 0.2100, NULL, 121, 1, 75),
(1019, 'OUT', '2025-11-24 14:42:56', 0.0210, NULL, 121, 1, 142),
(1020, 'OUT', '2025-11-24 14:42:58', 3.1200, NULL, 122, 1, 1689),
(1021, 'OUT', '2025-11-24 14:42:58', 0.8320, NULL, 122, 1, 1740),
(1022, 'OUT', '2025-11-24 14:42:58', 0.4160, NULL, 122, 1, 1730),
(1023, 'OUT', '2025-11-24 14:42:58', 0.4160, NULL, 122, 1, 92),
(1024, 'OUT', '2025-11-24 14:42:58', 0.4160, NULL, 122, 1, 1737),
(1025, 'OUT', '2025-11-24 14:42:58', 0.4160, NULL, 122, 1, 1729),
(1026, 'OUT', '2025-11-24 14:42:58', 0.1250, NULL, 122, 1, 73),
(1027, 'OUT', '2025-11-24 14:42:58', 0.0830, NULL, 122, 1, 138),
(1028, 'OUT', '2025-11-24 14:42:59', 0.0170, NULL, 122, 1, 142),
(1029, 'OUT', '2025-11-24 14:43:01', 4.2000, NULL, 123, 1, 118),
(1030, 'OUT', '2025-11-24 14:43:01', 2.1000, NULL, 123, 1, 1730),
(1031, 'OUT', '2025-11-24 14:43:01', 1.5750, NULL, 123, 1, 1720),
(1032, 'OUT', '2025-11-24 14:43:01', 1.0500, NULL, 123, 1, 1679),
(1033, 'OUT', '2025-11-24 14:43:01', 0.2100, NULL, 123, 1, 14),
(1034, 'OUT', '2025-11-24 14:43:01', 0.5250, NULL, 123, 1, 1708),
(1035, 'OUT', '2025-11-24 14:43:01', 0.0420, NULL, 123, 1, 142),
(1036, 'OUT', '2025-11-24 14:43:01', 0.0110, NULL, 123, 1, 122),
(1037, 'OUT', '2025-11-24 14:43:03', 1.2480, NULL, 124, 1, 55),
(1038, 'OUT', '2025-11-24 14:43:03', 0.2080, NULL, 124, 1, 148),
(1039, 'OUT', '2025-11-24 14:43:03', 0.0620, NULL, 124, 1, 91),
(1040, 'OUT', '2025-11-24 14:43:03', 2.4960, NULL, 124, 1, 1687),
(1041, 'OUT', '2025-11-24 14:43:03', 16.6400, NULL, 124, 1, 1739),
(1042, 'OUT', '2025-11-24 14:43:03', 0.1040, NULL, 124, 1, 1749),
(1043, 'OUT', '2025-11-24 14:43:03', 0.2080, NULL, 124, 1, 96),
(1044, 'OUT', '2025-11-24 14:43:03', 0.0170, NULL, 124, 1, 142),
(1045, 'OUT', '2025-11-24 14:43:05', 0.9360, NULL, 125, 1, 129),
(1046, 'OUT', '2025-11-24 14:43:05', 0.6240, NULL, 125, 1, 1736),
(1047, 'OUT', '2025-11-24 14:43:05', 0.6240, NULL, 125, 1, 1727),
(1048, 'OUT', '2025-11-24 14:43:05', 0.3120, NULL, 125, 1, 1729),
(1049, 'OUT', '2025-11-24 14:43:05', 0.3120, NULL, 125, 1, 60),
(1050, 'OUT', '2025-11-24 14:43:05', 0.1560, NULL, 125, 1, 102),
(1051, 'OUT', '2025-11-24 14:43:05', 0.0940, NULL, 125, 1, 73),
(1052, 'OUT', '2025-11-24 14:43:05', 0.0620, NULL, 125, 1, 158),
(1053, 'OUT', '2025-11-24 14:43:05', 0.1560, NULL, 125, 1, 1745),
(1054, 'OUT', '2025-11-24 14:43:05', 0.0120, NULL, 125, 1, 142),
(1055, 'OUT', '2025-11-24 14:43:05', 0.0030, NULL, 125, 1, 122),
(1056, 'OUT', '2025-11-24 14:43:07', 2.5200, NULL, 126, 1, 1698),
(1057, 'OUT', '2025-11-24 14:43:07', 2.5200, NULL, 126, 1, 1740),
(1058, 'OUT', '2025-11-24 14:43:07', 1.5750, NULL, 126, 1, 1730),
(1059, 'OUT', '2025-11-24 14:43:07', 1.5750, NULL, 126, 1, 1736),
(1060, 'OUT', '2025-11-24 14:43:07', 0.6300, NULL, 126, 1, 1679),
(1061, 'OUT', '2025-11-24 14:43:07', 0.1260, NULL, 126, 1, 14),
(1062, 'OUT', '2025-11-24 14:43:07', 0.1580, NULL, 126, 1, 73),
(1063, 'OUT', '2025-11-24 14:43:07', 0.0320, NULL, 126, 1, 142),
(1182, 'OUT', '2025-11-26 09:26:27', 0.8400, NULL, 146, 1, 134),
(1183, 'OUT', '2025-11-26 09:26:27', 0.6300, NULL, 146, 1, 26),
(1184, 'OUT', '2025-11-26 09:26:27', 0.2100, NULL, 146, 1, 1679),
(1185, 'OUT', '2025-11-26 09:26:27', 0.0420, NULL, 146, 1, 1),
(1186, 'OUT', '2025-11-26 09:26:27', 0.0420, NULL, 146, 1, 14),
(1187, 'OUT', '2025-11-26 09:26:27', 0.2100, NULL, 146, 1, 1708),
(1188, 'OUT', '2025-11-26 09:26:27', 0.1050, NULL, 146, 1, 106),
(1189, 'OUT', '2025-11-26 09:26:27', 0.0530, NULL, 146, 1, 1749),
(1190, 'OUT', '2025-11-26 09:26:27', 0.0080, NULL, 146, 1, 142),
(1191, 'OUT', '2025-11-26 09:26:27', 0.0020, NULL, 146, 1, 122),
(1192, 'OUT', '2025-11-26 09:26:40', 1.2600, NULL, 147, 1, 1690),
(1193, 'OUT', '2025-11-26 09:26:40', 0.8400, NULL, 147, 1, 1733),
(1194, 'OUT', '2025-11-26 09:26:40', 0.2100, NULL, 147, 1, 1679),
(1195, 'OUT', '2025-11-26 09:26:40', 0.0530, NULL, 147, 1, 1),
(1196, 'OUT', '2025-11-26 09:26:40', 0.0110, NULL, 147, 1, 50),
(1197, 'OUT', '2025-11-26 09:26:40', 0.4200, NULL, 147, 1, 41),
(1198, 'OUT', '2025-11-26 09:26:40', 0.1050, NULL, 147, 1, 75),
(1199, 'OUT', '2025-11-26 09:26:40', 0.0110, NULL, 147, 1, 142),
(1200, 'OUT', '2025-11-26 09:54:29', 1.2600, NULL, 148, 1, 1690),
(1201, 'OUT', '2025-11-26 09:54:29', 0.8400, NULL, 148, 1, 1733),
(1202, 'OUT', '2025-11-26 09:54:29', 0.2100, NULL, 148, 1, 1679),
(1203, 'OUT', '2025-11-26 09:54:29', 0.0530, NULL, 148, 1, 1),
(1204, 'OUT', '2025-11-26 09:54:29', 0.0110, NULL, 148, 1, 50),
(1205, 'OUT', '2025-11-26 09:54:29', 0.4200, NULL, 148, 1, 41),
(1206, 'OUT', '2025-11-26 09:54:29', 0.1050, NULL, 148, 1, 75),
(1207, 'OUT', '2025-11-26 09:54:29', 0.0110, NULL, 148, 1, 142),
(1208, 'OUT', '2025-11-26 09:54:37', 2.1200, NULL, 149, 1, 108),
(1209, 'OUT', '2025-11-26 09:54:37', 12.7200, NULL, 149, 1, 1739),
(1210, 'OUT', '2025-11-26 09:54:37', 0.3180, NULL, 149, 1, 1708),
(1211, 'OUT', '2025-11-26 09:54:37', 0.3180, NULL, 149, 1, 82),
(1212, 'OUT', '2025-11-26 09:54:37', 0.2120, NULL, 149, 1, 67),
(1213, 'OUT', '2025-11-26 09:54:37', 0.3180, NULL, 149, 1, 76),
(1214, 'OUT', '2025-11-26 09:54:37', 0.0080, NULL, 149, 1, 142),
(1215, 'OUT', '2025-11-26 09:54:37', 0.0020, NULL, 149, 1, 122),
(1216, 'OUT', '2025-11-26 09:55:31', 2.1200, NULL, 150, 1, 108),
(1217, 'OUT', '2025-11-26 09:55:31', 12.7200, NULL, 150, 1, 1739),
(1218, 'OUT', '2025-11-26 09:55:31', 0.3180, NULL, 150, 1, 1708),
(1219, 'OUT', '2025-11-26 09:55:31', 0.3180, NULL, 150, 1, 82),
(1220, 'OUT', '2025-11-26 09:55:32', 0.2120, NULL, 150, 1, 67),
(1221, 'OUT', '2025-11-26 09:55:32', 0.3180, NULL, 150, 1, 76),
(1222, 'OUT', '2025-11-26 09:55:32', 0.0080, NULL, 150, 1, 142),
(1223, 'OUT', '2025-11-26 09:55:32', 0.0020, NULL, 150, 1, 122),
(1224, 'OUT', '2025-11-26 09:55:45', 2.1200, NULL, 151, 1, 108),
(1225, 'OUT', '2025-11-26 09:55:45', 12.7200, NULL, 151, 1, 1739),
(1226, 'OUT', '2025-11-26 09:55:45', 0.3180, NULL, 151, 1, 1708),
(1227, 'OUT', '2025-11-26 09:55:45', 0.3180, NULL, 151, 1, 82),
(1228, 'OUT', '2025-11-26 09:55:45', 0.2120, NULL, 151, 1, 67),
(1229, 'OUT', '2025-11-26 09:55:45', 0.3180, NULL, 151, 1, 76),
(1230, 'OUT', '2025-11-26 09:55:45', 0.0080, NULL, 151, 1, 142),
(1231, 'OUT', '2025-11-26 09:55:45', 0.0020, NULL, 151, 1, 122),
(1232, 'OUT', '2025-11-26 10:05:24', 2.1200, NULL, 153, 1, 108),
(1233, 'OUT', '2025-11-26 10:05:24', 12.7200, NULL, 153, 1, 1739),
(1234, 'OUT', '2025-11-26 10:05:24', 0.3180, NULL, 153, 1, 1708),
(1235, 'OUT', '2025-11-26 10:05:24', 0.3180, NULL, 153, 1, 82),
(1236, 'OUT', '2025-11-26 10:05:24', 0.2120, NULL, 153, 1, 67),
(1237, 'OUT', '2025-11-26 10:05:25', 0.3180, NULL, 153, 1, 76),
(1238, 'OUT', '2025-11-26 10:05:25', 0.0080, NULL, 153, 1, 142),
(1239, 'OUT', '2025-11-26 10:05:25', 0.0020, NULL, 153, 1, 122),
(1240, 'OUT', '2025-11-26 10:05:42', 2.1200, NULL, 154, 1, 108),
(1241, 'OUT', '2025-11-26 10:05:42', 12.7200, NULL, 154, 1, 1739),
(1242, 'OUT', '2025-11-26 10:05:42', 0.0220, NULL, 154, 1, 1708),
(1243, 'OUT', '2025-11-26 10:05:42', 0.2960, NULL, 154, 1, 43),
(1244, 'OUT', '2025-11-26 10:05:42', 0.3180, NULL, 154, 1, 82),
(1245, 'OUT', '2025-11-26 10:05:42', 0.2120, NULL, 154, 1, 67),
(1246, 'OUT', '2025-11-26 10:05:42', 0.3180, NULL, 154, 1, 76),
(1247, 'OUT', '2025-11-26 10:05:42', 0.0080, NULL, 154, 1, 142),
(1248, 'OUT', '2025-11-26 10:05:42', 0.0020, NULL, 154, 1, 122),
(1249, 'OUT', '2025-11-26 10:06:32', 1.0400, NULL, 156, 1, 1732),
(1250, 'OUT', '2025-11-26 10:06:32', 0.2080, NULL, 156, 1, 76),
(1251, 'OUT', '2025-11-26 10:06:32', 0.2080, NULL, 156, 1, 43),
(1252, 'OUT', '2025-11-26 10:06:32', 6.2400, NULL, 156, 1, 1739),
(1253, 'OUT', '2025-11-26 10:06:32', 0.1040, NULL, 156, 1, 106),
(1254, 'OUT', '2025-11-26 10:06:32', 0.0420, NULL, 156, 1, 73),
(1255, 'OUT', '2025-11-26 10:06:32', 0.0080, NULL, 156, 1, 142),
(1256, 'OUT', '2025-11-26 10:06:32', 0.0020, NULL, 156, 1, 122),
(1257, 'OUT', '2025-11-26 10:14:04', 1.0400, NULL, 157, 1, 1732),
(1258, 'OUT', '2025-11-26 10:14:04', 0.2080, NULL, 157, 1, 76),
(1259, 'OUT', '2025-11-26 10:14:04', 0.2080, NULL, 157, 1, 43),
(1260, 'OUT', '2025-11-26 10:14:04', 6.2400, NULL, 157, 1, 1739),
(1261, 'OUT', '2025-11-26 10:14:04', 0.1040, NULL, 157, 1, 106),
(1262, 'OUT', '2025-11-26 10:14:04', 0.0420, NULL, 157, 1, 73),
(1263, 'OUT', '2025-11-26 10:14:04', 0.0080, NULL, 157, 1, 142),
(1264, 'OUT', '2025-11-26 10:14:04', 0.0020, NULL, 157, 1, 122),
(1265, 'OUT', '2025-11-26 10:14:17', 1.0400, NULL, 158, 1, 1732),
(1266, 'OUT', '2025-11-26 10:14:17', 0.2080, NULL, 158, 1, 76),
(1267, 'OUT', '2025-11-26 10:14:17', 0.2080, NULL, 158, 1, 43),
(1268, 'OUT', '2025-11-26 10:14:17', 6.2400, NULL, 158, 1, 1739),
(1269, 'OUT', '2025-11-26 10:14:18', 0.1040, NULL, 158, 1, 106),
(1270, 'OUT', '2025-11-26 10:14:18', 0.0420, NULL, 158, 1, 73),
(1271, 'OUT', '2025-11-26 10:14:18', 0.0080, NULL, 158, 1, 142),
(1272, 'OUT', '2025-11-26 10:14:18', 0.0020, NULL, 158, 1, 122),
(1273, 'OUT', '2025-11-26 10:14:54', 1.0400, NULL, 159, 1, 1732),
(1274, 'OUT', '2025-11-26 10:14:54', 0.2080, NULL, 159, 1, 76),
(1275, 'OUT', '2025-11-26 10:14:54', 0.2080, NULL, 159, 1, 43),
(1276, 'OUT', '2025-11-26 10:14:54', 6.2400, NULL, 159, 1, 1739),
(1277, 'OUT', '2025-11-26 10:14:54', 0.1040, NULL, 159, 1, 106),
(1278, 'OUT', '2025-11-26 10:14:54', 0.0420, NULL, 159, 1, 73),
(1279, 'OUT', '2025-11-26 10:14:54', 0.0080, NULL, 159, 1, 142),
(1280, 'OUT', '2025-11-26 10:14:54', 0.0020, NULL, 159, 1, 122),
(1281, 'OUT', '2025-11-26 10:16:07', 2.2880, NULL, 160, 1, 1732),
(1282, 'OUT', '2025-11-26 10:16:07', 0.4580, NULL, 160, 1, 76),
(1283, 'OUT', '2025-11-26 10:16:07', 0.4580, NULL, 160, 1, 43),
(1284, 'OUT', '2025-11-26 10:16:07', 13.7280, NULL, 160, 1, 1739),
(1285, 'OUT', '2025-11-26 10:16:07', 0.2290, NULL, 160, 1, 106),
(1286, 'OUT', '2025-11-26 10:16:07', 0.0920, NULL, 160, 1, 73),
(1287, 'OUT', '2025-11-26 10:16:07', 0.0180, NULL, 160, 1, 142),
(1288, 'OUT', '2025-11-26 10:16:07', 0.0050, NULL, 160, 1, 122),
(1289, 'OUT', '2025-11-26 10:20:47', 1.0400, NULL, 161, 1, 1732),
(1290, 'OUT', '2025-11-26 10:20:47', 0.2080, NULL, 161, 1, 76),
(1291, 'OUT', '2025-11-26 10:20:47', 0.2080, NULL, 161, 1, 43),
(1292, 'OUT', '2025-11-26 10:20:47', 6.2400, NULL, 161, 1, 1739),
(1293, 'OUT', '2025-11-26 10:20:47', 0.1040, NULL, 161, 1, 106),
(1294, 'OUT', '2025-11-26 10:20:47', 0.0420, NULL, 161, 1, 73),
(1295, 'OUT', '2025-11-26 10:20:47', 0.0080, NULL, 161, 1, 142),
(1296, 'OUT', '2025-11-26 10:20:47', 0.0020, NULL, 161, 1, 122),
(1297, 'OUT', '2025-11-26 10:21:48', 0.1200, NULL, 162, 1, 1732),
(1298, 'OUT', '2025-11-26 10:21:48', 0.9200, NULL, 162, 1, 162),
(1299, 'OUT', '2025-11-26 10:21:48', 0.2080, NULL, 162, 1, 76),
(1300, 'OUT', '2025-11-26 10:21:48', 0.2080, NULL, 162, 1, 43),
(1301, 'OUT', '2025-11-26 10:21:48', 6.2400, NULL, 162, 1, 1739),
(1302, 'OUT', '2025-11-26 10:21:48', 0.1040, NULL, 162, 1, 106),
(1303, 'OUT', '2025-11-26 10:21:48', 0.0420, NULL, 162, 1, 73),
(1304, 'OUT', '2025-11-26 10:21:48', 0.0080, NULL, 162, 1, 142),
(1305, 'OUT', '2025-11-26 10:21:49', 0.0020, NULL, 162, 1, 122),
(1306, 'OUT', '2025-11-26 10:21:51', 0.8240, NULL, 163, 1, 111),
(1307, 'OUT', '2025-11-26 10:21:51', 5.1500, NULL, 163, 1, 1738),
(1308, 'OUT', '2025-11-26 10:21:51', 0.2060, NULL, 163, 1, 93),
(1309, 'OUT', '2025-11-26 10:21:51', 0.2060, NULL, 163, 1, 1727),
(1310, 'OUT', '2025-11-26 10:21:51', 0.2060, NULL, 163, 1, 1737),
(1311, 'OUT', '2025-11-26 10:21:51', 0.1030, NULL, 163, 1, 1735),
(1312, 'OUT', '2025-11-26 10:21:51', 0.0410, NULL, 163, 1, 73),
(1313, 'OUT', '2025-11-26 10:21:51', 0.0080, NULL, 163, 1, 142),
(1314, 'OUT', '2025-11-26 10:21:51', 0.0020, NULL, 163, 1, 122),
(1315, 'OUT', '2025-11-26 10:21:54', 20.4000, NULL, 164, 1, 1739),
(1316, 'OUT', '2025-11-26 10:21:54', 0.2040, NULL, 164, 1, 67),
(1317, 'OUT', '2025-11-26 10:21:54', 0.0510, NULL, 164, 1, 1749),
(1318, 'OUT', '2025-11-26 10:21:54', 0.0080, NULL, 164, 1, 142),
(1319, 'OUT', '2025-11-26 10:21:55', 0.0020, NULL, 164, 1, 122),
(1320, 'OUT', '2025-11-26 10:43:37', 1.0400, NULL, 165, 1, 162),
(1321, 'OUT', '2025-11-26 10:43:37', 0.2080, NULL, 165, 1, 76),
(1322, 'OUT', '2025-11-26 10:43:37', 0.2080, NULL, 165, 1, 43),
(1323, 'OUT', '2025-11-26 10:43:37', 6.2400, NULL, 165, 1, 1739),
(1324, 'OUT', '2025-11-26 10:43:37', 0.1040, NULL, 165, 1, 106),
(1325, 'OUT', '2025-11-26 10:43:37', 0.0420, NULL, 165, 1, 73),
(1326, 'OUT', '2025-11-26 10:43:37', 0.0080, NULL, 165, 1, 142),
(1327, 'OUT', '2025-11-26 10:43:37', 0.0020, NULL, 165, 1, 122),
(1328, 'OUT', '2025-11-26 10:43:39', 0.8240, NULL, 166, 1, 111),
(1329, 'OUT', '2025-11-26 10:43:39', 5.1500, NULL, 166, 1, 1738),
(1330, 'OUT', '2025-11-26 10:43:39', 0.2060, NULL, 166, 1, 93),
(1331, 'OUT', '2025-11-26 10:43:39', 0.2060, NULL, 166, 1, 1727),
(1332, 'OUT', '2025-11-26 10:43:39', 0.2060, NULL, 166, 1, 1737),
(1333, 'OUT', '2025-11-26 10:43:39', 0.1030, NULL, 166, 1, 1735),
(1334, 'OUT', '2025-11-26 10:43:39', 0.0410, NULL, 166, 1, 73),
(1335, 'OUT', '2025-11-26 10:43:39', 0.0080, NULL, 166, 1, 142),
(1336, 'OUT', '2025-11-26 10:43:39', 0.0020, NULL, 166, 1, 122),
(1337, 'OUT', '2025-11-26 10:43:41', 20.4000, NULL, 167, 1, 1739),
(1338, 'OUT', '2025-11-26 10:43:41', 0.2040, NULL, 167, 1, 67),
(1339, 'OUT', '2025-11-26 10:43:41', 0.0510, NULL, 167, 1, 1749),
(1340, 'OUT', '2025-11-26 10:43:41', 0.0080, NULL, 167, 1, 142),
(1341, 'OUT', '2025-11-26 10:43:41', 0.0020, NULL, 167, 1, 122),
(1342, 'OUT', '2025-11-26 10:43:43', 0.6240, NULL, 168, 1, 144),
(1343, 'OUT', '2025-11-26 10:43:43', 1.2480, NULL, 168, 1, 82),
(1344, 'OUT', '2025-11-26 10:43:43', 0.1040, NULL, 168, 1, 1749),
(1345, 'OUT', '2025-11-26 10:43:43', 0.1040, NULL, 168, 1, 106),
(1346, 'OUT', '2025-11-26 10:43:43', 0.6240, NULL, 168, 1, 115),
(1347, 'OUT', '2025-11-26 10:43:44', 0.0080, NULL, 168, 1, 142),
(1348, 'OUT', '2025-11-26 10:43:44', 0.0020, NULL, 168, 1, 122),
(1349, 'OUT', '2025-11-26 14:04:43', 1.8130, NULL, 169, 3, 111),
(1350, 'OUT', '2025-11-26 14:04:44', 11.3300, NULL, 169, 3, 1738),
(1351, 'OUT', '2025-11-26 14:04:44', 0.4530, NULL, 169, 3, 93),
(1352, 'OUT', '2025-11-26 14:04:44', 0.4530, NULL, 169, 3, 1727),
(1353, 'OUT', '2025-11-26 14:04:44', 0.4530, NULL, 169, 3, 1737),
(1354, 'OUT', '2025-11-26 14:04:44', 0.2270, NULL, 169, 3, 1735),
(1355, 'OUT', '2025-11-26 14:04:44', 0.0910, NULL, 169, 3, 73),
(1356, 'OUT', '2025-11-26 14:04:44', 0.0180, NULL, 169, 3, 142),
(1357, 'OUT', '2025-11-26 14:04:44', 0.0050, NULL, 169, 3, 122),
(1358, 'OUT', '2025-11-26 14:04:47', 12.6000, NULL, 170, 3, 1703),
(1359, 'OUT', '2025-11-26 14:04:47', 2.8800, NULL, 170, 3, 1700),
(1360, 'OUT', '2025-11-26 14:04:47', 2.1600, NULL, 170, 3, 139),
(1361, 'OUT', '2025-11-26 14:04:47', 0.0700, NULL, 170, 3, 98),
(1362, 'OUT', '2025-11-26 14:04:47', 3.7100, NULL, 170, 3, 1748),
(1363, 'OUT', '2025-11-26 14:04:47', 0.2520, NULL, 170, 3, 73),
(1364, 'OUT', '2025-11-26 14:04:47', 0.0190, NULL, 170, 3, 1686),
(1365, 'OUT', '2025-11-26 14:04:47', 0.0380, NULL, 170, 3, 142),
(1366, 'LOSS', '2025-12-05 09:25:52', 0.8500, 'EXPIRED', NULL, 1, 26),
(1367, 'LOSS', '2025-12-05 09:25:52', 2.0000, 'EXPIRED', NULL, 1, 33),
(1368, 'LOSS', '2025-12-05 09:25:52', 3.0000, 'EXPIRED', NULL, 1, 45),
(1369, 'LOSS', '2025-12-05 09:25:52', 3.0000, 'EXPIRED', NULL, 1, 47),
(1370, 'LOSS', '2025-12-05 09:25:52', 3.4420, 'EXPIRED', NULL, 1, 60),
(1371, 'LOSS', '2025-12-05 09:25:52', 2.1760, 'EXPIRED', NULL, 1, 76),
(1372, 'LOSS', '2025-12-05 09:25:52', 1.7080, 'EXPIRED', NULL, 1, 103),
(1373, 'LOSS', '2025-12-05 09:25:52', 0.1330, 'EXPIRED', NULL, 1, 124),
(1374, 'LOSS', '2025-12-05 09:25:52', 0.1120, 'EXPIRED', NULL, 1, 1679),
(1375, 'LOSS', '2025-12-05 09:25:52', 10.0000, 'EXPIRED', NULL, 1, 1717),
(1376, 'LOSS', '2025-12-05 09:25:52', 1.5320, 'EXPIRED', NULL, 1, 1725),
(1377, 'IN', '2025-12-05 09:26:39', 10.0000, NULL, NULL, 1, 1750),
(1378, 'IN', '2025-12-05 09:27:07', 10.0000, NULL, NULL, 1, 1751),
(1379, 'IN', '2025-12-05 09:27:37', 5.0000, NULL, NULL, 1, 1752),
(1380, 'IN', '2025-12-05 09:51:43', 10.0000, NULL, NULL, 1, 1753),
(1381, 'IN', '2025-12-05 09:52:10', 5.0000, NULL, NULL, 1, 1754),
(1382, 'IN', '2025-12-05 09:52:32', 10.0000, NULL, NULL, 1, 1755),
(1383, 'IN', '2025-12-05 09:52:50', 10.0000, NULL, NULL, 1, 1756),
(1384, 'IN', '2025-12-05 09:53:09', 10.0000, NULL, NULL, 1, 1757),
(1385, 'IN', '2025-12-05 09:54:31', 5.0000, NULL, NULL, 1, 1758),
(1386, 'IN', '2025-12-05 09:54:57', 5.0000, NULL, NULL, 1, 1759),
(1387, 'IN', '2025-12-05 09:55:17', 5.0000, NULL, NULL, 1, 1760),
(1388, 'IN', '2025-12-05 09:55:40', 5.0000, NULL, NULL, 1, 1761),
(1389, 'IN', '2025-12-05 09:56:16', 5.0000, NULL, NULL, 1, 1762),
(1390, 'IN', '2025-12-05 09:56:50', 5.0000, NULL, NULL, 1, 1763),
(1391, 'IN', '2025-12-05 09:57:14', 5.0000, NULL, NULL, 1, 1764),
(1392, 'IN', '2025-12-05 09:57:45', 10.0000, NULL, NULL, 1, 1765),
(1393, 'IN', '2025-12-05 09:58:08', 5.0000, NULL, NULL, 1, 1766),
(1394, 'IN', '2025-12-05 09:58:35', 5.0000, NULL, NULL, 1, 1767),
(1395, 'IN', '2025-12-05 09:59:03', 10.0000, NULL, NULL, 1, 1768),
(1396, 'IN', '2025-12-05 09:59:27', 10.0000, NULL, NULL, 1, 1769),
(1397, 'IN', '2025-12-05 09:59:55', 5.0000, NULL, NULL, 1, 1770),
(1398, 'IN', '2025-12-05 10:00:33', 10.0000, NULL, NULL, 1, 1771),
(1399, 'IN', '2025-12-05 10:01:04', 20.0000, NULL, NULL, 1, 1772),
(1400, 'IN', '2025-12-05 10:01:43', 10.0000, NULL, NULL, 1, 1773),
(1401, 'OUT', '2025-12-05 10:04:19', 1.4700, NULL, 1356, 1, 1715),
(1402, 'OUT', '2025-12-05 10:04:19', 1.4700, NULL, 1356, 1, 1736),
(1403, 'OUT', '2025-12-05 10:04:19', 0.0100, NULL, 1356, 1, 1727),
(1404, 'OUT', '2025-12-05 10:04:19', 1.0400, NULL, 1356, 1, 1762),
(1405, 'OUT', '2025-12-05 10:04:19', 1.6800, NULL, 1356, 1, 1750),
(1406, 'OUT', '2025-12-05 10:04:19', 0.4200, NULL, 1356, 1, 1755),
(1407, 'OUT', '2025-12-05 10:04:19', 0.1680, NULL, 1356, 1, 73),
(1408, 'OUT', '2025-12-05 10:04:19', 0.0210, NULL, 1356, 1, 1767),
(1409, 'OUT', '2025-12-05 10:04:19', 0.0040, NULL, 1356, 1, 122),
(1410, 'OUT', '2025-12-05 10:04:21', 1.0500, NULL, 1357, 1, 1693),
(1411, 'OUT', '2025-12-05 10:04:21', 0.6300, NULL, 1357, 1, 1733),
(1412, 'OUT', '2025-12-05 10:04:22', 0.2100, NULL, 1357, 1, 1755),
(1413, 'OUT', '2025-12-05 10:04:22', 0.2100, NULL, 1357, 1, 81),
(1414, 'OUT', '2025-12-05 10:04:22', 0.0110, NULL, 1357, 1, 50),
(1415, 'OUT', '2025-12-05 10:04:22', 0.1050, NULL, 1357, 1, 1745),
(1416, 'OUT', '2025-12-05 10:04:22', 0.0420, NULL, 1357, 1, 14),
(1417, 'OUT', '2025-12-05 10:04:22', 0.0080, NULL, 1357, 1, 1767),
(1418, 'OUT', '2025-12-05 10:04:22', 0.0020, NULL, 1357, 1, 122),
(1419, 'OUT', '2025-12-05 10:04:24', 1.0920, NULL, 1358, 1, 1698),
(1420, 'OUT', '2025-12-05 10:04:24', 1.0920, NULL, 1358, 1, 1740),
(1421, 'OUT', '2025-12-05 10:04:24', 0.6830, NULL, 1358, 1, 1756),
(1422, 'OUT', '2025-12-05 10:04:24', 0.6830, NULL, 1358, 1, 1736),
(1423, 'OUT', '2025-12-05 10:04:24', 0.2730, NULL, 1358, 1, 1755),
(1424, 'OUT', '2025-12-05 10:04:24', 0.0550, NULL, 1358, 1, 14),
(1425, 'OUT', '2025-12-05 10:04:24', 0.0680, NULL, 1358, 1, 73),
(1426, 'OUT', '2025-12-05 10:04:24', 0.0140, NULL, 1358, 1, 1767),
(1427, 'OUT', '2025-12-05 10:04:26', 24.4800, NULL, 1359, 1, 1739),
(1428, 'OUT', '2025-12-05 10:04:26', 0.2450, NULL, 1359, 1, 67),
(1429, 'OUT', '2025-12-05 10:04:26', 0.0610, NULL, 1359, 1, 1749),
(1430, 'OUT', '2025-12-05 10:04:26', 0.0100, NULL, 1359, 1, 1767),
(1431, 'OUT', '2025-12-05 10:04:26', 0.0020, NULL, 1359, 1, 122),
(1432, 'OUT', '2025-12-05 10:04:28', 0.9980, NULL, 1360, 1, 55),
(1433, 'OUT', '2025-12-05 10:04:28', 0.1660, NULL, 1360, 1, 1763),
(1434, 'OUT', '2025-12-05 10:04:28', 0.0500, NULL, 1360, 1, 91),
(1435, 'OUT', '2025-12-05 10:04:28', 1.9970, NULL, 1360, 1, 1687),
(1436, 'OUT', '2025-12-05 10:04:28', 13.3120, NULL, 1360, 1, 1739),
(1437, 'OUT', '2025-12-05 10:04:29', 0.0830, NULL, 1360, 1, 1749),
(1438, 'OUT', '2025-12-05 10:04:29', 0.1660, NULL, 1360, 1, 96),
(1439, 'OUT', '2025-12-05 10:04:29', 0.0130, NULL, 1360, 1, 1767),
(1440, 'OUT', '2025-12-05 10:07:07', 0.8400, NULL, 1361, 1, 1698),
(1441, 'OUT', '2025-12-05 10:07:07', 0.8400, NULL, 1361, 1, 1740),
(1442, 'OUT', '2025-12-05 10:07:07', 0.5250, NULL, 1361, 1, 1756),
(1443, 'OUT', '2025-12-05 10:07:07', 0.5250, NULL, 1361, 1, 1736),
(1444, 'OUT', '2025-12-05 10:07:07', 0.2100, NULL, 1361, 1, 1755),
(1445, 'OUT', '2025-12-05 10:07:07', 0.0420, NULL, 1361, 1, 14),
(1446, 'OUT', '2025-12-05 10:07:07', 0.0530, NULL, 1361, 1, 73),
(1447, 'OUT', '2025-12-05 10:07:07', 0.0110, NULL, 1361, 1, 1767),
(1448, 'OUT', '2025-12-05 10:07:09', 0.9520, NULL, 1362, 1, 1737),
(1449, 'OUT', '2025-12-05 10:07:09', 1.1080, NULL, 1362, 1, 1772),
(1450, 'OUT', '2025-12-05 10:07:09', 1.6480, NULL, 1362, 1, 1750),
(1451, 'OUT', '2025-12-05 10:07:09', 0.7210, NULL, 1362, 1, 93),
(1452, 'OUT', '2025-12-05 10:07:09', 2.0600, NULL, 1362, 1, 1736),
(1453, 'OUT', '2025-12-05 10:07:10', 0.4120, NULL, 1362, 1, 1760),
(1454, 'OUT', '2025-12-05 10:07:10', 0.2060, NULL, 1362, 1, 102),
(1455, 'OUT', '2025-12-05 10:07:10', 0.1240, NULL, 1362, 1, 73),
(1456, 'OUT', '2025-12-05 10:07:10', 0.0820, NULL, 1362, 1, 158),
(1457, 'OUT', '2025-12-05 10:07:10', 0.0160, NULL, 1362, 1, 1767),
(1458, 'OUT', '2025-12-05 10:07:10', 0.0040, NULL, 1362, 1, 122),
(1459, 'OUT', '2025-12-05 10:07:12', 2.5200, NULL, 1363, 1, 1703),
(1460, 'OUT', '2025-12-05 10:07:12', 1.0080, NULL, 1363, 1, 1768),
(1461, 'OUT', '2025-12-05 10:07:12', 0.7560, NULL, 1363, 1, 1748),
(1462, 'OUT', '2025-12-05 10:07:12', 0.0500, NULL, 1363, 1, 73),
(1463, 'OUT', '2025-12-05 10:07:12', 0.0040, NULL, 1363, 1, 1686),
(1464, 'OUT', '2025-12-05 10:07:12', 0.0080, NULL, 1363, 1, 1767),
(1465, 'OUT', '2025-12-05 10:07:14', 0.7420, NULL, 1364, 1, 1757),
(1466, 'OUT', '2025-12-05 10:07:14', 0.7420, NULL, 1364, 1, 1751),
(1467, 'OUT', '2025-12-05 10:07:14', 0.6180, NULL, 1364, 1, 1685),
(1468, 'OUT', '2025-12-05 10:07:14', 0.1330, NULL, 1364, 1, 3),
(1469, 'OUT', '2025-12-05 10:07:14', 0.6090, NULL, 1364, 1, 1765),
(1470, 'OUT', '2025-12-05 10:07:14', 0.4940, NULL, 1364, 1, 1742),
(1471, 'OUT', '2025-12-05 10:07:14', 0.3710, NULL, 1364, 1, 77),
(1472, 'OUT', '2025-12-05 10:07:14', 0.0740, NULL, 1364, 1, 1763),
(1473, 'OUT', '2025-12-05 10:07:16', 2.0280, NULL, 1365, 1, 1689),
(1474, 'OUT', '2025-12-05 10:07:16', 0.5410, NULL, 1365, 1, 1740),
(1475, 'OUT', '2025-12-05 10:07:16', 0.2700, NULL, 1365, 1, 1756),
(1476, 'OUT', '2025-12-05 10:07:16', 0.2700, NULL, 1365, 1, 92),
(1477, 'OUT', '2025-12-05 10:07:16', 0.2700, NULL, 1365, 1, 1772),
(1478, 'OUT', '2025-12-05 10:07:16', 0.2700, NULL, 1365, 1, 1750),
(1479, 'OUT', '2025-12-05 10:07:16', 0.0810, NULL, 1365, 1, 73),
(1480, 'OUT', '2025-12-05 10:07:16', 0.0540, NULL, 1365, 1, 138),
(1481, 'OUT', '2025-12-05 10:07:16', 0.0110, NULL, 1365, 1, 1767),
(1482, 'OUT', '2025-12-05 10:07:18', 1.3100, NULL, 1366, 1, 68),
(1483, 'OUT', '2025-12-05 10:07:19', 0.7280, NULL, 1366, 1, 1768),
(1484, 'OUT', '2025-12-05 10:07:19', 0.1090, NULL, 1366, 1, 106),
(1485, 'OUT', '2025-12-05 10:07:19', 0.0290, NULL, 1366, 1, 73),
(1486, 'OUT', '2025-12-05 10:07:19', 0.0070, NULL, 1366, 1, 1767),
(1487, 'OUT', '2025-12-05 10:07:19', 0.0010, NULL, 1366, 1, 122),
(1488, 'LOSS', '2026-01-12 14:28:25', 4.2220, 'EXPIRED', NULL, 1, 28),
(1489, 'LOSS', '2026-01-12 14:28:25', 4.0000, 'EXPIRED', NULL, 1, 29),
(1490, 'LOSS', '2026-01-12 14:28:25', 4.1360, 'EXPIRED', NULL, 1, 41),
(1491, 'LOSS', '2026-01-12 14:28:25', 13.0000, 'EXPIRED', NULL, 1, 58),
(1492, 'LOSS', '2026-01-12 14:28:25', 7.0000, 'EXPIRED', NULL, 1, 66),
(1493, 'LOSS', '2026-01-12 14:28:25', 4.3350, 'EXPIRED', NULL, 1, 67),
(1494, 'LOSS', '2026-01-12 14:28:25', 10.0000, 'EXPIRED', NULL, 1, 100),
(1495, 'LOSS', '2026-01-12 14:28:25', 1.4000, 'EXPIRED', NULL, 1, 108),
(1496, 'LOSS', '2026-01-12 14:28:25', 4.3760, 'EXPIRED', NULL, 1, 115),
(1497, 'LOSS', '2026-01-12 14:28:25', 3.0000, 'EXPIRED', NULL, 1, 133),
(1498, 'LOSS', '2026-01-12 14:28:25', 5.0000, 'EXPIRED', NULL, 1, 141),
(1499, 'LOSS', '2026-01-12 14:28:25', 0.1440, 'EXPIRED', NULL, 1, 153),
(1500, 'LOSS', '2026-01-12 14:28:25', 10.0000, 'EXPIRED', NULL, 1, 157),
(1501, 'LOSS', '2026-01-12 14:28:25', 4.0520, 'EXPIRED', NULL, 1, 1689),
(1502, 'LOSS', '2026-01-12 14:28:25', 6.2000, 'EXPIRED', NULL, 1, 1690),
(1503, 'LOSS', '2026-01-12 14:28:25', 5.0000, 'EXPIRED', NULL, 1, 1702),
(1504, 'LOSS', '2026-01-12 14:28:25', 1.5720, 'EXPIRED', NULL, 1, 1705),
(1505, 'LOSS', '2026-01-12 14:28:25', 5.0000, 'EXPIRED', NULL, 1, 1706),
(1506, 'LOSS', '2026-01-12 14:28:25', 0.0520, 'EXPIRED', NULL, 1, 1707),
(1507, 'LOSS', '2026-01-12 14:28:25', 3.0000, 'EXPIRED', NULL, 1, 1709),
(1508, 'LOSS', '2026-01-12 14:28:25', 4.0000, 'EXPIRED', NULL, 1, 1712),
(1509, 'LOSS', '2026-01-12 14:28:25', 2.2820, 'EXPIRED', NULL, 1, 1715),
(1510, 'LOSS', '2026-01-12 14:28:25', 5.0000, 'EXPIRED', NULL, 1, 1719),
(1511, 'LOSS', '2026-01-12 14:28:25', 5.8580, 'EXPIRED', NULL, 1, 1736),
(1512, 'LOSS', '2026-01-12 14:28:25', 15.4440, 'EXPIRED', NULL, 1, 1741),
(1513, 'LOSS', '2026-01-12 14:28:25', 0.6440, 'EXPIRED', NULL, 1, 1742),
(1514, 'LOSS', '2026-01-12 14:28:25', 1.9020, 'EXPIRED', NULL, 1, 1743),
(1515, 'LOSS', '2026-01-12 14:28:25', 9.4240, 'EXPIRED', NULL, 1, 1745),
(1516, 'LOSS', '2026-01-12 14:28:25', 6.4020, 'EXPIRED', NULL, 1, 1750),
(1517, 'LOSS', '2026-01-12 14:28:25', 9.2580, 'EXPIRED', NULL, 1, 1751),
(1518, 'LOSS', '2026-01-12 14:28:25', 5.0000, 'EXPIRED', NULL, 1, 1752),
(1519, 'LOSS', '2026-01-12 14:28:25', 5.0000, 'EXPIRED', NULL, 1, 1754),
(1520, 'LOSS', '2026-01-12 14:28:25', 18.6220, 'EXPIRED', NULL, 1, 1772);

-- --------------------------------------------------------

--
-- Structure de la table `stock_snapshot`
--

CREATE TABLE `stock_snapshot` (
  `id` int NOT NULL,
  `snapshot_date` date NOT NULL,
  `product_id` int NOT NULL,
  `available_qty` decimal(10,2) NOT NULL DEFAULT '0.00',
  `days_to_expiry` int NOT NULL,
  `created_at` timestamp NULL DEFAULT CURRENT_TIMESTAMP
) ENGINE=InnoDB DEFAULT CHARSET=utf8mb4 COLLATE=utf8mb4_0900_ai_ci;

--
-- Déchargement des données de la table `stock_snapshot`
--

INSERT INTO `stock_snapshot` (`id`, `snapshot_date`, `product_id`, `available_qty`, `days_to_expiry`, `created_at`) VALUES
(1, '2025-12-05', 1, 9.33, 266, '2025-12-05 14:28:48'),
(2, '2025-12-05', 2, 7.26, 388, '2025-12-05 14:28:48'),
(3, '2025-12-05', 3, 5.00, 667, '2025-12-05 14:28:48'),
(4, '2025-12-05', 4, 7.73, 392, '2025-12-05 14:28:48'),
(5, '2025-12-05', 5, 4.86, 266, '2025-12-05 14:28:48'),
(6, '2025-12-05', 6, 10.80, 545, '2025-12-05 14:28:48'),
(7, '2025-12-05', 7, 6.07, 583, '2025-12-05 14:28:48'),
(8, '2025-12-05', 8, 2.84, 581, '2025-12-05 14:28:48'),
(9, '2025-12-05', 9, 20.00, 744, '2025-12-05 14:28:48'),
(10, '2025-12-05', 10, 12.00, 631, '2025-12-05 14:28:48'),
(11, '2025-12-05', 11, 16.00, 939, '2025-12-05 14:28:48'),
(12, '2025-12-05', 12, 9.16, 600, '2025-12-05 14:28:48'),
(13, '2025-12-05', 13, 9.93, 310, '2025-12-05 14:28:48'),
(14, '2025-12-05', 14, 2.68, 560, '2025-12-05 14:28:48'),
(15, '2025-12-05', 15, 5.00, 996, '2025-12-05 14:28:48'),
(16, '2025-12-05', 16, 5.01, 579, '2025-12-05 14:28:48'),
(17, '2025-12-05', 17, 6.48, 388, '2025-12-05 14:28:48'),
(18, '2025-12-05', 18, 5.00, 874, '2025-12-05 14:28:48'),
(19, '2025-12-05', 19, 5.00, 450, '2025-12-05 14:28:48'),
(20, '2025-12-05', 20, 5.00, 908, '2025-12-05 14:28:48'),
(21, '2025-12-05', 21, 11.76, 940, '2025-12-05 14:28:48'),
(22, '2025-12-05', 22, 2.00, 736, '2025-12-05 14:28:48'),
(23, '2025-12-05', 23, 4.78, 547, '2025-12-05 14:28:48'),
(24, '2025-12-05', 24, 5.00, 690, '2025-12-05 14:28:48'),
(25, '2025-12-05', 25, 7.00, 508, '2025-12-05 14:28:48'),
(26, '2025-12-05', 26, 5.16, 748, '2025-12-05 14:28:48'),
(27, '2025-12-05', 27, 3.00, 1310, '2025-12-05 14:28:48'),
(28, '2025-12-05', 28, 1.74, 576, '2025-12-05 14:28:48'),
(29, '2025-12-05', 29, 2.00, 388, '2025-12-05 14:28:48'),
(30, '2025-12-05', 30, 1.93, 600, '2025-12-05 14:28:48'),
(31, '2025-12-05', 31, 0.95, 265, '2025-12-05 14:28:48'),
(32, '2025-12-05', 32, 0.91, 387, '2025-12-05 14:28:48'),
(33, '2025-12-05', 33, 0.87, 538, '2025-12-05 14:28:48'),
(34, '2025-12-05', 34, 2.00, 753, '2025-12-05 14:28:48'),
(35, '2025-12-05', 35, 2.95, 51, '2025-12-05 14:28:48'),
(36, '2025-12-05', 36, 1.00, 388, '2025-12-05 14:28:48'),
(37, '2025-12-05', 37, 1.00, 642, '2025-12-05 14:28:48'),
(38, '2025-12-05', 38, 2.00, 1208, '2025-12-05 14:28:48'),
(39, '2025-12-05', 39, 10.00, 36, '2025-12-05 14:28:48'),
(40, '2025-12-05', 40, 3.00, 737, '2025-12-05 14:28:48'),
(41, '2025-12-05', 41, 1.42, 599, '2025-12-05 14:28:48'),
(42, '2025-12-05', 42, 3.00, 751, '2025-12-05 14:28:48'),
(43, '2025-12-05', 43, 13.53, 716, '2025-12-05 14:28:48'),
(44, '2025-12-05', 44, 4.34, 1119, '2025-12-05 14:28:48'),
(45, '2025-12-05', 45, 12.00, 821, '2025-12-05 14:28:48'),
(46, '2025-12-05', 46, 3.00, 975, '2025-12-05 14:28:48'),
(47, '2025-12-05', 47, 2.41, 736, '2025-12-05 14:28:48'),
(48, '2025-12-05', 48, 4.15, 1065, '2025-12-05 14:28:48'),
(49, '2025-12-05', 49, 8.59, 169, '2025-12-05 14:28:48'),
(50, '2025-12-05', 50, 8.00, 449, '2025-12-05 14:28:48'),
(51, '2025-12-05', 51, 5.00, 957, '2025-12-05 14:28:48'),
(52, '2025-12-05', 52, 1.99, 106, '2025-12-05 14:28:48'),
(53, '2025-12-05', 53, 4.68, 518, '2025-12-05 14:28:48'),
(54, '2025-12-05', 54, 19.26, 85, '2025-12-05 14:28:48'),
(55, '2025-12-05', 55, 17.16, 48, '2025-12-05 14:28:48'),
(56, '2025-12-05', 56, 10.65, 57, '2025-12-05 14:28:48'),
(57, '2025-12-05', 57, 5.00, 30, '2025-12-05 14:28:48'),
(58, '2025-12-05', 58, 4.00, 78, '2025-12-05 14:28:48'),
(59, '2025-12-05', 59, 3.00, 79, '2025-12-05 14:28:48'),
(60, '2025-12-05', 60, 32.70, 15, '2025-12-05 14:28:48'),
(61, '2025-12-05', 61, 7.00, 30, '2025-12-05 14:28:48'),
(62, '2025-12-05', 62, 4.34, 28, '2025-12-05 14:28:48'),
(63, '2025-12-05', 63, 3.53, 44, '2025-12-05 14:28:48'),
(64, '2025-12-05', 64, 4.59, 115, '2025-12-05 14:28:48'),
(65, '2025-12-05', 65, 2.79, 44, '2025-12-05 14:28:48'),
(66, '2025-12-05', 66, 2.34, 37, '2025-12-05 14:28:48'),
(67, '2025-12-05', 67, 6.20, 15, '2025-12-05 14:28:48'),
(68, '2025-12-05', 68, 4.00, 21, '2025-12-05 14:28:48'),
(69, '2025-12-05', 69, 5.00, 9, '2025-12-05 14:28:48'),
(70, '2025-12-05', 70, 15.44, 36, '2025-12-05 14:28:48'),
(71, '2025-12-05', 71, 5.00, 23, '2025-12-05 14:28:48'),
(72, '2025-12-05', 72, 5.00, 2, '2025-12-05 14:28:48'),
(73, '2025-12-05', 73, 5.00, 75, '2025-12-05 14:28:48'),
(74, '2025-12-05', 74, 22.92, 581, '2025-12-05 14:28:49'),
(75, '2025-12-05', 75, 20.00, 647, '2025-12-05 14:28:49'),
(76, '2025-12-05', 76, 0.13, 16, '2025-12-05 14:28:49'),
(77, '2025-12-05', 77, 5.00, 54, '2025-12-05 14:28:49'),
(78, '2025-12-05', 78, 6.23, 2, '2025-12-05 14:28:49'),
(79, '2025-12-05', 79, 19.13, 457, '2025-12-05 14:28:49'),
(80, '2025-12-05', 80, 1.90, 2, '2025-12-05 14:28:49'),
(81, '2025-12-05', 81, 8.52, 2, '2025-12-05 14:28:49'),
(82, '2025-12-05', 82, 8.89, 85, '2025-12-05 14:28:49'),
(83, '2025-12-05', 83, 0.92, 53, '2025-12-05 14:28:49'),
(84, '2025-12-05', 84, 3.96, 2, '2025-12-05 14:28:49'),
(85, '2025-12-05', 85, 5.86, 1, '2025-12-05 14:28:49'),
(86, '2025-12-05', 86, 2.28, 2, '2025-12-05 14:28:49'),
(87, '2025-12-05', 87, 10.00, 99, '2025-12-05 14:28:49'),
(88, '2025-12-05', 88, 5.05, 2, '2025-12-05 14:28:49'),
(89, '2025-12-05', 89, 5.00, 37, '2025-12-05 14:28:49'),
(90, '2025-12-05', 90, 18.62, 2, '2025-12-05 14:28:49'),
(91, '2025-12-05', 91, 1.00, 266, '2025-12-05 14:28:49'),
(92, '2025-12-05', 92, 5.00, 37, '2025-12-05 14:28:49'),
(93, '2025-12-05', 93, 7.46, 51, '2025-12-05 14:28:49'),
(94, '2025-12-05', 94, 3.08, 57, '2025-12-05 14:28:49'),
(95, '2025-12-05', 95, 9.48, 610, '2025-12-05 14:28:49'),
(96, '2025-12-05', 96, 5.80, 546, '2025-12-05 14:28:49'),
(97, '2025-12-05', 97, 9.26, 62, '2025-12-05 14:28:49'),
(98, '2025-12-05', 98, 5.00, 2, '2025-12-05 14:28:49'),
(99, '2025-12-05', 99, 9.26, 30, '2025-12-05 14:28:49'),
(100, '2025-12-05', 100, 2.38, 78, '2025-12-05 14:28:49'),
(101, '2025-12-05', 101, 9.42, 37, '2025-12-05 14:28:49'),
(102, '2025-12-05', 102, 0.64, 2, '2025-12-05 14:28:49'),
(103, '2025-12-05', 103, 1.60, 37, '2025-12-05 14:28:49'),
(104, '2025-12-05', 104, 0.00, 999, '2025-12-05 14:28:49'),
(105, '2025-12-05', 105, 4.50, 26, '2025-12-05 14:28:49'),
(106, '2025-12-05', 106, 0.00, 999, '2025-12-05 14:28:49'),
(107, '2025-12-05', 107, 17.00, 44, '2025-12-05 14:28:49'),
(108, '2025-12-05', 108, 11.18, 64, '2025-12-05 14:28:49'),
(109, '2025-12-05', 109, 12.00, 121, '2025-12-05 14:28:49'),
(110, '2025-12-05', 110, 10.00, 29, '2025-12-05 14:28:49'),
(111, '2025-12-05', 111, 4.38, 37, '2025-12-05 14:28:49'),
(112, '2025-12-05', 112, 10.00, 234, '2025-12-05 14:28:49'),
(113, '2025-12-05', 113, 3.00, 722, '2025-12-05 14:28:49'),
(114, '2025-12-05', 114, 1.59, 143, '2025-12-05 14:28:49'),
(115, '2025-12-05', 115, 3.00, 722, '2025-12-05 14:28:49'),
(116, '2025-12-05', 116, 10.00, 599, '2025-12-05 14:28:49'),
(117, '2025-12-05', 117, 5.04, 755, '2025-12-05 14:28:49'),
(118, '2025-12-05', 118, 20.00, 600, '2025-12-05 14:28:49'),
(119, '2025-12-05', 119, 12.00, 509, '2025-12-05 14:28:49'),
(120, '2025-12-05', 120, 6.59, 709, '2025-12-05 14:28:49'),
(121, '2025-12-05', 121, 15.00, 714, '2025-12-05 14:28:49'),
(122, '2025-12-05', 122, 8.00, 93, '2025-12-05 14:28:49'),
(123, '2025-12-05', 123, 5.00, 326, '2025-12-05 14:28:49'),
(124, '2025-12-05', 124, 5.00, 569, '2025-12-05 14:28:49'),
(125, '2025-12-05', 125, 5.00, 509, '2025-12-05 14:28:49'),
(126, '2025-12-05', 126, 3.00, 326, '2025-12-05 14:28:49'),
(127, '2025-12-05', 127, 2.00, 235, '2025-12-05 14:28:49'),
(128, '2025-12-05', 128, 0.53, 266, '2025-12-05 14:28:49'),
(129, '2025-12-05', 129, 2.06, 447, '2025-12-05 14:28:49'),
(130, '2025-12-05', 130, 4.06, 377, '2025-12-05 14:28:49'),
(131, '2025-12-05', 131, 13.52, 702, '2025-12-05 14:28:49'),
(132, '2025-12-05', 132, 2.00, 387, '2025-12-05 14:28:49'),
(133, '2025-12-05', 133, 5.00, 477, '2025-12-05 14:28:49'),
(134, '2025-12-05', 134, 4.14, 23, '2025-12-05 14:28:49'),
(135, '2025-12-05', 135, 11.37, 78, '2025-12-05 14:28:49'),
(136, '2025-12-05', 136, 20.00, 336, '2025-12-05 14:28:49'),
(137, '2025-12-05', 137, 2.96, 753, '2025-12-05 14:28:49'),
(138, '2025-12-05', 138, 12.00, 238, '2025-12-05 14:28:49'),
(139, '2025-12-05', 139, 24.00, 85, '2025-12-05 14:28:49'),
(140, '2025-12-05', 140, 13.00, 23, '2025-12-05 14:28:49'),
(141, '2025-12-05', 141, 11.00, 174, '2025-12-05 14:28:49'),
(142, '2025-12-05', 142, 5.14, 22, '2025-12-05 14:28:49'),
(143, '2025-12-05', 143, 5.00, 336, '2025-12-05 14:28:49'),
(144, '2025-12-05', 144, 3.00, 357, '2025-12-05 14:28:49'),
(145, '2025-12-05', 145, 12.00, 604, '2025-12-05 14:28:49'),
(146, '2025-12-05', 146, 5.00, 48, '2025-12-05 14:28:49'),
(147, '2025-12-05', 147, 6.00, 388, '2025-12-05 14:28:49'),
(148, '2025-12-05', 148, 22.92, 254, '2025-12-05 14:28:49'),
(149, '2025-12-05', 149, 16.00, 671, '2025-12-05 14:28:50'),
(150, '2025-12-05', 150, 9.39, 65, '2025-12-05 14:28:50'),
(151, '2025-12-05', 151, 9.59, 575, '2025-12-05 14:28:50'),
(152, '2025-12-05', 152, 4.22, 26, '2025-12-05 14:28:50'),
(153, '2025-12-05', 153, 4.00, 15, '2025-12-05 14:28:50'),
(154, '2025-12-05', 154, 3.00, 37, '2025-12-05 14:28:50'),
(155, '2025-12-05', 155, 5.00, 43, '2025-12-05 14:28:50'),
(156, '2025-12-05', 156, 11.40, 30, '2025-12-05 14:28:50'),
(157, '2025-12-05', 157, 3.78, 37, '2025-12-05 14:28:50'),
(158, '2025-12-05', 158, 60.00, 398, '2025-12-05 14:28:50'),
(159, '2025-12-05', 159, 4.00, 569, '2025-12-05 14:28:50'),
(160, '2025-12-05', 160, 8.85, 707, '2025-12-05 14:28:50'),
(161, '2025-12-05', 161, 9.37, 50, '2025-12-05 14:28:50'),
(162, '2025-12-05', 162, 1.57, 30, '2025-12-05 14:28:50'),
(163, '2025-12-05', 163, 5.00, 90, '2025-12-05 14:28:50'),
(164, '2025-12-05', 164, 10.00, 521, '2025-12-05 14:28:50'),
(165, '2025-12-05', 165, 4.38, 548, '2025-12-05 14:28:50'),
(166, '2025-12-05', 166, 2.38, 338, '2025-12-05 14:28:50');

-- --------------------------------------------------------

--
-- Structure de la table `user`
--

CREATE TABLE `user` (
  `id` int NOT NULL,
  `name` varchar(100) NOT NULL,
  `email` varchar(100) NOT NULL,
  `password` varchar(250) NOT NULL,
  `role` varchar(20) NOT NULL,
  `active` tinyint(1) NOT NULL DEFAULT '1',
  `created_at` timestamp NOT NULL DEFAULT CURRENT_TIMESTAMP
) ENGINE=InnoDB DEFAULT CHARSET=utf8mb4 COLLATE=utf8mb4_0900_ai_ci;

--
-- Déchargement des données de la table `user`
--

INSERT INTO `user` (`id`, `name`, `email`, `password`, `role`, `active`, `created_at`) VALUES
(1, 'Admin', 'osm70@gmx.com', '$2b$10$kHZTwBOAF8siWswECT9CoewlRD43/8dfYk3rnDsDJSAtb7WWZGBZ2', 'ADMIN', 1, '2025-10-27 08:05:19'),
(2, 'oussama jomaa', 'osmjom@gmail.com', '$2b$10$c3RNSgRn2agijPeL6tgr..oWaiIKoRkz7XNDmyA.agKeuZVL0lyja', 'KITCHEN', 1, '2025-10-27 19:49:20'),
(3, 'Oussama', 'osmjomaa@gmail.com', '$2b$10$wuZ.a1CrRvJowPDibunoqO3YeI07nv0WZ7JksW6fECJkM5YZIDpN.', 'ADMIN', 1, '2025-10-28 08:19:15'),
(6, 'mouna', 'mouna.ed78@gmail.com', '$2b$10$bebEhTKwIwyc.mMLGcEDcuL021VzDutSXHPlkYdMlj7owS0Xg6ISy', 'KITCHEN', 1, '2025-10-29 11:30:24');

--
-- Index pour les tables déchargées
--

--
-- Index pour la table `alert_log`
--
ALTER TABLE `alert_log`
  ADD PRIMARY KEY (`id`),
  ADD KEY `idx_alert_log_sent_at` (`sent_at`),
  ADD KEY `idx_alert_log_type` (`type`);

--
-- Index pour la table `lot`
--
ALTER TABLE `lot`
  ADD PRIMARY KEY (`id`),
  ADD KEY `fk_lot_product` (`product_id`),
  ADD KEY `idx_lot_archived` (`archived`);

--
-- Index pour la table `meal_plan`
--
ALTER TABLE `meal_plan`
  ADD PRIMARY KEY (`id`);

--
-- Index pour la table `meal_plan_item`
--
ALTER TABLE `meal_plan_item`
  ADD PRIMARY KEY (`id`),
  ADD KEY `fk_meal_plan_item_recipe` (`recipe_id`),
  ADD KEY `fk_meal_plan_item_plan` (`meal_plan_id`);

--
-- Index pour la table `ml_prediction_log`
--
ALTER TABLE `ml_prediction_log`
  ADD PRIMARY KEY (`id`);

--
-- Index pour la table `product`
--
ALTER TABLE `product`
  ADD PRIMARY KEY (`id`);

--
-- Index pour la table `recipe`
--
ALTER TABLE `recipe`
  ADD PRIMARY KEY (`id`),
  ADD UNIQUE KEY `uq_recipe_name` (`name`);

--
-- Index pour la table `recipe_item`
--
ALTER TABLE `recipe_item`
  ADD PRIMARY KEY (`id`),
  ADD KEY `fk_recipe_item_product` (`product_id`),
  ADD KEY `fk_recipe_item_recipe` (`recipe_id`);

--
-- Index pour la table `reservation`
--
ALTER TABLE `reservation`
  ADD PRIMARY KEY (`id`),
  ADD KEY `fk_reservation_item` (`meal_plan_item_id`),
  ADD KEY `idx_reservation_lot_id` (`lot_id`);

--
-- Index pour la table `stock_movement`
--
ALTER TABLE `stock_movement`
  ADD PRIMARY KEY (`id`),
  ADD KEY `fk_stock_mv_item` (`meal_plan_item_id`),
  ADD KEY `fk_stock_mv_user` (`user_id`),
  ADD KEY `idx_stock_mv_lot` (`lot_id`);

--
-- Index pour la table `stock_snapshot`
--
ALTER TABLE `stock_snapshot`
  ADD PRIMARY KEY (`id`),
  ADD UNIQUE KEY `ux_snapshot_product` (`snapshot_date`,`product_id`),
  ADD KEY `fk_snapshot_product` (`product_id`);

--
-- Index pour la table `user`
--
ALTER TABLE `user`
  ADD PRIMARY KEY (`id`),
  ADD UNIQUE KEY `uq_user_email` (`email`);

--
-- AUTO_INCREMENT pour les tables déchargées
--

--
-- AUTO_INCREMENT pour la table `alert_log`
--
ALTER TABLE `alert_log`
  MODIFY `id` int NOT NULL AUTO_INCREMENT, AUTO_INCREMENT=2;

--
-- AUTO_INCREMENT pour la table `lot`
--
ALTER TABLE `lot`
  MODIFY `id` int NOT NULL AUTO_INCREMENT, AUTO_INCREMENT=1774;

--
-- AUTO_INCREMENT pour la table `meal_plan`
--
ALTER TABLE `meal_plan`
  MODIFY `id` int NOT NULL AUTO_INCREMENT, AUTO_INCREMENT=184;

--
-- AUTO_INCREMENT pour la table `meal_plan_item`
--
ALTER TABLE `meal_plan_item`
  MODIFY `id` int NOT NULL AUTO_INCREMENT, AUTO_INCREMENT=1367;

--
-- AUTO_INCREMENT pour la table `ml_prediction_log`
--
ALTER TABLE `ml_prediction_log`
  MODIFY `id` bigint NOT NULL AUTO_INCREMENT, AUTO_INCREMENT=66;

--
-- AUTO_INCREMENT pour la table `product`
--
ALTER TABLE `product`
  MODIFY `id` int NOT NULL AUTO_INCREMENT, AUTO_INCREMENT=167;

--
-- AUTO_INCREMENT pour la table `recipe`
--
ALTER TABLE `recipe`
  MODIFY `id` int NOT NULL AUTO_INCREMENT, AUTO_INCREMENT=41;

--
-- AUTO_INCREMENT pour la table `recipe_item`
--
ALTER TABLE `recipe_item`
  MODIFY `id` int NOT NULL AUTO_INCREMENT, AUTO_INCREMENT=306;

--
-- AUTO_INCREMENT pour la table `reservation`
--
ALTER TABLE `reservation`
  MODIFY `id` int NOT NULL AUTO_INCREMENT, AUTO_INCREMENT=88;

--
-- AUTO_INCREMENT pour la table `stock_movement`
--
ALTER TABLE `stock_movement`
  MODIFY `id` int NOT NULL AUTO_INCREMENT, AUTO_INCREMENT=1521;

--
-- AUTO_INCREMENT pour la table `stock_snapshot`
--
ALTER TABLE `stock_snapshot`
  MODIFY `id` int NOT NULL AUTO_INCREMENT, AUTO_INCREMENT=167;

--
-- AUTO_INCREMENT pour la table `user`
--
ALTER TABLE `user`
  MODIFY `id` int NOT NULL AUTO_INCREMENT, AUTO_INCREMENT=7;

--
-- Contraintes pour les tables déchargées
--

--
-- Contraintes pour la table `lot`
--
ALTER TABLE `lot`
  ADD CONSTRAINT `fk_lot_product` FOREIGN KEY (`product_id`) REFERENCES `product` (`id`) ON DELETE RESTRICT ON UPDATE CASCADE;

--
-- Contraintes pour la table `meal_plan_item`
--
ALTER TABLE `meal_plan_item`
  ADD CONSTRAINT `fk_meal_plan_item_plan` FOREIGN KEY (`meal_plan_id`) REFERENCES `meal_plan` (`id`) ON DELETE CASCADE ON UPDATE CASCADE,
  ADD CONSTRAINT `fk_meal_plan_item_recipe` FOREIGN KEY (`recipe_id`) REFERENCES `recipe` (`id`) ON DELETE RESTRICT ON UPDATE CASCADE;

--
-- Contraintes pour la table `recipe_item`
--
ALTER TABLE `recipe_item`
  ADD CONSTRAINT `fk_recipe_item_product` FOREIGN KEY (`product_id`) REFERENCES `product` (`id`) ON DELETE RESTRICT ON UPDATE CASCADE,
  ADD CONSTRAINT `fk_recipe_item_recipe` FOREIGN KEY (`recipe_id`) REFERENCES `recipe` (`id`) ON DELETE CASCADE ON UPDATE CASCADE;

--
-- Contraintes pour la table `reservation`
--
ALTER TABLE `reservation`
  ADD CONSTRAINT `fk_reservation_item` FOREIGN KEY (`meal_plan_item_id`) REFERENCES `meal_plan_item` (`id`) ON DELETE CASCADE ON UPDATE CASCADE,
  ADD CONSTRAINT `fk_reservation_lot` FOREIGN KEY (`lot_id`) REFERENCES `lot` (`id`) ON DELETE RESTRICT ON UPDATE CASCADE;

--
-- Contraintes pour la table `stock_movement`
--
ALTER TABLE `stock_movement`
  ADD CONSTRAINT `fk_stock_mv_item` FOREIGN KEY (`meal_plan_item_id`) REFERENCES `meal_plan_item` (`id`) ON DELETE RESTRICT ON UPDATE CASCADE,
  ADD CONSTRAINT `fk_stock_mv_lot` FOREIGN KEY (`lot_id`) REFERENCES `lot` (`id`) ON DELETE RESTRICT ON UPDATE CASCADE,
  ADD CONSTRAINT `fk_stock_mv_user` FOREIGN KEY (`user_id`) REFERENCES `user` (`id`) ON DELETE RESTRICT ON UPDATE CASCADE;

--
-- Contraintes pour la table `stock_snapshot`
--
ALTER TABLE `stock_snapshot`
  ADD CONSTRAINT `fk_snapshot_product` FOREIGN KEY (`product_id`) REFERENCES `product` (`id`);
COMMIT;

/*!40101 SET CHARACTER_SET_CLIENT=@OLD_CHARACTER_SET_CLIENT */;
/*!40101 SET CHARACTER_SET_RESULTS=@OLD_CHARACTER_SET_RESULTS */;
/*!40101 SET COLLATION_CONNECTION=@OLD_COLLATION_CONNECTION */;
