date,recipe_id,day_of_week,month,week_of_year,planned_portions,last_recipe_1,last_recipe_2,recipe_feasible,availability_score,min_days_to_expiry,nb_missing_ingredients,urgency_score
2020-01-06,15,0,1,1,9,0,0,0,0.75,4,2,0.42
2020-01-06,16,0,1,1,13,0,0,0,0.71,5,2,0.17
2020-01-07,25,1,1,1,15,16,15,0,0.88,31,1,0
2020-01-07,6,1,1,1,9,16,15,1,1,5,0,0.12
2020-01-08,18,2,1,1,9,6,25,1,1,5,0,0.2
2020-01-09,30,3,1,1,17,18,6,0,0.67,88,2,0
2020-01-10,21,4,1,1,9,30,18,0,0.88,40,1,0
2020-01-13,20,0,1,2,12,21,30,0,0.8,5,1,0.32
2020-01-13,5,0,1,2,22,21,30,1,1,31,0,0
2020-01-14,2,1,1,2,13,5,20,0,0.88,18,1,0.08
2020-01-14,28,1,1,2,19,5,20,0,0.78,4,2,0.12
2020-01-15,18,2,1,2,10,28,2,1,1,5,0,0.2
2020-01-15,12,2,1,2,23,28,2,1,1,40,0,0
2020-01-16,23,3,1,2,18,12,18,0,0.89,56,1,0
2020-01-17,34,4,1,2,7,23,12,0,0.63,60,3,0
2020-01-17,9,4,1,2,18,23,12,0,0.71,40,2,0
2020-01-20,20,0,1,3,14,9,34,0,0.8,5,1,0.32
2020-01-21,19,1,1,3,18,20,9,1,1,47,0,0
2020-01-21,11,1,1,3,24,20,9,0,0.75,31,1,0
2020-01-22,16,2,1,3,22,11,19,0,0.71,5,2,0.17
2020-01-22,17,2,1,3,17,11,19,1,1,18,0,0.08
2020-01-23,12,3,1,3,21,17,16,1,1,40,0,0
2020-01-24,3,4,1,3,8,12,17,0,0.88,39,1,0
2020-01-24,26,4,1,3,20,12,17,1,1,5,0,0.21
2020-01-27,32,0,1,4,18,26,3,1,1,40,0,0
2020-01-27,20,0,1,4,14,26,3,0,0.8,5,1,0.32
2020-01-28,16,1,1,4,13,20,32,0,0.71,5,2,0.17
2020-01-29,4,2,1,4,15,16,20,0,0.8,4,2,0.21
2020-01-30,5,3,1,4,24,4,16,1,1,31,0,0
2020-01-30,13,3,1,4,12,4,16,0,0.75,4,2,0.14
2020-01-31,9,4,1,4,9,13,5,0,0.71,40,2,0
2020-02-03,1,0,2,5,23,9,13,0,0.63,5,3,0.17
2020-02-03,26,0,2,5,12,9,13,1,1,5,0,0.21
2020-02-04,6,1,2,5,9,26,1,1,1,5,0,0.12
2020-02-05,2,2,2,5,15,6,26,0,0.88,18,1,0.08
2020-02-05,22,2,2,5,9,6,26,1,1,5,0,0.19
2020-02-06,34,3,2,5,12,22,2,0,0.63,60,3,0
2020-02-07,19,4,2,5,17,34,22,1,1,47,0,0
2020-02-24,10,0,2,8,21,19,34,1,1,5,0,0.14
2020-02-25,28,1,2,8,9,10,19,0,0.78,4,2,0.12
2020-02-26,12,2,2,8,10,28,10,1,1,40,0,0
2020-02-26,17,2,2,8,18,28,10,1,1,18,0,0.08
2020-02-27,32,3,2,8,10,17,12,1,1,40,0,0
2020-02-27,18,3,2,8,28,17,12,1,1,5,0,0.2
2020-02-28,29,4,2,8,17,18,32,1,1,25,0,0.02
2020-03-02,24,0,3,9,17,29,18,0,0.9,39,1,0
2020-03-03,2,1,3,9,22,24,29,0,0.88,18,1,0.08
2020-03-03,15,1,3,9,23,24,29,0,0.75,4,2,0.42
2020-03-04,4,2,3,9,10,15,2,0,0.8,4,2,0.21
2020-03-04,7,2,3,9,23,15,2,1,1,5,0,0.29
2020-03-05,26,3,3,9,28,7,4,1,1,5,0,0.21
2020-03-05,32,3,3,9,18,7,4,1,1,40,0,0
2020-03-06,16,4,3,9,9,32,26,0,0.71,5,2,0.17
2020-03-06,29,4,3,9,13,32,26,1,1,25,0,0.02
2020-03-09,20,0,3,10,8,29,16,0,0.8,5,1,0.32
2020-03-10,27,1,3,10,14,20,29,0,0.82,4,2,0.19
2020-03-10,11,1,3,10,9,20,29,0,0.75,31,1,0
2020-03-11,28,2,3,10,16,11,27,0,0.78,4,2,0.12
2020-03-12,13,3,3,10,9,28,11,0,0.75,4,2,0.14
2020-03-12,17,3,3,10,9,28,11,1,1,18,0,0.08
2020-03-13,10,4,3,10,18,17,13,1,1,5,0,0.14
2020-03-16,2,0,3,11,10,10,17,0,0.88,18,1,0.08
2020-03-17,21,1,3,11,13,2,10,0,0.88,40,1,0
2020-03-17,16,1,3,11,9,2,10,0,0.71,5,2,0.17
2020-03-18,11,2,3,11,19,16,21,0,0.75,31,1,0
2020-03-19,18,3,3,11,17,11,16,1,1,5,0,0.2
2020-03-19,34,3,3,11,10,11,16,0,0.63,60,3,0
2020-03-20,6,4,3,11,9,34,18,1,1,5,0,0.12
2020-03-20,9,4,3,11,13,34,18,0,0.71,40,2,0
2020-03-23,10,0,3,12,15,9,6,1,1,5,0,0.14
2020-03-24,29,1,3,12,26,10,9,1,1,25,0,0.02
2020-03-24,4,1,3,12,24,10,9,0,0.8,4,2,0.21
2020-03-25,15,2,3,12,15,4,29,0,0.75,4,2,0.42
2020-03-25,12,2,3,12,10,4,29,1,1,40,0,0
2020-03-26,8,3,3,12,18,12,15,0,0.78,4,2,0.12
2020-03-26,30,3,3,12,17,12,15,0,0.67,88,2,0
2020-03-27,21,4,3,12,16,30,8,0,0.88,40,1,0
2020-03-30,1,0,3,13,20,21,30,0,0.63,5,3,0.17
2020-03-30,10,0,3,13,25,21,30,1,1,5,0,0.14
2020-03-31,4,1,3,13,9,10,1,0,0.8,4,2,0.21
2020-03-31,20,1,3,13,23,10,1,0,0.8,5,1,0.32
2020-04-01,17,2,4,13,14,20,4,1,1,18,0,0.08
2020-04-02,18,3,4,13,14,17,20,1,1,5,0,0.2
2020-04-03,9,4,4,13,18,18,17,0,0.71,40,2,0
2020-04-20,14,0,4,16,25,9,18,0,0.89,5,1,0.1
2020-04-20,5,0,4,16,24,9,18,1,1,31,0,0
2020-04-21,6,1,4,16,22,5,14,1,1,5,0,0.12
2020-04-22,26,2,4,16,12,6,5,1,1,5,0,0.21
2020-04-22,4,2,4,16,11,6,5,0,0.8,4,2,0.21
2020-04-23,1,3,4,16,23,4,26,0,0.63,5,3,0.17
2020-04-23,13,3,4,16,19,4,26,0,0.75,4,2,0.14
2020-04-24,24,4,4,16,13,13,1,0,0.9,39,1,0
2020-04-24,15,4,4,16,9,13,1,0,0.75,4,2,0.42
2020-04-27,10,0,4,17,18,15,24,1,1,5,0,0.14
2020-04-27,6,0,4,17,11,15,24,1,1,5,0,0.12
2020-04-28,33,1,4,17,24,6,10,0,0.71,68,2,0
2020-04-29,5,2,4,17,9,33,6,1,1,31,0,0
2020-04-29,7,2,4,17,13,33,6,1,1,5,0,0.29
2020-04-30,16,3,4,17,14,7,5,0,0.71,5,2,0.17
2020-04-30,18,3,4,17,19,7,5,1,1,5,0,0.2
2020-05-01,2,4,5,17,14,18,16,0,0.88,18,1,0.08
2020-05-04,24,0,5,18,24,2,18,0,0.9,39,1,0
2020-05-05,32,1,5,18,28,24,2,1,1,40,0,0
2020-05-05,21,1,5,18,18,24,2,0,0.88,40,1,0
2020-05-06,11,2,5,18,19,21,32,0,0.75,31,1,0
2020-05-06,20,2,5,18,9,21,32,0,0.8,5,1,0.32
2020-05-07,15,3,5,18,12,20,11,0,0.75,4,2,0.42
2020-05-08,29,4,5,18,20,15,20,1,1,25,0,0.02
2020-05-08,13,4,5,18,8,15,20,0,0.75,4,2,0.14
2020-05-11,2,0,5,19,14,13,29,0,0.88,18,1,0.08
2020-05-12,16,1,5,19,15,2,13,0,0.71,5,2,0.17
2020-05-12,6,1,5,19,10,2,13,1,1,5,0,0.12
2020-05-13,35,2,5,19,8,6,16,0,0.8,47,2,0
2020-05-13,34,2,5,19,20,6,16,0,0.63,60,3,0
2020-05-14,32,3,5,19,17,34,35,1,1,40,0,0
2020-05-14,13,3,5,19,17,34,35,0,0.75,4,2,0.14
2020-05-15,9,4,5,19,18,13,32,0,0.71,40,2,0
2020-05-18,4,0,5,20,11,9,13,0,0.8,4,2,0.21
2020-05-18,15,0,5,20,11,9,13,0,0.75,4,2,0.42
2020-05-19,23,1,5,20,18,15,4,0,0.89,56,1,0
2020-05-19,6,1,5,20,22,15,4,1,1,5,0,0.12
2020-05-20,17,2,5,20,18,6,23,1,1,18,0,0.08
2020-05-21,34,3,5,20,24,17,6,0,0.63,60,3,0
2020-05-22,7,4,5,20,14,34,17,1,1,5,0,0.29
2020-05-22,14,4,5,20,21,34,17,0,0.89,5,1,0.1
2020-05-25,1,0,5,21,16,14,7,0,0.63,5,3,0.17
2020-05-25,10,0,5,21,13,14,7,1,1,5,0,0.14
2020-05-26,16,1,5,21,10,10,1,0,0.71,5,2,0.17
2020-05-27,31,2,5,21,19,16,10,1,1,40,0,0
2020-05-28,26,3,5,21,23,31,16,1,1,5,0,0.21
2020-05-28,18,3,5,21,13,31,16,1,1,5,0,0.2
2020-05-29,9,4,5,21,12,18,26,0,0.71,40,2,0
2020-06-01,8,0,6,22,12,9,18,0,0.78,4,2,0.12
2020-06-01,15,0,6,22,14,9,18,0,0.75,4,2,0.42
2020-06-02,1,1,6,22,20,15,8,0,0.63,5,3,0.17
2020-06-02,11,1,6,22,26,15,8,0,0.75,31,1,0
2020-06-03,17,2,6,22,9,11,1,1,1,18,0,0.08
2020-06-04,23,3,6,22,14,17,11,0,0.89,56,1,0
2020-06-05,27,4,6,22,19,23,17,0,0.82,4,2,0.19
2020-06-08,3,0,6,23,10,27,23,0,0.88,39,1,0
2020-06-09,21,1,6,23,28,3,27,0,0.88,40,1,0
2020-06-09,22,1,6,23,21,3,27,1,1,5,0,0.19
2020-06-10,2,2,6,23,15,22,21,0,0.88,18,1,0.08
2020-06-10,7,2,6,23,23,22,21,1,1,5,0,0.29
2020-06-11,13,3,6,23,22,7,2,0,0.75,4,2,0.14
2020-06-11,27,3,6,23,19,7,2,0,0.82,4,2,0.19
2020-06-12,30,4,6,23,13,27,13,0,0.67,88,2,0
2020-06-12,29,4,6,23,14,27,13,1,1,25,0,0.02
2020-06-15,10,0,6,24,20,29,30,1,1,5,0,0.14
2020-06-16,21,1,6,24,20,10,29,0,0.88,40,1,0
2020-06-17,22,2,6,24,13,21,10,1,1,5,0,0.19
2020-06-18,18,3,6,24,26,22,21,1,1,5,0,0.2
2020-06-19,9,4,6,24,7,18,22,0,0.71,40,2,0
2020-06-19,5,4,6,24,14,18,22,1,1,31,0,0
2020-06-22,12,0,6,25,13,5,9,1,1,40,0,0
2020-06-22,15,0,6,25,23,5,9,0,0.75,4,2,0.42
2020-06-23,3,1,6,25,21,15,12,0,0.88,39,1,0
2020-06-23,26,1,6,25,13,15,12,1,1,5,0,0.21
2020-06-24,25,2,6,25,12,26,3,0,0.88,31,1,0
2020-06-24,31,2,6,25,9,26,3,1,1,40,0,0
2020-06-25,23,3,6,25,25,31,25,0,0.89,56,1,0
2020-06-26,9,4,6,25,14,23,31,0,0.71,40,2,0
2020-06-26,8,4,6,25,14,23,31,0,0.78,4,2,0.12
2020-06-29,30,0,6,26,16,8,9,0,0.67,88,2,0
2020-06-29,2,0,6,26,13,8,9,0,0.88,18,1,0.08
2020-06-30,25,1,6,26,10,2,30,0,0.88,31,1,0
2020-06-30,6,1,6,26,13,2,30,1,1,5,0,0.12
2020-07-01,34,2,7,26,22,6,25,0,0.63,60,3,0
2020-07-01,3,2,7,26,8,6,25,0,0.88,39,1,0
2020-07-02,24,3,7,26,28,3,34,0,0.9,39,1,0
2020-07-02,26,3,7,26,21,3,34,1,1,5,0,0.21
2020-07-03,5,4,7,26,20,26,24,1,1,31,0,0
2020-09-01,18,1,9,35,15,5,26,1,1,5,0,0.2
2020-09-02,17,2,9,35,14,18,5,1,1,18,0,0.08
2020-09-03,7,3,9,35,21,17,18,1,1,5,0,0.29
2020-09-04,16,4,9,35,17,7,17,0,0.71,5,2,0.17
2020-09-07,4,0,9,36,18,16,7,0,0.8,4,2,0.21
2020-09-07,20,0,9,36,21,16,7,0,0.8,5,1,0.32
2020-09-08,26,1,9,36,19,20,4,1,1,5,0,0.21
2020-09-09,1,2,9,36,21,26,20,0,0.63,5,3,0.17
2020-09-09,17,2,9,36,8,26,20,1,1,18,0,0.08
2020-09-10,29,3,9,36,25,17,1,1,1,25,0,0.02
2020-09-10,25,3,9,36,15,17,1,0,0.88,31,1,0
2020-09-11,15,4,9,36,11,25,29,0,0.75,4,2,0.42
2020-09-14,9,0,9,37,16,15,25,0,0.71,40,2,0
2020-09-15,34,1,9,37,18,9,15,0,0.63,60,3,0
2020-09-16,14,2,9,37,14,34,9,0,0.89,5,1,0.1
2020-09-16,22,2,9,37,21,34,9,1,1,5,0,0.19
2020-09-17,8,3,9,37,10,22,14,0,0.78,4,2,0.12
2020-09-17,13,3,9,37,24,22,14,0,0.75,4,2,0.14
2020-09-18,12,4,9,37,8,13,8,1,1,40,0,0
2020-09-21,10,0,9,38,9,12,13,1,1,5,0,0.14
2020-09-21,35,0,9,38,24,12,13,0,0.8,47,2,0
2020-09-22,21,1,9,38,13,35,10,0,0.88,40,1,0
2020-09-23,11,2,9,38,9,21,35,0,0.75,31,1,0
2020-09-23,22,2,9,38,8,21,35,1,1,5,0,0.19
2020-09-24,18,3,9,38,15,22,11,1,1,5,0,0.2
2020-09-24,13,3,9,38,23,22,11,0,0.75,4,2,0.14
2020-09-25,19,4,9,38,11,13,18,1,1,47,0,0
2020-09-25,24,4,9,38,20,13,18,0,0.9,39,1,0
2020-09-28,10,0,9,39,8,24,19,1,1,5,0,0.14
2020-09-29,1,1,9,39,14,10,24,0,0.63,5,3,0.17
2020-09-30,22,2,9,39,13,1,10,1,1,5,0,0.19
2020-10-01,8,3,10,39,15,22,1,0,0.78,4,2,0.12
2020-10-02,14,4,10,39,20,8,22,0,0.89,5,1,0.1
2020-10-05,9,0,10,40,14,14,8,0,0.71,40,2,0
2020-10-05,13,0,10,40,22,14,8,0,0.75,4,2,0.14
2020-10-06,30,1,10,40,25,13,9,0,0.67,88,2,0
2020-10-06,10,1,10,40,14,13,9,1,1,5,0,0.14
2020-10-07,16,2,10,40,8,10,30,0,0.71,5,2,0.17
2020-10-07,3,2,10,40,21,10,30,0,0.88,39,1,0
2020-10-08,5,3,10,40,20,3,16,1,1,31,0,0
2020-10-09,9,4,10,40,16,5,3,0,0.71,40,2,0
2020-10-12,32,0,10,41,23,9,5,1,1,40,0,0
2020-10-13,14,1,10,41,17,32,9,0,0.89,5,1,0.1
2020-10-14,12,2,10,41,11,14,32,1,1,40,0,0
2020-10-15,25,3,10,41,28,12,14,0,0.88,31,1,0
2020-10-15,11,3,10,41,10,12,14,0,0.75,31,1,0
2020-10-16,29,4,10,41,17,11,25,1,1,25,0,0.02
2020-10-16,17,4,10,41,7,11,25,1,1,18,0,0.08
2020-11-02,9,0,11,44,17,17,29,0,0.71,40,2,0
2020-11-02,15,0,11,44,15,17,29,0,0.75,4,2,0.42
2020-11-03,6,1,11,44,15,15,9,1,1,5,0,0.12
2020-11-04,7,2,11,44,8,6,15,1,1,5,0,0.29
2020-11-04,16,2,11,44,23,6,15,0,0.71,5,2,0.17
2020-11-05,14,3,11,44,14,16,7,0,0.89,5,1,0.1
2020-11-06,4,4,11,44,18,14,16,0,0.8,4,2,0.21
2020-11-09,10,0,11,45,15,4,14,1,1,5,0,0.14
2020-11-09,3,0,11,45,17,4,14,0,0.88,39,1,0
2020-11-10,2,1,11,45,11,3,10,0,0.88,18,1,0.08
2020-11-10,1,1,11,45,15,3,10,0,0.63,5,3,0.17
2020-11-11,13,2,11,45,22,1,2,0,0.75,4,2,0.14
2020-11-12,15,3,11,45,11,13,1,0,0.75,4,2,0.42
2020-11-12,29,3,11,45,19,13,1,1,1,25,0,0.02
2020-11-13,25,4,11,45,9,29,15,0,0.88,31,1,0
2020-11-16,28,0,11,46,10,25,29,0,0.78,4,2,0.12
2020-11-17,11,1,11,46,13,28,25,0,0.75,31,1,0
2020-11-17,3,1,11,46,11,28,25,0,0.88,39,1,0
2020-11-18,30,2,11,46,18,3,11,0,0.67,88,2,0
2020-11-18,7,2,11,46,14,3,11,1,1,5,0,0.29
2020-11-19,4,3,11,46,13,7,30,0,0.8,4,2,0.21
2020-11-20,24,4,11,46,9,4,7,0,0.9,39,1,0
2020-11-20,9,4,11,46,18,4,7,0,0.71,40,2,0
2020-11-23,27,0,11,47,23,9,24,0,0.82,4,2,0.19
2020-11-23,22,0,11,47,12,9,24,1,1,5,0,0.19
2020-11-24,14,1,11,47,10,22,27,0,0.89,5,1,0.1
2020-11-25,12,2,11,47,8,14,22,1,1,40,0,0
2020-11-25,7,2,11,47,10,14,22,1,1,5,0,0.29
2020-11-26,24,3,11,47,11,7,12,0,0.9,39,1,0
2020-11-26,18,3,11,47,20,7,12,1,1,5,0,0.2
2020-11-27,19,4,11,47,14,18,24,1,1,47,0,0
2020-11-30,20,0,11,48,25,19,18,0,0.8,5,1,0.32
2020-11-30,16,0,11,48,20,19,18,0,0.71,5,2,0.17
2020-12-01,21,1,12,48,23,16,20,0,0.88,40,1,0
2020-12-01,31,1,12,48,9,16,20,1,1,40,0,0
2020-12-02,32,2,12,48,17,31,21,1,1,40,0,0
2020-12-03,10,3,12,48,23,32,31,1,1,5,0,0.14
2020-12-03,1,3,12,48,24,32,31,0,0.63,5,3,0.17
2020-12-04,17,4,12,48,7,1,10,1,1,18,0,0.08
2020-12-07,6,0,12,49,25,17,1,1,1,5,0,0.12
2020-12-07,8,0,12,49,11,17,1,0,0.78,4,2,0.12
2020-12-08,33,1,12,49,22,8,6,0,0.71,68,2,0
2020-12-09,29,2,12,49,22,33,8,1,1,25,0,0.02
2020-12-09,20,2,12,49,15,33,8,0,0.8,5,1,0.32
2020-12-10,5,3,12,49,15,20,29,1,1,31,0,0
2020-12-11,14,4,12,49,9,5,20,0,0.89,5,1,0.1
2020-12-11,28,4,12,49,10,5,20,0,0.78,4,2,0.12
2020-12-14,11,0,12,50,13,28,14,0,0.75,31,1,0
2020-12-14,33,0,12,50,13,28,14,0,0.71,68,2,0
2020-12-15,6,1,12,50,15,33,11,1,1,5,0,0.12
2020-12-16,12,2,12,50,7,6,33,1,1,40,0,0
2020-12-16,29,2,12,50,22,6,33,1,1,25,0,0.02
2020-12-17,17,3,12,50,17,29,12,1,1,18,0,0.08
2020-12-17,20,3,12,50,10,29,12,0,0.8,5,1,0.32
2020-12-18,2,4,12,50,15,20,17,0,0.88,18,1,0.08
2021-01-04,10,0,1,1,16,2,20,1,1,5,0,0.14
2021-01-04,25,0,1,1,12,2,20,0,0.88,31,1,0
2021-01-05,21,1,1,1,11,25,10,0,0.88,40,1,0
2021-01-06,28,2,1,1,11,21,25,0,0.78,4,2,0.12
2021-01-06,33,2,1,1,15,21,25,0,0.71,68,2,0
2021-01-07,4,3,1,1,28,33,28,0,0.8,4,2,0.21
2021-01-08,14,4,1,1,14,4,33,0,0.89,5,1,0.1
2021-01-11,20,0,1,2,16,14,4,0,0.8,5,1,0.32
2021-01-12,16,1,1,2,12,20,14,0,0.71,5,2,0.17
2021-01-13,7,2,1,2,23,16,20,1,1,5,0,0.29
2021-01-14,10,3,1,2,20,7,16,1,1,5,0,0.14
2021-01-15,24,4,1,2,13,10,7,0,0.9,39,1,0
2021-01-15,9,4,1,2,9,10,7,0,0.71,40,2,0
2021-01-18,29,0,1,3,23,9,24,1,1,25,0,0.02
2021-01-19,35,1,1,3,9,29,9,0,0.8,47,2,0
2021-01-20,36,2,1,3,11,35,29,0,0.89,19,1,0.05
2021-01-20,27,2,1,3,11,35,29,0,0.82,4,2,0.19
2021-01-21,20,3,1,3,19,27,36,0,0.8,5,1,0.32
2021-01-21,32,3,1,3,18,27,36,1,1,40,0,0
2021-01-22,24,4,1,3,16,32,20,0,0.9,39,1,0
2021-01-25,10,0,1,4,18,24,32,1,1,5,0,0.14
2021-01-25,34,0,1,4,13,24,32,0,0.63,60,3,0
2021-01-26,25,1,1,4,9,34,10,0,0.88,31,1,0
2021-01-27,7,2,1,4,13,25,34,1,1,5,0,0.29
2021-01-28,19,3,1,4,14,7,25,1,1,47,0,0
2021-01-29,20,4,1,4,18,19,7,0,0.8,5,1,0.32
2021-01-29,16,4,1,4,14,19,7,0,0.71,5,2,0.17
2021-02-01,11,0,2,5,19,16,20,0,0.75,31,1,0
2021-02-01,15,0,2,5,16,16,20,0,0.75,4,2,0.42
2021-02-02,32,1,2,5,25,15,11,1,1,40,0,0
2021-02-02,35,1,2,5,23,15,11,0,0.8,47,2,0
2021-02-03,7,2,2,5,15,35,32,1,1,5,0,0.29
2021-02-03,29,2,2,5,12,35,32,1,1,25,0,0.02
2021-02-04,4,3,2,5,26,29,7,0,0.8,4,2,0.21
2021-02-04,22,3,2,5,21,29,7,1,1,5,0,0.19
2021-02-05,24,4,2,5,11,22,4,0,0.9,39,1,0
2021-02-08,11,0,2,6,20,24,22,0,0.75,31,1,0
2021-02-09,10,1,2,6,24,11,24,1,1,5,0,0.14
2021-02-10,12,2,2,6,11,10,11,1,1,40,0,0
2021-02-10,17,2,2,6,7,10,11,1,1,18,0,0.08
2021-02-11,18,3,2,6,11,17,12,1,1,5,0,0.2
2021-02-12,22,4,2,6,20,18,17,1,1,5,0,0.19
2021-03-01,14,0,3,9,17,22,18,0,0.89,5,1,0.1
2021-03-02,28,1,3,9,22,14,22,0,0.78,4,2,0.12
2021-03-02,20,1,3,9,9,14,22,0,0.8,5,1,0.32
2021-03-03,27,2,3,9,18,20,28,0,0.82,4,2,0.19
2021-03-04,4,3,3,9,25,27,20,0,0.8,4,2,0.21
2021-03-05,33,4,3,9,20,4,27,0,0.71,68,2,0
2021-03-08,10,0,3,10,11,33,4,1,1,5,0,0.14
2021-03-08,7,0,3,10,24,33,4,1,1,5,0,0.29
2021-03-09,13,1,3,10,18,7,10,0,0.75,4,2,0.14
2021-03-10,22,2,3,10,8,13,7,1,1,5,0,0.19
2021-03-11,30,3,3,10,18,22,13,0,0.67,88,2,0
2021-03-11,6,3,3,10,15,22,13,1,1,5,0,0.12
2021-03-12,11,4,3,10,12,6,30,0,0.75,31,1,0
2021-03-15,33,0,3,11,17,11,6,0,0.71,68,2,0
2021-03-15,7,0,3,11,12,11,6,1,1,5,0,0.29
2021-03-16,4,1,3,11,17,7,33,0,0.8,4,2,0.21
2021-03-16,8,1,3,11,15,7,33,0,0.78,4,2,0.12
2021-03-17,10,2,3,11,17,8,4,1,1,5,0,0.14
2021-03-18,15,3,3,11,17,10,8,0,0.75,4,2,0.42
2021-03-18,34,3,3,11,9,10,8,0,0.63,60,3,0
2021-03-19,9,4,3,11,15,34,15,0,0.71,40,2,0
2021-03-22,25,0,3,12,22,9,34,0,0.88,31,1,0
2021-03-23,11,1,3,12,15,25,9,0,0.75,31,1,0
2021-03-24,12,2,3,12,14,11,25,1,1,40,0,0
2021-03-25,23,3,3,12,11,12,11,0,0.89,56,1,0
2021-03-26,10,4,3,12,18,23,12,1,1,5,0,0.14
2021-03-29,30,0,3,13,12,10,23,0,0.67,88,2,0
2021-03-30,28,1,3,13,11,30,10,0,0.78,4,2,0.12
2021-03-31,22,2,3,13,8,28,30,1,1,5,0,0.19
2021-03-31,17,2,3,13,9,28,30,1,1,18,0,0.08
2021-04-01,11,3,4,13,20,17,22,0,0.75,31,1,0
2021-04-02,7,4,4,13,21,11,17,1,1,5,0,0.29
2021-04-02,33,4,4,13,20,11,17,0,0.71,68,2,0
2021-04-05,1,0,4,14,10,33,7,0,0.63,5,3,0.17
2021-04-06,31,1,4,14,12,1,33,1,1,40,0,0
2021-04-06,21,1,4,14,12,1,33,0,0.88,40,1,0
2021-04-07,13,2,4,14,13,21,31,0,0.75,4,2,0.14
2021-04-07,17,2,4,14,17,21,31,1,1,18,0,0.08
2021-04-08,24,3,4,14,23,17,13,0,0.9,39,1,0
2021-04-08,4,3,4,14,22,17,13,0,0.8,4,2,0.21
2021-04-09,9,4,4,14,20,4,24,0,0.71,40,2,0
2021-04-09,10,4,4,14,10,4,24,1,1,5,0,0.14
2021-04-26,5,0,4,17,16,10,9,1,1,31,0,0
2021-04-27,6,1,4,17,11,5,10,1,1,5,0,0.12
2021-04-28,23,2,4,17,18,6,5,0,0.89,56,1,0
2021-04-28,12,2,4,17,20,6,5,1,1,40,0,0
2021-04-29,13,3,4,17,26,12,23,0,0.75,4,2,0.14
2021-04-29,8,3,4,17,26,12,23,0,0.78,4,2,0.12
2021-04-30,14,4,4,17,21,8,13,0,0.89,5,1,0.1
2021-04-30,21,4,4,17,9,8,13,0,0.88,40,1,0
2021-05-03,18,0,5,18,14,21,14,1,1,5,0,0.2
2021-05-04,33,1,5,18,13,18,21,0,0.71,68,2,0
2021-05-05,1,2,5,18,20,33,18,0,0.63,5,3,0.17
2021-05-05,10,2,5,18,23,33,18,1,1,5,0,0.14
2021-05-06,4,3,5,18,13,10,1,0,0.8,4,2,0.21
2021-05-06,36,3,5,18,13,10,1,0,0.89,19,1,0.05
2021-05-07,19,4,5,18,9,36,4,1,1,47,0,0
2021-05-10,5,0,5,19,9,19,36,1,1,31,0,0
2021-05-10,24,0,5,19,8,19,36,0,0.9,39,1,0
2021-05-11,21,1,5,19,15,24,5,0,0.88,40,1,0
2021-05-11,16,1,5,19,28,24,5,0,0.71,5,2,0.17
2021-05-12,3,2,5,19,9,16,21,0,0.88,39,1,0
2021-05-12,25,2,5,19,9,16,21,0,0.88,31,1,0
2021-05-13,1,3,5,19,12,25,3,0,0.63,5,3,0.17
2021-05-13,6,3,5,19,18,25,3,1,1,5,0,0.12
2021-05-14,18,4,5,19,20,6,1,1,1,5,0,0.2
2021-05-14,29,4,5,19,14,6,1,1,1,25,0,0.02
2021-05-17,20,0,5,20,8,29,18,0,0.8,5,1,0.32
2021-05-17,10,0,5,20,10,29,18,1,1,5,0,0.14
2021-05-18,26,1,5,20,14,10,20,1,1,5,0,0.21
2021-05-19,3,2,5,20,17,26,10,0,0.88,39,1,0
2021-05-19,7,2,5,20,17,26,10,1,1,5,0,0.29
2021-05-20,13,3,5,20,10,7,3,0,0.75,4,2,0.14
2021-05-21,22,4,5,20,11,13,7,1,1,5,0,0.19
2021-05-21,36,4,5,20,18,13,7,0,0.89,19,1,0.05
2021-05-24,1,0,5,21,15,36,22,0,0.63,5,3,0.17
2021-05-24,15,0,5,21,10,36,22,0,0.75,4,2,0.42
2021-05-25,20,1,5,21,25,15,1,0,0.8,5,1,0.32
2021-05-26,6,2,5,21,7,20,15,1,1,5,0,0.12
2021-05-27,4,3,5,21,11,6,20,0,0.8,4,2,0.21
2021-05-28,14,4,5,21,14,4,6,0,0.89,5,1,0.1
2021-05-28,24,4,5,21,13,4,6,0,0.9,39,1,0
2021-05-31,34,0,5,22,22,24,14,0,0.63,60,3,0
2021-06-01,29,1,6,22,9,34,24,1,1,25,0,0.02
2021-06-02,10,2,6,22,23,29,34,1,1,5,0,0.14
2021-06-02,23,2,6,22,19,29,34,0,0.89,56,1,0
2021-06-03,26,3,6,22,18,23,10,1,1,5,0,0.21
2021-06-04,9,4,6,22,18,26,23,0,0.71,40,2,0
2021-06-07,1,0,6,23,15,9,26,0,0.63,5,3,0.17
2021-06-08,11,1,6,23,12,1,9,0,0.75,31,1,0
2021-06-09,33,2,6,23,12,11,1,0,0.71,68,2,0
2021-06-10,13,3,6,23,24,33,11,0,0.75,4,2,0.14
2021-06-11,18,4,6,23,18,13,33,1,1,5,0,0.2
2021-06-11,32,4,6,23,14,13,33,1,1,40,0,0
2021-06-14,30,0,6,24,19,32,18,0,0.67,88,2,0
2021-06-15,36,1,6,24,26,30,32,0,0.89,19,1,0.05
2021-06-16,3,2,6,24,7,36,30,0,0.88,39,1,0
2021-06-17,4,3,6,24,26,3,36,0,0.8,4,2,0.21
2021-06-18,19,4,6,24,21,4,3,1,1,47,0,0
2021-06-18,25,4,6,24,21,4,3,0,0.88,31,1,0
2021-06-21,20,0,6,25,15,25,19,0,0.8,5,1,0.32
2021-06-21,23,0,6,25,25,25,19,0,0.89,56,1,0
2021-06-22,6,1,6,25,11,23,20,1,1,5,0,0.12
2021-06-22,5,1,6,25,22,23,20,1,1,31,0,0
2021-06-23,12,2,6,25,22,5,6,1,1,40,0,0
2021-06-24,34,3,6,25,28,12,5,0,0.63,60,3,0
2021-06-25,25,4,6,25,11,34,12,0,0.88,31,1,0
2021-06-28,32,0,6,26,23,25,34,1,1,40,0,0
2021-06-29,9,1,6,26,28,32,25,0,0.71,40,2,0
2021-06-30,27,2,6,26,13,9,32,0,0.82,4,2,0.19
2021-07-01,30,3,7,26,12,27,9,0,0.67,88,2,0
2021-07-01,26,3,7,26,18,27,9,1,1,5,0,0.21
2021-07-02,35,4,7,26,14,26,30,0,0.8,47,2,0
2021-07-02,14,4,7,26,14,26,30,0,0.89,5,1,0.1
2021-09-01,12,2,9,35,21,14,35,1,1,40,0,0
2021-09-01,3,2,9,35,21,14,35,0,0.88,39,1,0
2021-09-02,8,3,9,35,18,3,12,0,0.78,4,2,0.12
2021-09-03,9,4,9,35,10,8,3,0,0.71,40,2,0
2021-09-03,25,4,9,35,11,8,3,0,0.88,31,1,0
2021-09-06,30,0,9,36,12,25,9,0,0.67,88,2,0
2021-09-07,2,1,9,36,22,30,25,0,0.88,18,1,0.08
2021-09-08,12,2,9,36,20,2,30,1,1,40,0,0
2021-09-09,23,3,9,36,9,12,2,0,0.89,56,1,0
2021-09-10,24,4,9,36,20,23,12,0,0.9,39,1,0
2021-09-10,9,4,9,36,15,23,12,0,0.71,40,2,0
2021-09-13,36,0,9,37,10,9,24,0,0.89,19,1,0.05
2021-09-13,5,0,9,37,24,9,24,1,1,31,0,0
2021-09-14,16,1,9,37,9,5,36,0,0.71,5,2,0.17
2021-09-15,22,2,9,37,19,16,5,1,1,5,0,0.19
2021-09-15,2,2,9,37,7,16,5,0,0.88,18,1,0.08
2021-09-16,18,3,9,37,25,2,22,1,1,5,0,0.2
2021-09-16,12,3,9,37,26,2,22,1,1,40,0,0
2021-09-17,15,4,9,37,15,12,18,0,0.75,4,2,0.42
2021-09-20,26,0,9,38,9,15,12,1,1,5,0,0.21
2021-09-21,11,1,9,38,28,26,15,0,0.75,31,1,0
2021-09-22,16,2,9,38,9,11,26,0,0.71,5,2,0.17
2021-09-23,4,3,9,38,26,16,11,0,0.8,4,2,0.21
2021-09-24,8,4,9,38,7,4,16,0,0.78,4,2,0.12
2021-09-27,33,0,9,39,15,8,4,0,0.71,68,2,0
2021-09-28,6,1,9,39,11,33,8,1,1,5,0,0.12
2021-09-29,30,2,9,39,20,6,33,0,0.67,88,2,0
2021-09-30,14,3,9,39,13,30,6,0,0.89,5,1,0.1
2021-10-01,7,4,10,39,9,14,30,1,1,5,0,0.29
2021-10-04,28,0,10,40,15,7,14,0,0.78,4,2,0.12
2021-10-05,16,1,10,40,9,28,7,0,0.71,5,2,0.17
2021-10-05,15,1,10,40,15,28,7,0,0.75,4,2,0.42
2021-10-06,19,2,10,40,18,15,16,1,1,47,0,0
2021-10-06,17,2,10,40,18,15,16,1,1,18,0,0.08
2021-10-07,23,3,10,40,11,17,19,0,0.89,56,1,0
2021-10-07,21,3,10,40,21,17,19,0,0.88,40,1,0
2021-10-08,20,4,10,40,7,21,23,0,0.8,5,1,0.32
2021-10-11,27,0,10,41,23,20,21,0,0.82,4,2,0.19
2021-10-11,28,0,10,41,9,20,21,0,0.78,4,2,0.12
2021-10-12,2,1,10,41,19,28,27,0,0.88,18,1,0.08
2021-10-13,29,2,10,41,20,2,28,1,1,25,0,0.02
2021-10-13,17,2,10,41,7,2,28,1,1,18,0,0.08
2021-10-14,36,3,10,41,26,17,29,0,0.89,19,1,0.05
2021-10-14,13,3,10,41,25,17,29,0,0.75,4,2,0.14
2021-10-15,34,4,10,41,10,13,36,0,0.63,60,3,0
2021-10-18,5,0,10,42,20,34,13,1,1,31,0,0
2021-10-18,23,0,10,42,23,34,13,0,0.89,56,1,0
2021-10-19,33,1,10,42,21,23,5,0,0.71,68,2,0
2021-10-19,11,1,10,42,25,23,5,0,0.75,31,1,0
2021-10-20,16,2,10,42,21,11,33,0,0.71,5,2,0.17
2021-10-20,10,2,10,42,22,11,33,1,1,5,0,0.14
2021-10-21,4,3,10,42,14,10,16,0,0.8,4,2,0.21
2021-10-22,9,4,10,42,17,4,10,0,0.71,40,2,0
2021-10-22,36,4,10,42,8,4,10,0,0.89,19,1,0.05
2021-11-08,20,0,11,45,8,36,9,0,0.8,5,1,0.32
2021-11-09,6,1,11,45,25,20,36,1,1,5,0,0.12
2021-11-10,1,2,11,45,11,6,20,0,0.63,5,3,0.17
2021-11-10,3,2,11,45,18,6,20,0,0.88,39,1,0
2021-11-11,12,3,11,45,11,3,1,1,1,40,0,0
2021-11-11,24,3,11,45,22,3,1,0,0.9,39,1,0
2021-11-12,30,4,11,45,20,24,12,0,0.67,88,2,0
2021-11-12,14,4,11,45,20,24,12,0,0.89,5,1,0.1
2021-11-15,25,0,11,46,17,14,30,0,0.88,31,1,0
2021-11-15,36,0,11,46,8,14,30,0,0.89,19,1,0.05
2021-11-16,35,1,11,46,21,36,25,0,0.8,47,2,0
2021-11-17,32,2,11,46,17,35,36,1,1,40,0,0
2021-11-18,10,3,11,46,11,32,35,1,1,5,0,0.14
2021-11-19,15,4,11,46,9,10,32,0,0.75,4,2,0.42
2021-11-19,4,4,11,46,19,10,32,0,0.8,4,2,0.21
2021-11-22,20,0,11,47,24,4,15,0,0.8,5,1,0.32
2021-11-23,21,1,11,47,13,20,4,0,0.88,40,1,0
2021-11-23,2,1,11,47,18,20,4,0,0.88,18,1,0.08
2021-11-24,7,2,11,47,20,2,21,1,1,5,0,0.29
2021-11-24,33,2,11,47,14,2,21,0,0.71,68,2,0
2021-11-25,36,3,11,47,26,33,7,0,0.89,19,1,0.05
2021-11-25,25,3,11,47,11,33,7,0,0.88,31,1,0
2021-11-26,32,4,11,47,19,25,36,1,1,40,0,0
2021-11-26,19,4,11,47,8,25,36,1,1,47,0,0
2021-11-29,15,0,11,48,16,19,32,0,0.75,4,2,0.42
2021-11-30,16,1,11,48,15,15,19,0,0.71,5,2,0.17
2021-12-01,33,2,12,48,20,16,15,0,0.71,68,2,0
2021-12-01,10,2,12,48,23,16,15,1,1,5,0,0.14
2021-12-02,2,3,12,48,24,10,33,0,0.88,18,1,0.08
2021-12-03,18,4,12,48,15,2,10,1,1,5,0,0.2
2021-12-06,12,0,12,49,8,18,2,1,1,40,0,0
2021-12-06,23,0,12,49,20,18,2,0,0.89,56,1,0
2021-12-07,34,1,12,49,21,23,12,0,0.63,60,3,0
2021-12-07,16,1,12,49,21,23,12,0,0.71,5,2,0.17
2021-12-08,7,2,12,49,20,16,34,1,1,5,0,0.29
2021-12-08,21,2,12,49,16,16,34,0,0.88,40,1,0
2021-12-09,18,3,12,49,17,21,7,1,1,5,0,0.2
2021-12-09,8,3,12,49,17,21,7,0,0.78,4,2,0.12
2021-12-10,28,4,12,49,20,8,18,0,0.78,4,2,0.12
2021-12-13,36,0,12,50,23,28,8,0,0.89,19,1,0.05
2021-12-13,24,0,12,50,19,28,8,0,0.9,39,1,0
2021-12-14,34,1,12,50,18,24,36,0,0.63,60,3,0
2021-12-14,27,1,12,50,13,24,36,0,0.82,4,2,0.19
2021-12-15,4,2,12,50,12,27,34,0,0.8,4,2,0.21
2021-12-15,17,2,12,50,19,27,34,1,1,18,0,0.08
2021-12-16,18,3,12,50,25,17,4,1,1,5,0,0.2
2021-12-16,6,3,12,50,19,17,4,1,1,5,0,0.12
2021-12-17,14,4,12,50,11,6,18,0,0.89,5,1,0.1
2022-01-03,1,0,1,1,11,14,6,0,0.63,5,3,0.17
2022-01-03,11,0,1,1,15,14,6,0,0.75,31,1,0
2022-01-04,25,1,1,1,9,11,1,0,0.88,31,1,0
2022-01-05,12,2,1,1,8,25,11,1,1,40,0,0
2022-01-06,31,3,1,1,19,12,25,1,1,40,0,0
2022-01-07,6,4,1,1,16,31,12,1,1,5,0,0.12
2022-01-10,20,0,1,2,23,6,31,0,0.8,5,1,0.32
2022-01-11,35,1,1,2,28,20,6,0,0.8,47,2,0
2022-01-12,3,2,1,2,15,35,20,0,0.88,39,1,0
2022-01-13,19,3,1,2,20,3,35,1,1,47,0,0
2022-01-13,23,3,1,2,28,3,35,0,0.89,56,1,0
2022-01-14,7,4,1,2,9,23,19,1,1,5,0,0.29
2022-01-17,15,0,1,3,16,7,23,0,0.75,4,2,0.42
2022-01-17,10,0,1,3,22,7,23,1,1,5,0,0.14
2022-01-18,16,1,1,3,19,10,15,0,0.71,5,2,0.17
2022-01-19,11,2,1,3,20,16,10,0,0.75,31,1,0
2022-01-19,19,2,1,3,19,16,10,1,1,47,0,0
2022-01-20,23,3,1,3,13,19,11,0,0.89,56,1,0
2022-01-21,2,4,1,3,14,23,19,0,0.88,18,1,0.08
2022-01-21,35,4,1,3,19,23,19,0,0.8,47,2,0
2022-01-24,5,0,1,4,24,35,2,1,1,31,0,0
2022-01-25,33,1,1,4,13,5,35,0,0.71,68,2,0
2022-01-25,21,1,1,4,19,5,35,0,0.88,40,1,0
2022-01-26,29,2,1,4,13,21,33,1,1,25,0,0.02
2022-01-27,4,3,1,4,18,29,21,0,0.8,4,2,0.21
2022-01-28,28,4,1,4,7,4,29,0,0.78,4,2,0.12
2022-01-31,6,0,1,5,15,28,4,1,1,5,0,0.12
2022-02-01,15,1,2,5,28,6,28,0,0.75,4,2,0.42
2022-02-01,7,1,2,5,10,6,28,1,1,5,0,0.29
2022-02-02,26,2,2,5,16,7,15,1,1,5,0,0.21
2022-02-03,8,3,2,5,21,26,7,0,0.78,4,2,0.12
2022-02-03,4,3,2,5,21,26,7,0,0.8,4,2,0.21
2022-02-04,10,4,2,5,11,4,8,1,1,5,0,0.14
2022-02-07,13,0,2,6,19,10,4,0,0.75,4,2,0.14
2022-02-08,11,1,2,6,28,13,10,0,0.75,31,1,0
2022-02-08,35,1,2,6,15,13,10,0,0.8,47,2,0
2022-02-09,30,2,2,6,17,35,11,0,0.67,88,2,0
2022-02-09,32,2,2,6,22,35,11,1,1,40,0,0
2022-02-10,14,3,2,6,23,32,30,0,0.89,5,1,0.1
2022-02-10,29,3,2,6,15,32,30,1,1,25,0,0.02
2022-02-11,19,4,2,6,9,29,14,1,1,47,0,0
2022-02-28,12,0,2,9,14,19,29,1,1,40,0,0
2022-03-01,11,1,3,9,25,12,19,0,0.75,31,1,0
2022-03-02,7,2,3,9,13,11,12,1,1,5,0,0.29
2022-03-03,25,3,3,9,10,7,11,0,0.88,31,1,0
2022-03-04,9,4,3,9,13,25,7,0,0.71,40,2,0
2022-03-04,8,4,3,9,20,25,7,0,0.78,4,2,0.12
2022-03-07,10,0,3,10,25,8,9,1,1,5,0,0.14
2022-03-07,5,0,3,10,18,8,9,1,1,31,0,0
2022-03-08,36,1,3,10,15,5,10,0,0.89,19,1,0.05
2022-03-09,12,2,3,10,12,36,5,1,1,40,0,0
2022-03-10,29,3,3,10,26,12,36,1,1,25,0,0.02
2022-03-10,18,3,3,10,23,12,36,1,1,5,0,0.2
2022-03-11,14,4,3,10,21,18,29,0,0.89,5,1,0.1
2022-03-11,33,4,3,10,20,18,29,0,0.71,68,2,0
2022-03-14,16,0,3,11,15,33,14,0,0.71,5,2,0.17
2022-03-15,6,1,3,11,18,16,33,1,1,5,0,0.12
2022-03-16,12,2,3,11,18,6,16,1,1,40,0,0
2022-03-16,28,2,3,11,19,6,16,0,0.78,4,2,0.12
2022-03-17,17,3,3,11,10,28,12,1,1,18,0,0.08
2022-03-17,24,3,3,11,25,28,12,0,0.9,39,1,0
2022-03-18,30,4,3,11,9,24,17,0,0.67,88,2,0
2022-03-21,20,0,3,12,17,30,24,0,0.8,5,1,0.32
2022-03-22,1,1,3,12,28,20,30,0,0.63,5,3,0.17
2022-03-22,21,1,3,12,13,20,30,0,0.88,40,1,0
2022-03-23,33,2,3,12,22,21,1,0,0.71,68,2,0
2022-03-23,23,2,3,12,21,21,1,0,0.89,56,1,0
2022-03-24,4,3,3,12,13,23,33,0,0.8,4,2,0.21
2022-03-24,13,3,3,12,22,23,33,0,0.75,4,2,0.14
2022-03-25,19,4,3,12,17,13,4,1,1,47,0,0
2022-03-28,5,0,3,13,16,19,13,1,1,31,0,0
2022-03-29,24,1,3,13,25,5,19,0,0.9,39,1,0
2022-03-30,16,2,3,13,9,24,5,0,0.71,5,2,0.17
2022-03-31,11,3,3,13,12,16,24,0,0.75,31,1,0
2022-03-31,10,3,3,13,17,16,24,1,1,5,0,0.14
2022-04-01,26,4,4,13,7,10,11,1,1,5,0,0.21
2022-04-01,7,4,4,13,13,10,11,1,1,5,0,0.29
2022-04-04,20,0,4,14,20,7,26,0,0.8,5,1,0.32
2022-04-04,15,0,4,14,11,7,26,0,0.75,4,2,0.42
2022-04-05,22,1,4,14,11,15,20,1,1,5,0,0.19
2022-04-05,34,1,4,14,14,15,20,0,0.63,60,3,0
2022-04-06,3,2,4,14,18,34,22,0,0.88,39,1,0
2022-04-07,8,3,4,14,21,3,34,0,0.78,4,2,0.12
2022-04-07,35,3,4,14,12,3,34,0,0.8,47,2,0
2022-04-08,9,4,4,14,17,35,8,0,0.71,40,2,0
2022-04-08,27,4,4,14,18,35,8,0,0.82,4,2,0.19
2022-04-25,15,0,4,17,15,27,9,0,0.75,4,2,0.42
2022-04-25,17,0,4,17,10,27,9,1,1,18,0,0.08
2022-04-26,10,1,4,17,19,17,15,1,1,5,0,0.14
2022-04-27,6,2,4,17,14,10,17,1,1,5,0,0.12
2022-04-28,24,3,4,17,9,6,10,0,0.9,39,1,0
2022-04-29,36,4,4,17,20,24,6,0,0.89,19,1,0.05
2022-05-02,23,0,5,18,10,36,24,0,0.89,56,1,0
2022-05-03,11,1,5,18,25,23,36,0,0.75,31,1,0
2022-05-04,12,2,5,18,19,11,23,1,1,40,0,0
2022-05-05,2,3,5,18,17,12,11,0,0.88,18,1,0.08
2022-05-05,13,3,5,18,14,12,11,0,0.75,4,2,0.14
2022-05-06,35,4,5,18,8,13,2,0,0.8,47,2,0
2022-05-06,9,4,5,18,11,13,2,0,0.71,40,2,0
2022-05-09,34,0,5,19,21,9,35,0,0.63,60,3,0
2022-05-09,28,0,5,19,8,9,35,0,0.78,4,2,0.12
2022-05-10,15,1,5,19,14,28,34,0,0.75,4,2,0.42
2022-05-10,2,1,5,19,20,28,34,0,0.88,18,1,0.08
2022-05-11,26,2,5,19,20,2,15,1,1,5,0,0.21
2022-05-12,18,3,5,19,11,26,2,1,1,5,0,0.2
2022-05-13,32,4,5,19,15,18,26,1,1,40,0,0
2022-05-13,25,4,5,19,14,18,26,0,0.88,31,1,0
2022-05-16,5,0,5,20,14,25,32,1,1,31,0,0
2022-05-17,6,1,5,20,19,5,25,1,1,5,0,0.12
2022-05-18,12,2,5,20,17,6,5,1,1,40,0,0
2022-05-19,22,3,5,20,18,12,6,1,1,5,0,0.19
2022-05-19,8,3,5,20,18,12,6,0,0.78,4,2,0.12
2022-05-20,17,4,5,20,11,8,22,1,1,18,0,0.08
2022-05-23,2,0,5,21,11,17,8,0,0.88,18,1,0.08
2022-05-24,21,1,5,21,25,2,17,0,0.88,40,1,0
2022-05-24,18,1,5,21,22,2,17,1,1,5,0,0.2
2022-05-25,3,2,5,21,14,18,21,0,0.88,39,1,0
2022-05-25,5,2,5,21,11,18,21,1,1,31,0,0
2022-05-26,32,3,5,21,23,5,3,1,1,40,0,0
2022-05-26,8,3,5,21,11,5,3,0,0.78,4,2,0.12
2022-05-27,15,4,5,21,17,8,32,0,0.75,4,2,0.42
2022-05-30,1,0,5,22,22,15,8,0,0.63,5,3,0.17
2022-05-31,2,1,5,22,26,1,15,0,0.88,18,1,0.08
2022-06-01,36,2,6,22,8,2,1,0,0.89,19,1,0.05
2022-06-01,6,2,6,22,19,2,1,1,1,5,0,0.12
2022-06-02,26,3,6,22,13,6,36,1,1,5,0,0.21
2022-06-03,29,4,6,22,20,26,6,1,1,25,0,0.02
2022-06-06,33,0,6,23,20,29,26,0,0.71,68,2,0
2022-06-06,21,0,6,23,14,29,26,0,0.88,40,1,0
2022-06-07,2,1,6,23,15,21,33,0,0.88,18,1,0.08
2022-06-07,7,1,6,23,11,21,33,1,1,5,0,0.29
2022-06-08,15,2,6,23,8,7,2,0,0.75,4,2,0.42
2022-06-09,34,3,6,23,9,15,7,0,0.63,60,3,0
2022-06-10,14,4,6,23,14,34,15,0,0.89,5,1,0.1
2022-06-10,5,4,6,23,20,34,15,1,1,31,0,0
2022-06-13,19,0,6,24,17,5,14,1,1,47,0,0
2022-06-13,28,0,6,24,9,5,14,0,0.78,4,2,0.12
2022-06-14,16,1,6,24,10,28,19,0,0.71,5,2,0.17
2022-06-15,26,2,6,24,19,16,28,1,1,5,0,0.21
2022-06-15,11,2,6,24,18,16,28,0,0.75,31,1,0
2022-06-16,18,3,6,24,18,11,26,1,1,5,0,0.2
2022-06-16,22,3,6,24,12,11,26,1,1,5,0,0.19
2022-06-17,13,4,6,24,20,22,18,0,0.75,4,2,0.14
2022-06-17,19,4,6,24,16,22,18,1,1,47,0,0
2022-06-20,28,0,6,25,21,19,13,0,0.78,4,2,0.12
2022-06-20,29,0,6,25,17,19,13,1,1,25,0,0.02
2022-06-21,27,1,6,25,21,29,28,0,0.82,4,2,0.19
2022-06-21,21,1,6,25,11,29,28,0,0.88,40,1,0
2022-06-22,3,2,6,25,11,21,27,0,0.88,39,1,0
2022-06-23,8,3,6,25,14,3,21,0,0.78,4,2,0.12
2022-06-24,19,4,6,25,9,8,3,1,1,47,0,0
2022-06-27,20,0,6,26,13,19,8,0,0.8,5,1,0.32
2022-06-28,25,1,6,26,14,20,19,0,0.88,31,1,0
2022-06-29,22,2,6,26,9,25,20,1,1,5,0,0.19
2022-06-30,17,3,6,26,12,22,25,1,1,18,0,0.08
2022-07-01,1,4,7,26,18,17,22,0,0.63,5,3,0.17
2022-09-01,28,3,9,35,11,1,17,0,0.78,4,2,0.12
2022-09-01,10,3,9,35,21,1,17,1,1,5,0,0.14
2022-09-02,7,4,9,35,21,10,28,1,1,5,0,0.29
2022-09-02,31,4,9,35,13,10,28,1,1,40,0,0
2022-09-05,26,0,9,36,21,31,7,1,1,5,0,0.21
2022-09-05,27,0,9,36,18,31,7,0,0.82,4,2,0.19
2022-09-06,36,1,9,36,10,27,26,0,0.89,19,1,0.05
2022-09-06,32,1,9,36,14,27,26,1,1,40,0,0
2022-09-07,20,2,9,36,8,32,36,0,0.8,5,1,0.32
2022-09-07,1,2,9,36,14,32,36,0,0.63,5,3,0.17
2022-09-08,16,3,9,36,23,1,20,0,0.71,5,2,0.17
2022-09-09,19,4,9,36,9,16,1,1,1,47,0,0
2022-09-12,28,0,9,37,23,19,16,0,0.78,4,2,0.12
2022-09-13,2,1,9,37,22,28,19,0,0.88,18,1,0.08
2022-09-13,24,1,9,37,12,28,19,0,0.9,39,1,0
2022-09-14,12,2,9,37,11,24,2,1,1,40,0,0
2022-09-14,3,2,9,37,18,24,2,0,0.88,39,1,0
2022-09-15,4,3,9,37,15,3,12,0,0.8,4,2,0.21
2022-09-16,31,4,9,37,13,4,3,1,1,40,0,0
2022-09-16,7,4,9,37,13,4,3,1,1,5,0,0.29
2022-09-19,35,0,9,38,21,7,31,0,0.8,47,2,0
2022-09-20,11,1,9,38,11,35,7,0,0.75,31,1,0
2022-09-20,24,1,9,38,19,35,7,0,0.9,39,1,0
2022-09-21,33,2,9,38,8,24,11,0,0.71,68,2,0
2022-09-21,3,2,9,38,23,24,11,0,0.88,39,1,0
2022-09-22,19,3,9,38,12,3,33,1,1,47,0,0
2022-09-23,14,4,9,38,20,19,3,0,0.89,5,1,0.1
2022-09-26,7,0,9,39,16,14,19,1,1,5,0,0.29
2022-09-26,21,0,9,39,9,14,19,0,0.88,40,1,0
2022-09-27,28,1,9,39,17,21,7,0,0.78,4,2,0.12
2022-09-27,34,1,9,39,22,21,7,0,0.63,60,3,0
2022-09-28,30,2,9,39,20,34,28,0,0.67,88,2,0
2022-09-28,22,2,9,39,11,34,28,1,1,5,0,0.19
2022-09-29,11,3,9,39,17,22,30,0,0.75,31,1,0
2022-09-30,16,4,9,39,9,11,22,0,0.71,5,2,0.17
2022-10-03,1,0,10,40,18,16,11,0,0.63,5,3,0.17
2022-10-03,5,0,10,40,17,16,11,1,1,31,0,0
2022-10-04,21,1,10,40,24,5,1,0,0.88,40,1,0
2022-10-04,2,1,10,40,28,5,1,0,0.88,18,1,0.08
2022-10-05,3,2,10,40,16,2,21,0,0.88,39,1,0
2022-10-06,15,3,10,40,11,3,2,0,0.75,4,2,0.42
2022-10-07,30,4,10,40,12,15,3,0,0.67,88,2,0
2022-10-07,12,4,10,40,17,15,3,1,1,40,0,0
2022-10-10,4,0,10,41,9,12,30,0,0.8,4,2,0.21
2022-10-10,25,0,10,41,24,12,30,0,0.88,31,1,0
2022-10-11,31,1,10,41,23,25,4,1,1,40,0,0
2022-10-12,18,2,10,41,23,31,25,1,1,5,0,0.2
2022-10-12,33,2,10,41,19,31,25,0,0.71,68,2,0
2022-10-13,23,3,10,41,24,33,18,0,0.89,56,1,0
2022-10-14,20,4,10,41,13,23,33,0,0.8,5,1,0.32
2022-10-14,17,4,10,41,14,23,33,1,1,18,0,0.08
2022-10-17,1,0,10,42,22,17,20,0,0.63,5,3,0.17
2022-10-18,10,1,10,42,21,1,17,1,1,5,0,0.14
2022-10-18,29,1,10,42,28,1,17,1,1,25,0,0.02
2022-10-19,11,2,10,42,7,29,10,0,0.75,31,1,0
2022-10-19,32,2,10,42,17,29,10,1,1,40,0,0
2022-10-20,9,3,10,42,28,32,11,0,0.71,40,2,0
2022-10-21,16,4,10,42,16,9,32,0,0.71,5,2,0.17
2022-11-07,5,0,11,45,22,16,9,1,1,31,0,0
2022-11-08,6,1,11,45,25,5,16,1,1,5,0,0.12
2022-11-08,13,1,11,45,9,5,16,0,0.75,4,2,0.14
2022-11-09,3,2,11,45,16,13,6,0,0.88,39,1,0
2022-11-09,30,2,11,45,15,13,6,0,0.67,88,2,0
2022-11-10,8,3,11,45,25,30,3,0,0.78,4,2,0.12
2022-11-11,9,4,11,45,9,8,30,0,0.71,40,2,0
2022-11-14,32,0,11,46,11,9,8,1,1,40,0,0
2022-11-15,16,1,11,46,10,32,9,0,0.71,5,2,0.17
2022-11-15,24,1,11,46,25,32,9,0,0.9,39,1,0
2022-11-16,22,2,11,46,20,24,16,1,1,5,0,0.19
2022-11-16,36,2,11,46,17,24,16,0,0.89,19,1,0.05
2022-11-17,23,3,11,46,21,36,22,0,0.89,56,1,0
2022-11-18,1,4,11,46,17,23,36,0,0.63,5,3,0.17
2022-11-18,15,4,11,46,14,23,36,0,0.75,4,2,0.42
2022-11-21,14,0,11,47,15,15,1,0,0.89,5,1,0.1
2022-11-21,6,0,11,47,25,15,1,1,1,5,0,0.12
2022-11-22,11,1,11,47,23,6,14,0,0.75,31,1,0
2022-11-23,18,2,11,47,18,11,6,1,1,5,0,0.2
2022-11-23,16,2,11,47,17,11,6,0,0.71,5,2,0.17
2022-11-24,10,3,11,47,19,16,18,1,1,5,0,0.14
2022-11-24,28,3,11,47,9,16,18,0,0.78,4,2,0.12
2022-11-25,12,4,11,47,19,28,10,1,1,40,0,0
2022-11-25,33,4,11,47,14,28,10,0,0.71,68,2,0
2022-11-28,36,0,11,48,16,33,12,0,0.89,19,1,0.05
2022-11-28,5,0,11,48,16,33,12,1,1,31,0,0
2022-11-29,21,1,11,48,12,5,36,0,0.88,40,1,0
2022-11-29,6,1,11,48,10,5,36,1,1,5,0,0.12
2022-11-30,7,2,11,48,11,6,21,1,1,5,0,0.29
2022-12-01,18,3,12,48,19,7,6,1,1,5,0,0.2
2022-12-01,31,3,12,48,18,7,6,1,1,40,0,0
2022-12-02,9,4,12,48,20,31,18,0,0.71,40,2,0
2022-12-05,11,0,12,49,21,9,31,0,0.75,31,1,0
2022-12-05,5,0,12,49,12,9,31,1,1,31,0,0
2022-12-06,10,1,12,49,10,5,11,1,1,5,0,0.14
2022-12-06,6,1,12,49,28,5,11,1,1,5,0,0.12
2022-12-07,4,2,12,49,16,6,10,0,0.8,4,2,0.21
2022-12-07,19,2,12,49,14,6,10,1,1,47,0,0
2022-12-08,23,3,12,49,14,19,4,0,0.89,56,1,0
2022-12-08,31,3,12,49,12,19,4,1,1,40,0,0
2022-12-09,24,4,12,49,20,31,23,0,0.9,39,1,0
2022-12-12,17,0,12,50,19,24,31,1,1,18,0,0.08
2022-12-13,9,1,12,50,21,17,24,0,0.71,40,2,0
2022-12-13,18,1,12,50,25,17,24,1,1,5,0,0.2
2022-12-14,26,2,12,50,16,18,9,1,1,5,0,0.21
2022-12-15,4,3,12,50,19,26,18,0,0.8,4,2,0.21
2022-12-15,6,3,12,50,18,26,18,1,1,5,0,0.12
2022-12-16,12,4,12,50,17,6,4,1,1,40,0,0
2023-01-03,13,1,1,1,24,12,6,0,0.75,4,2,0.14
2023-01-04,22,2,1,1,17,13,12,1,1,5,0,0.19
2023-01-04,7,2,1,1,18,13,12,1,1,5,0,0.29
2023-01-05,23,3,1,1,23,7,22,0,0.89,56,1,0
2023-01-06,27,4,1,1,13,23,7,0,0.82,4,2,0.19
2023-01-09,1,0,1,2,15,27,23,0,0.63,5,3,0.17
2023-01-09,31,0,1,2,18,27,23,1,1,40,0,0
2023-01-10,36,1,1,2,24,31,1,0,0.89,19,1,0.05
2023-01-11,12,2,1,2,23,36,31,1,1,40,0,0
2023-01-11,19,2,1,2,12,36,31,1,1,47,0,0
2023-01-12,33,3,1,2,22,19,12,0,0.71,68,2,0
2023-01-12,7,3,1,2,10,19,12,1,1,5,0,0.29
2023-01-13,28,4,1,2,9,7,33,0,0.78,4,2,0.12
2023-01-13,16,4,1,2,9,7,33,0,0.71,5,2,0.17
2023-01-16,30,0,1,3,9,16,28,0,0.67,88,2,0
2023-01-16,36,0,1,3,20,16,28,0,0.89,19,1,0.05
2023-01-17,26,1,1,3,12,36,30,1,1,5,0,0.21
2023-01-18,5,2,1,3,21,26,36,1,1,31,0,0
2023-01-19,23,3,1,3,28,5,26,0,0.89,56,1,0
2023-01-19,32,3,1,3,9,5,26,1,1,40,0,0
2023-01-20,7,4,1,3,15,32,23,1,1,5,0,0.29
2023-01-20,11,4,1,3,10,32,23,0,0.75,31,1,0
2023-01-23,22,0,1,4,20,11,7,1,1,5,0,0.19
2023-01-24,34,1,1,4,22,22,11,0,0.63,60,3,0
2023-01-24,21,1,1,4,23,22,11,0,0.88,40,1,0
2023-01-25,16,2,1,4,10,21,34,0,0.71,5,2,0.17
2023-01-25,29,2,1,4,14,21,34,1,1,25,0,0.02
2023-01-26,24,3,1,4,10,29,16,0,0.9,39,1,0
2023-01-26,23,3,1,4,28,29,16,0,0.89,56,1,0
2023-01-27,3,4,1,4,19,23,24,0,0.88,39,1,0
2023-01-27,26,4,1,4,14,23,24,1,1,5,0,0.21
2023-01-30,20,0,1,5,23,26,3,0,0.8,5,1,0.32
2023-01-31,25,1,1,5,26,20,26,0,0.88,31,1,0
2023-01-31,31,1,1,5,21,20,26,1,1,40,0,0
2023-02-01,28,2,2,5,21,31,25,0,0.78,4,2,0.12
2023-02-01,4,2,2,5,23,31,25,0,0.8,4,2,0.21
2023-02-02,7,3,2,5,26,4,28,1,1,5,0,0.29
2023-02-02,8,3,2,5,21,4,28,0,0.78,4,2,0.12
2023-02-03,33,4,2,5,12,8,7,0,0.71,68,2,0
2023-02-06,5,0,2,6,19,33,8,1,1,31,0,0
2023-02-07,24,1,2,6,9,5,33,0,0.9,39,1,0
2023-02-07,6,1,2,6,23,5,33,1,1,5,0,0.12
2023-02-08,27,2,2,6,15,6,24,0,0.82,4,2,0.19
2023-02-08,21,2,2,6,10,6,24,0,0.88,40,1,0
2023-02-09,20,3,2,6,24,21,27,0,0.8,5,1,0.32
2023-02-10,9,4,2,6,19,20,21,0,0.71,40,2,0
2023-02-13,4,0,2,7,12,9,20,0,0.8,4,2,0.21
2023-02-14,32,1,2,7,19,4,9,1,1,40,0,0
2023-02-15,7,2,2,7,23,32,4,1,1,5,0,0.29
2023-02-15,12,2,2,7,15,32,4,1,1,40,0,0
2023-02-16,8,3,2,7,12,12,7,0,0.78,4,2,0.12
2023-02-17,36,4,2,7,7,8,12,0,0.89,19,1,0.05
2023-03-06,1,0,3,10,8,36,8,0,0.63,5,3,0.17
2023-03-06,20,0,3,10,19,36,8,0,0.8,5,1,0.32
2023-03-07,13,1,3,10,17,20,1,0,0.75,4,2,0.14
2023-03-07,11,1,3,10,22,20,1,0,0.75,31,1,0
2023-03-08,14,2,3,10,9,11,13,0,0.89,5,1,0.1
2023-03-09,4,3,3,10,22,14,11,0,0.8,4,2,0.21
2023-03-09,23,3,3,10,19,14,11,0,0.89,56,1,0
2023-03-10,21,4,3,10,13,23,4,0,0.88,40,1,0
2023-03-10,24,4,3,10,14,23,4,0,0.9,39,1,0
2023-03-13,5,0,3,11,12,24,21,1,1,31,0,0
2023-03-14,16,1,3,11,28,5,24,0,0.71,5,2,0.17
2023-03-15,7,2,3,11,8,16,5,1,1,5,0,0.29
2023-03-16,30,3,3,11,19,7,16,0,0.67,88,2,0
2023-03-16,18,3,3,11,25,7,16,1,1,5,0,0.2
2023-03-17,9,4,3,11,7,18,30,0,0.71,40,2,0
2023-03-17,23,4,3,11,14,18,30,0,0.89,56,1,0
2023-03-20,5,0,3,12,20,23,9,1,1,31,0,0
2023-03-20,2,0,3,12,22,23,9,0,0.88,18,1,0.08
2023-03-21,21,1,3,12,25,2,5,0,0.88,40,1,0
2023-03-22,16,2,3,12,11,21,2,0,0.71,5,2,0.17
2023-03-23,8,3,3,12,11,16,21,0,0.78,4,2,0.12
2023-03-24,29,4,3,12,14,8,16,1,1,25,0,0.02
2023-03-24,14,4,3,12,10,8,16,0,0.89,5,1,0.1
2023-03-27,26,0,3,13,11,14,29,1,1,5,0,0.21
2023-03-27,13,0,3,13,23,14,29,0,0.75,4,2,0.14
2023-03-28,3,1,3,13,23,13,26,0,0.88,39,1,0
2023-03-29,7,2,3,13,19,3,13,1,1,5,0,0.29
2023-03-29,12,2,3,13,10,3,13,1,1,40,0,0
2023-03-30,27,3,3,13,17,12,7,0,0.82,4,2,0.19
2023-03-30,25,3,3,13,14,12,7,0,0.88,31,1,0
2023-03-31,6,4,3,13,7,25,27,1,1,5,0,0.12
2023-03-31,32,4,3,13,20,25,27,1,1,40,0,0
2023-04-03,36,0,4,14,11,32,6,0,0.89,19,1,0.05
2023-04-03,1,0,4,14,14,32,6,0,0.63,5,3,0.17
2023-04-04,18,1,4,14,21,1,36,1,1,5,0,0.2
2023-04-05,12,2,4,14,13,18,1,1,1,40,0,0
2023-04-05,5,2,4,14,10,18,1,1,1,31,0,0
2023-04-06,15,3,4,14,23,5,12,0,0.75,4,2,0.42
2023-04-06,34,3,4,14,21,5,12,0,0.63,60,3,0
2023-04-07,22,4,4,14,15,34,15,1,1,5,0,0.19
2023-04-10,7,0,4,15,12,22,34,1,1,5,0,0.29
2023-04-10,1,0,4,15,8,22,34,0,0.63,5,3,0.17
2023-04-11,35,1,4,15,18,1,7,0,0.8,47,2,0
2023-04-11,6,1,4,15,9,1,7,1,1,5,0,0.12
2023-04-12,32,2,4,15,11,6,35,1,1,40,0,0
2023-04-12,17,2,4,15,21,6,35,1,1,18,0,0.08
2023-04-13,13,3,4,15,11,17,32,0,0.75,4,2,0.14
2023-04-14,19,4,4,15,21,13,17,1,1,47,0,0
2023-04-17,34,0,4,16,18,19,13,0,0.63,60,3,0
2023-04-18,16,1,4,16,19,34,19,0,0.71,5,2,0.17
2023-04-19,7,2,4,16,20,16,34,1,1,5,0,0.29
2023-04-20,23,3,4,16,19,7,16,0,0.89,56,1,0
2023-04-21,22,4,4,16,9,23,7,1,1,5,0,0.19
2023-04-21,29,4,4,16,11,23,7,1,1,25,0,0.02
2023-05-08,1,0,5,19,19,29,22,0,0.63,5,3,0.17
2023-05-09,9,1,5,19,18,1,29,0,0.71,40,2,0
2023-05-09,13,1,5,19,23,1,29,0,0.75,4,2,0.14
2023-05-10,12,2,5,19,8,13,9,1,1,40,0,0
2023-05-10,3,2,5,19,12,13,9,0,0.88,39,1,0
2023-05-11,6,3,5,19,24,3,12,1,1,5,0,0.12
2023-05-12,32,4,5,19,12,6,3,1,1,40,0,0
2023-05-12,16,4,5,19,7,6,3,0,0.71,5,2,0.17
2023-05-15,35,0,5,20,22,16,32,0,0.8,47,2,0
2023-05-16,20,1,5,20,23,35,16,0,0.8,5,1,0.32
2023-05-16,11,1,5,20,20,35,16,0,0.75,31,1,0
2023-05-17,1,2,5,20,17,11,20,0,0.63,5,3,0.17
2023-05-17,27,2,5,20,23,11,20,0,0.82,4,2,0.19
2023-05-18,36,3,5,20,13,27,1,0,0.89,19,1,0.05
2023-05-19,9,4,5,20,18,36,27,0,0.71,40,2,0
2023-05-19,17,4,5,20,20,36,27,1,1,18,0,0.08
2023-05-22,12,0,5,21,19,17,9,1,1,40,0,0
2023-05-22,22,0,5,21,16,17,9,1,1,5,0,0.19
2023-05-23,10,1,5,21,25,22,12,1,1,5,0,0.14
2023-05-23,16,1,5,21,19,22,12,0,0.71,5,2,0.17
2023-05-24,25,2,5,21,22,16,10,0,0.88,31,1,0
2023-05-25,18,3,5,21,11,25,16,1,1,5,0,0.2
2023-05-26,14,4,5,21,12,18,25,0,0.89,5,1,0.1
2023-05-26,9,4,5,21,11,18,25,0,0.71,40,2,0
2023-05-29,19,0,5,22,12,9,14,1,1,47,0,0
2023-05-29,5,0,5,22,18,9,14,1,1,31,0,0
2023-05-30,11,1,5,22,9,5,19,0,0.75,31,1,0
2023-05-31,17,2,5,22,9,11,5,1,1,18,0,0.08
2023-05-31,22,2,5,22,17,11,5,1,1,5,0,0.19
2023-06-01,25,3,6,22,15,22,17,0,0.88,31,1,0
2023-06-02,23,4,6,22,20,25,22,0,0.89,56,1,0
2023-06-05,29,0,6,23,16,23,25,1,1,25,0,0.02
2023-06-05,1,0,6,23,13,23,25,0,0.63,5,3,0.17
2023-06-06,2,1,6,23,20,1,29,0,0.88,18,1,0.08
2023-06-07,3,2,6,23,13,2,1,0,0.88,39,1,0
2023-06-07,10,2,6,23,15,2,1,1,1,5,0,0.14
2023-06-08,21,3,6,23,23,10,3,0,0.88,40,1,0
2023-06-09,26,4,6,23,13,21,10,1,1,5,0,0.21
2023-06-12,33,0,6,24,8,26,21,0,0.71,68,2,0
2023-06-12,20,0,6,24,14,26,21,0,0.8,5,1,0.32
2023-06-13,27,1,6,24,26,20,33,0,0.82,4,2,0.19
2023-06-13,5,1,6,24,17,20,33,1,1,31,0,0
2023-06-14,22,2,6,24,21,5,27,1,1,5,0,0.19
2023-06-14,3,2,6,24,14,5,27,0,0.88,39,1,0
2023-06-15,8,3,6,24,13,3,22,0,0.78,4,2,0.12
2023-06-15,33,3,6,24,28,3,22,0,0.71,68,2,0
2023-06-16,17,4,6,24,14,33,8,1,1,18,0,0.08
2023-06-19,13,0,6,25,17,17,33,0,0.75,4,2,0.14
2023-06-19,21,0,6,25,11,17,33,0,0.88,40,1,0
2023-06-20,11,1,6,25,12,21,13,0,0.75,31,1,0
2023-06-21,1,2,6,25,10,11,21,0,0.63,5,3,0.17
2023-06-21,12,2,6,25,9,11,21,1,1,40,0,0
2023-06-22,14,3,6,25,10,12,1,0,0.89,5,1,0.1
2023-06-22,30,3,6,25,12,12,1,0,0.67,88,2,0
2023-06-23,24,4,6,25,19,30,14,0,0.9,39,1,0
2023-06-26,8,0,6,26,15,24,30,0,0.78,4,2,0.12
2023-06-26,32,0,6,26,11,24,30,1,1,40,0,0
2023-06-27,21,1,6,26,24,32,8,0,0.88,40,1,0
2023-06-28,3,2,6,26,23,21,32,0,0.88,39,1,0
2023-06-28,26,2,6,26,22,21,32,1,1,5,0,0.21
2023-06-29,4,3,6,26,10,26,3,0,0.8,4,2,0.21
2023-06-29,24,3,6,26,28,26,3,0,0.9,39,1,0
2023-06-30,22,4,6,26,12,24,4,1,1,5,0,0.19
2023-06-30,31,4,6,26,15,24,4,1,1,40,0,0
2023-07-03,20,0,7,27,21,31,22,0,0.8,5,1,0.32
2023-07-03,15,0,7,27,24,31,22,0,0.75,4,2,0.42
2023-07-04,18,1,7,27,10,15,20,1,1,5,0,0.2
2023-07-04,30,1,7,27,9,15,20,0,0.67,88,2,0
2023-07-05,12,2,7,27,20,30,18,1,1,40,0,0
2023-07-05,22,2,7,27,18,30,18,1,1,5,0,0.19
2023-07-06,36,3,7,27,17,22,12,0,0.89,19,1,0.05
2023-07-07,4,4,7,27,16,36,22,0,0.8,4,2,0.21
2023-07-07,29,4,7,27,14,36,22,1,1,25,0,0.02
2023-09-04,19,0,9,36,21,29,4,1,1,47,0,0
2023-09-04,5,0,9,36,9,29,4,1,1,31,0,0
2023-09-05,33,1,9,36,19,5,19,0,0.71,68,2,0
2023-09-06,7,2,9,36,11,33,5,1,1,5,0,0.29
2023-09-06,32,2,9,36,17,33,5,1,1,40,0,0
2023-09-07,20,3,9,36,19,32,7,0,0.8,5,1,0.32
2023-09-07,15,3,9,36,24,32,7,0,0.75,4,2,0.42
2023-09-08,19,4,9,36,9,15,20,1,1,47,0,0
2023-09-08,10,4,9,36,14,15,20,1,1,5,0,0.14
2023-09-11,17,0,9,37,15,10,19,1,1,18,0,0.08
2023-09-12,3,1,9,37,28,17,10,0,0.88,39,1,0
2023-09-12,26,1,9,37,18,17,10,1,1,5,0,0.21
2023-09-13,4,2,9,37,10,26,3,0,0.8,4,2,0.21
2023-09-14,34,3,9,37,25,4,26,0,0.63,60,3,0
2023-09-15,14,4,9,37,16,34,4,0,0.89,5,1,0.1
2023-09-15,24,4,9,37,7,34,4,0,0.9,39,1,0
2023-09-18,8,0,9,38,13,24,14,0,0.78,4,2,0.12
2023-09-18,5,0,9,38,9,24,14,1,1,31,0,0
2023-09-19,18,1,9,38,21,5,8,1,1,5,0,0.2
2023-09-19,36,1,9,38,25,5,8,0,0.89,19,1,0.05
2023-09-20,22,2,9,38,10,36,18,1,1,5,0,0.19
2023-09-20,30,2,9,38,21,36,18,0,0.67,88,2,0
2023-09-21,12,3,9,38,11,30,22,1,1,40,0,0
2023-09-21,13,3,9,38,9,30,22,0,0.75,4,2,0.14
2023-09-22,23,4,9,38,14,13,12,0,0.89,56,1,0
2023-09-22,29,4,9,38,18,13,12,1,1,25,0,0.02
2023-09-25,10,0,9,39,15,29,23,1,1,5,0,0.14
2023-09-25,8,0,9,39,17,29,23,0,0.78,4,2,0.12
2023-09-26,20,1,9,39,11,8,10,0,0.8,5,1,0.32
2023-09-26,11,1,9,39,19,8,10,0,0.75,31,1,0
2023-09-27,24,2,9,39,15,11,20,0,0.9,39,1,0
2023-09-28,23,3,9,39,18,24,11,0,0.89,56,1,0
2023-09-29,29,4,9,39,9,23,24,1,1,25,0,0.02
2023-10-02,9,0,10,40,9,29,23,0,0.71,40,2,0
2023-10-03,3,1,10,40,9,9,29,0,0.88,39,1,0
2023-10-04,22,2,10,40,13,3,9,1,1,5,0,0.19
2023-10-05,34,3,10,40,15,22,3,0,0.63,60,3,0
2023-10-05,12,3,10,40,26,22,3,1,1,40,0,0
2023-10-06,19,4,10,40,14,12,34,1,1,47,0,0
2023-10-09,15,0,10,41,9,19,12,0,0.75,4,2,0.42
2023-10-09,20,0,10,41,24,19,12,0,0.8,5,1,0.32
2023-10-10,11,1,10,41,23,20,15,0,0.75,31,1,0
2023-10-10,31,1,10,41,9,20,15,1,1,40,0,0
2023-10-11,7,2,10,41,15,31,11,1,1,5,0,0.29
2023-10-11,17,2,10,41,20,31,11,1,1,18,0,0.08
2023-10-12,32,3,10,41,13,17,7,1,1,40,0,0
2023-10-13,33,4,10,41,17,32,17,0,0.71,68,2,0
2023-10-13,27,4,10,41,14,32,17,0,0.82,4,2,0.19
2023-10-16,23,0,10,42,17,27,33,0,0.89,56,1,0
2023-10-16,10,0,10,42,18,27,33,1,1,5,0,0.14
2023-10-17,24,1,10,42,19,10,23,0,0.9,39,1,0
2023-10-17,11,1,10,42,11,10,23,0,0.75,31,1,0
2023-10-18,18,2,10,42,12,11,24,1,1,5,0,0.2
2023-10-18,4,2,10,42,19,11,24,0,0.8,4,2,0.21
2023-10-19,36,3,10,42,13,4,18,0,0.89,19,1,0.05
2023-10-19,35,3,10,42,11,4,18,0,0.8,47,2,0
2023-10-20,8,4,10,42,9,35,36,0,0.78,4,2,0.12
2023-11-06,17,0,11,45,23,8,35,1,1,18,0,0.08
2023-11-07,21,1,11,45,9,17,8,0,0.88,40,1,0
2023-11-08,20,2,11,45,14,21,17,0,0.8,5,1,0.32
2023-11-08,23,2,11,45,7,21,17,0,0.89,56,1,0
2023-11-09,15,3,11,45,22,23,20,0,0.75,4,2,0.42
2023-11-10,27,4,11,45,16,15,23,0,0.82,4,2,0.19
2023-11-13,32,0,11,46,20,27,15,1,1,40,0,0
2023-11-13,2,0,11,46,13,27,15,0,0.88,18,1,0.08
2023-11-14,16,1,11,46,22,2,32,0,0.71,5,2,0.17
2023-11-15,33,2,11,46,11,16,2,0,0.71,68,2,0
2023-11-15,12,2,11,46,7,16,2,1,1,40,0,0
2023-11-16,36,3,11,46,25,12,33,0,0.89,19,1,0.05
2023-11-16,30,3,11,46,20,12,33,0,0.67,88,2,0
2023-11-17,9,4,11,46,19,30,36,0,0.71,40,2,0
2023-11-17,32,4,11,46,20,30,36,1,1,40,0,0
2023-11-20,2,0,11,47,8,32,9,0,0.88,18,1,0.08
2023-11-20,34,0,11,47,9,32,9,0,0.63,60,3,0
2023-11-21,20,1,11,47,10,34,2,0,0.8,5,1,0.32
2023-11-21,3,1,11,47,28,34,2,0,0.88,39,1,0
2023-11-22,7,2,11,47,8,3,20,1,1,5,0,0.29
2023-11-23,13,3,11,47,15,7,3,0,0.75,4,2,0.14
2023-11-23,10,3,11,47,26,7,3,1,1,5,0,0.14
2023-11-24,31,4,11,47,11,10,13,1,1,40,0,0
2023-11-24,29,4,11,47,21,10,13,1,1,25,0,0.02
2023-11-27,33,0,11,48,13,29,31,0,0.71,68,2,0
2023-11-28,16,1,11,48,19,33,29,0,0.71,5,2,0.17
2023-11-29,3,2,11,48,9,16,33,0,0.88,39,1,0
2023-11-30,4,3,11,48,14,3,16,0,0.8,4,2,0.21
2023-12-01,28,4,12,48,11,4,3,0,0.78,4,2,0.12
2023-12-04,10,0,12,49,18,28,4,1,1,5,0,0.14
2023-12-05,5,1,12,49,19,10,28,1,1,31,0,0
2023-12-06,35,2,12,49,20,5,10,0,0.8,47,2,0
2023-12-06,32,2,12,49,14,5,10,1,1,40,0,0
2023-12-07,36,3,12,49,11,32,35,0,0.89,19,1,0.05
2023-12-07,23,3,12,49,18,32,35,0,0.89,56,1,0
2023-12-08,27,4,12,49,7,23,36,0,0.82,4,2,0.19
2023-12-08,29,4,12,49,17,23,36,1,1,25,0,0.02
2023-12-11,5,0,12,50,15,29,27,1,1,31,0,0
2023-12-11,20,0,12,50,23,29,27,0,0.8,5,1,0.32
2023-12-12,11,1,12,50,19,20,5,0,0.75,31,1,0
2023-12-12,15,1,12,50,10,20,5,0,0.75,4,2,0.42
2023-12-13,24,2,12,50,22,15,11,0,0.9,39,1,0
2023-12-13,4,2,12,50,14,15,11,0,0.8,4,2,0.21
2023-12-14,23,3,12,50,9,4,24,0,0.89,56,1,0
2023-12-14,28,3,12,50,11,4,24,0,0.78,4,2,0.12
2023-12-15,9,4,12,50,12,28,23,0,0.71,40,2,0
2023-12-15,36,4,12,50,12,28,23,0,0.89,19,1,0.05
2023-12-18,14,0,12,51,18,36,9,0,0.89,5,1,0.1
2023-12-18,26,0,12,51,18,36,9,1,1,5,0,0.21
2023-12-19,7,1,12,51,13,26,14,1,1,5,0,0.29
2023-12-20,16,2,12,51,19,7,26,0,0.71,5,2,0.17
2023-12-21,23,3,12,51,25,16,7,0,0.89,56,1,0
2023-12-21,30,3,12,51,11,16,7,0,0.67,88,2,0
2023-12-22,4,4,12,51,9,30,23,0,0.8,4,2,0.21
2023-12-22,19,4,12,51,7,30,23,1,1,47,0,0
2024-01-08,13,0,1,1,22,19,4,0,0.75,4,2,0.14
2024-01-09,11,1,1,1,20,13,19,0,0.75,31,1,0
2024-01-09,6,1,1,1,9,13,19,1,1,5,0,0.12
2024-01-10,17,2,1,1,19,6,11,1,1,18,0,0.08
2024-01-11,28,3,1,1,9,17,6,0,0.78,4,2,0.12
2024-01-12,25,4,1,1,14,28,17,0,0.88,31,1,0
2024-01-12,9,4,1,1,12,28,17,0,0.71,40,2,0
2024-01-15,34,0,1,2,9,9,25,0,0.63,60,3,0
2024-01-15,19,0,1,2,9,9,25,1,1,47,0,0
2024-01-16,35,1,1,2,28,19,34,0,0.8,47,2,0
2024-01-16,16,1,1,2,10,19,34,0,0.71,5,2,0.17
2024-01-17,7,2,1,2,21,16,35,1,1,5,0,0.29
2024-01-18,4,3,1,2,26,7,16,0,0.8,4,2,0.21
2024-01-18,8,3,1,2,11,7,16,0,0.78,4,2,0.12
2024-01-19,29,4,1,2,7,8,4,1,1,25,0,0.02
2024-01-22,15,0,1,3,14,29,8,0,0.75,4,2,0.42
2024-01-22,10,0,1,3,21,29,8,1,1,5,0,0.14
2024-01-23,23,1,1,3,9,10,15,0,0.89,56,1,0
2024-01-24,28,2,1,3,22,23,10,0,0.78,4,2,0.12
2024-01-24,3,2,1,3,17,23,10,0,0.88,39,1,0
2024-01-25,18,3,1,3,26,3,28,1,1,5,0,0.2
2024-01-26,22,4,1,3,7,18,3,1,1,5,0,0.19
2024-01-26,27,4,1,3,20,18,3,0,0.82,4,2,0.19
2024-01-29,1,0,1,4,13,27,22,0,0.63,5,3,0.17
2024-01-30,8,1,1,4,12,1,27,0,0.78,4,2,0.12
2024-01-31,10,2,1,4,14,8,1,1,1,5,0,0.14
2024-01-31,19,2,1,4,22,8,1,1,1,47,0,0
2024-02-01,35,3,2,4,9,19,10,0,0.8,47,2,0
2024-02-02,9,4,2,4,7,35,19,0,0.71,40,2,0
2024-02-02,36,4,2,4,20,35,19,0,0.89,19,1,0.05
2024-02-05,13,0,2,5,11,36,9,0,0.75,4,2,0.14
2024-02-05,12,0,2,5,22,36,9,1,1,40,0,0
2024-02-06,11,1,2,5,19,12,13,0,0.75,31,1,0
2024-02-06,15,1,2,5,21,12,13,0,0.75,4,2,0.42
2024-02-07,4,2,2,5,9,15,11,0,0.8,4,2,0.21
2024-02-07,20,2,2,5,14,15,11,0,0.8,5,1,0.32
2024-02-08,25,3,2,5,26,20,4,0,0.88,31,1,0
2024-02-08,35,3,2,5,20,20,4,0,0.8,47,2,0
2024-02-09,30,4,2,5,10,35,25,0,0.67,88,2,0
2024-02-09,5,4,2,5,9,35,25,1,1,31,0,0
2024-02-12,32,0,2,6,17,5,30,1,1,40,0,0
2024-02-13,16,1,2,6,24,32,5,0,0.71,5,2,0.17
2024-02-13,36,1,2,6,13,32,5,0,0.89,19,1,0.05
2024-02-14,17,2,2,6,15,36,16,1,1,18,0,0.08
2024-02-15,8,3,2,6,21,17,36,0,0.78,4,2,0.12
2024-02-16,11,4,2,6,14,8,17,0,0.75,31,1,0
2024-02-16,22,4,2,6,14,8,17,1,1,5,0,0.19
2024-03-04,25,0,3,9,25,22,11,0,0.88,31,1,0
2024-03-05,32,1,3,9,11,25,22,1,1,40,0,0
2024-03-06,36,2,3,9,13,32,25,0,0.89,19,1,0.05
2024-03-07,33,3,3,9,20,36,32,0,0.71,68,2,0
2024-03-07,31,3,3,9,23,36,32,1,1,40,0,0
2024-03-08,3,4,3,9,9,31,33,0,0.88,39,1,0
2024-03-11,20,0,3,10,11,3,31,0,0.8,5,1,0.32
2024-03-11,23,0,3,10,20,3,31,0,0.89,56,1,0
2024-03-12,30,1,3,10,10,23,20,0,0.67,88,2,0
2024-03-13,17,2,3,10,9,30,23,1,1,18,0,0.08
2024-03-13,7,2,3,10,9,30,23,1,1,5,0,0.29
2024-03-14,13,3,3,10,26,7,17,0,0.75,4,2,0.14
2024-03-15,33,4,3,10,17,13,7,0,0.71,68,2,0
2024-03-15,5,4,3,10,12,13,7,1,1,31,0,0
2024-03-18,32,0,3,11,13,5,33,1,1,40,0,0
2024-03-18,21,0,3,11,25,5,33,0,0.88,40,1,0
2024-03-19,28,1,3,11,9,21,32,0,0.78,4,2,0.12
2024-03-20,3,2,3,11,11,28,21,0,0.88,39,1,0
2024-03-21,13,3,3,11,12,3,28,0,0.75,4,2,0.14
2024-03-22,24,4,3,11,10,13,3,0,0.9,39,1,0
2024-03-25,31,0,3,12,16,24,13,1,1,40,0,0
2024-03-26,11,1,3,12,21,31,24,0,0.75,31,1,0
2024-03-27,10,2,3,12,14,11,31,1,1,5,0,0.14
2024-03-27,17,2,3,12,18,11,31,1,1,18,0,0.08
2024-03-28,22,3,3,12,17,17,10,1,1,5,0,0.19
2024-03-29,13,4,3,12,16,22,17,0,0.75,4,2,0.14
2024-03-29,27,4,3,12,10,22,17,0,0.82,4,2,0.19
2024-04-01,30,0,4,13,17,27,13,0,0.67,88,2,0
2024-04-01,29,0,4,13,9,27,13,1,1,25,0,0.02
2024-04-02,25,1,4,13,23,29,30,0,0.88,31,1,0
2024-04-03,12,2,4,13,15,25,29,1,1,40,0,0
2024-04-04,18,3,4,13,15,12,25,1,1,5,0,0.2
2024-04-04,26,3,4,13,18,12,25,1,1,5,0,0.21
2024-04-05,33,4,4,13,11,26,18,0,0.71,68,2,0
2024-04-05,17,4,4,13,17,26,18,1,1,18,0,0.08
2024-04-08,1,0,4,14,18,17,33,0,0.63,5,3,0.17
2024-04-08,15,0,4,14,10,17,33,0,0.75,4,2,0.42
2024-04-09,30,1,4,14,22,15,1,0,0.67,88,2,0
2024-04-09,23,1,4,14,15,15,1,0,0.89,56,1,0
2024-04-10,4,2,4,14,8,23,30,0,0.8,4,2,0.21
2024-04-11,13,3,4,14,12,4,23,0,0.75,4,2,0.14
2024-04-11,18,3,4,14,19,4,23,1,1,5,0,0.2
2024-04-12,33,4,4,14,8,18,13,0,0.71,68,2,0
2024-04-15,20,0,4,15,16,33,18,0,0.8,5,1,0.32
2024-04-15,3,0,4,15,25,33,18,0,0.88,39,1,0
2024-04-16,16,1,4,15,20,3,20,0,0.71,5,2,0.17
2024-04-17,24,2,4,15,17,16,3,0,0.9,39,1,0
2024-04-18,13,3,4,15,14,24,16,0,0.75,4,2,0.14
2024-04-18,4,3,4,15,14,24,16,0,0.8,4,2,0.21
2024-04-19,11,4,4,15,9,4,13,0,0.75,31,1,0
2024-04-19,9,4,4,15,15,4,13,0,0.71,40,2,0
2024-05-06,1,0,5,18,21,9,11,0,0.63,5,3,0.17
2024-05-07,7,1,5,18,23,1,9,1,1,5,0,0.29
2024-05-07,10,1,5,18,25,1,9,1,1,5,0,0.14
2024-05-08,35,2,5,18,16,10,7,0,0.8,47,2,0
2024-05-09,31,3,5,18,18,35,10,1,1,40,0,0
2024-05-09,30,3,5,18,22,35,10,0,0.67,88,2,0
2024-05-10,14,4,5,18,11,30,31,0,0.89,5,1,0.1
2024-05-10,32,4,5,18,20,30,31,1,1,40,0,0
2024-05-13,12,0,5,19,11,32,14,1,1,40,0,0
2024-05-14,16,1,5,19,10,12,32,0,0.71,5,2,0.17
2024-05-15,7,2,5,19,11,16,12,1,1,5,0,0.29
2024-05-16,35,3,5,19,24,7,16,0,0.8,47,2,0
2024-05-17,29,4,5,19,18,35,7,1,1,25,0,0.02
2024-05-20,20,0,5,20,14,29,35,0,0.8,5,1,0.32
2024-05-20,26,0,5,20,18,29,35,1,1,5,0,0.21
2024-05-21,6,1,5,20,19,26,20,1,1,5,0,0.12
2024-05-21,30,1,5,20,13,26,20,0,0.67,88,2,0
2024-05-22,1,2,5,20,20,30,6,0,0.63,5,3,0.17
2024-05-23,23,3,5,20,21,1,30,0,0.89,56,1,0
2024-05-23,21,3,5,20,25,1,30,0,0.88,40,1,0
2024-05-24,3,4,5,20,13,21,23,0,0.88,39,1,0
2024-05-24,16,4,5,20,19,21,23,0,0.71,5,2,0.17
2024-05-27,8,0,5,21,9,16,3,0,0.78,4,2,0.12
2024-05-27,29,0,5,21,15,16,3,1,1,25,0,0.02
2024-05-28,32,1,5,21,10,29,8,1,1,40,0,0
2024-05-28,23,1,5,21,22,29,8,0,0.89,56,1,0
2024-05-29,17,2,5,21,22,23,32,1,1,18,0,0.08
2024-05-30,18,3,5,21,20,17,23,1,1,5,0,0.2
2024-05-31,19,4,5,21,21,18,17,1,1,47,0,0
2024-05-31,26,4,5,21,11,18,17,1,1,5,0,0.21
2024-06-03,10,0,6,22,21,26,19,1,1,5,0,0.14
2024-06-03,15,0,6,22,18,26,19,0,0.75,4,2,0.42
2024-06-04,29,1,6,22,12,15,10,1,1,25,0,0.02
2024-06-04,33,1,6,22,26,15,10,0,0.71,68,2,0
2024-06-05,18,2,6,22,14,33,29,1,1,5,0,0.2
2024-06-06,9,3,6,22,20,18,33,0,0.71,40,2,0
2024-06-07,8,4,6,22,13,9,18,0,0.78,4,2,0.12
2024-06-07,28,4,6,22,8,9,18,0,0.78,4,2,0.12
2024-06-10,4,0,6,23,12,28,8,0,0.8,4,2,0.21
2024-06-10,15,0,6,23,10,28,8,0,0.75,4,2,0.42
2024-06-11,21,1,6,23,22,15,4,0,0.88,40,1,0
2024-06-12,2,2,6,23,13,21,15,0,0.88,18,1,0.08
2024-06-13,18,3,6,23,21,2,21,1,1,5,0,0.2
2024-06-13,25,3,6,23,21,2,21,0,0.88,31,1,0
2024-06-14,22,4,6,23,12,25,18,1,1,5,0,0.19
2024-06-17,5,0,6,24,8,22,25,1,1,31,0,0
2024-06-18,26,1,6,24,21,5,22,1,1,5,0,0.21
2024-06-19,20,2,6,24,23,26,5,0,0.8,5,1,0.32
2024-06-20,4,3,6,24,22,20,26,0,0.8,4,2,0.21
2024-06-20,34,3,6,24,18,20,26,0,0.63,60,3,0
2024-06-21,24,4,6,24,7,34,4,0,0.9,39,1,0
2024-06-21,25,4,6,24,14,34,4,0,0.88,31,1,0
2024-06-24,1,0,6,25,15,25,24,0,0.63,5,3,0.17
2024-06-24,2,0,6,25,23,25,24,0,0.88,18,1,0.08
2024-06-25,35,1,6,25,26,2,1,0,0.8,47,2,0
2024-06-25,6,1,6,25,26,2,1,1,1,5,0,0.12
2024-06-26,10,2,6,25,22,6,35,1,1,5,0,0.14
2024-06-27,27,3,6,25,26,10,6,0,0.82,4,2,0.19
2024-06-27,23,3,6,25,15,10,6,0,0.89,56,1,0
2024-06-28,1,4,6,25,13,23,27,0,0.63,5,3,0.17
2024-07-01,15,0,7,26,14,1,23,0,0.75,4,2,0.42
2024-07-02,3,1,7,26,11,15,1,0,0.88,39,1,0
2024-07-03,8,2,7,26,15,3,15,0,0.78,4,2,0.12
2024-07-03,4,2,7,26,21,3,15,0,0.8,4,2,0.21
2024-07-04,20,3,7,26,18,4,8,0,0.8,5,1,0.32
2024-07-04,29,3,7,26,19,4,8,1,1,25,0,0.02
2024-07-05,14,4,7,26,8,29,20,0,0.89,5,1,0.1
2024-09-02,2,0,9,35,24,14,29,0,0.88,18,1,0.08
2024-09-02,3,0,9,35,15,14,29,0,0.88,39,1,0
2024-09-03,16,1,9,35,12,3,2,0,0.71,5,2,0.17
2024-09-04,5,2,9,35,19,16,3,1,1,31,0,0
2024-09-05,32,3,9,35,20,5,16,1,1,40,0,0
2024-09-05,22,3,9,35,10,5,16,1,1,5,0,0.19
2024-09-06,29,4,9,35,11,22,32,1,1,25,0,0.02
2024-09-09,20,0,9,36,17,29,22,0,0.8,5,1,0.32
2024-09-09,4,0,9,36,25,29,22,0,0.8,4,2,0.21
2024-09-10,35,1,9,36,23,4,20,0,0.8,47,2,0
2024-09-10,28,1,9,36,25,4,20,0,0.78,4,2,0.12
2024-09-11,12,2,9,36,19,28,35,1,1,40,0,0
2024-09-12,32,3,9,36,26,12,28,1,1,40,0,0
2024-09-12,31,3,9,36,12,12,28,1,1,40,0,0
2024-09-13,19,4,9,36,11,31,32,1,1,47,0,0
2024-09-13,36,4,9,36,21,31,32,0,0.89,19,1,0.05
2024-09-16,34,0,9,37,15,36,19,0,0.63,60,3,0
2024-09-16,15,0,9,37,11,36,19,0,0.75,4,2,0.42
2024-09-17,16,1,9,37,28,15,34,0,0.71,5,2,0.17
2024-09-18,7,2,9,37,14,16,15,1,1,5,0,0.29
2024-09-19,8,3,9,37,12,7,16,0,0.78,4,2,0.12
2024-09-20,19,4,9,37,14,8,7,1,1,47,0,0
2024-09-23,1,0,9,38,9,19,8,0,0.63,5,3,0.17
2024-09-23,25,0,9,38,12,19,8,0,0.88,31,1,0
2024-09-24,36,1,9,38,15,25,1,0,0.89,19,1,0.05
2024-09-25,33,2,9,38,19,36,25,0,0.71,68,2,0
2024-09-26,2,3,9,38,14,33,36,0,0.88,18,1,0.08
2024-09-26,32,3,9,38,9,33,36,1,1,40,0,0
2024-09-27,24,4,9,38,8,32,2,0,0.9,39,1,0
2024-09-30,20,0,9,39,24,24,32,0,0.8,5,1,0.32
2024-10-01,21,1,10,39,13,20,24,0,0.88,40,1,0
2024-10-01,34,1,10,39,12,20,24,0,0.63,60,3,0
2024-10-02,5,2,10,39,14,34,21,1,1,31,0,0
2024-10-03,2,3,10,39,28,5,34,0,0.88,18,1,0.08
2024-10-03,13,3,10,39,18,5,34,0,0.75,4,2,0.14
2024-10-04,14,4,10,39,14,13,2,0,0.89,5,1,0.1
2024-10-07,11,0,10,40,24,14,13,0,0.75,31,1,0
2024-10-08,16,1,10,40,23,11,14,0,0.71,5,2,0.17
2024-10-08,24,1,10,40,10,11,14,0,0.9,39,1,0
2024-10-09,36,2,10,40,11,24,16,0,0.89,19,1,0.05
2024-10-09,3,2,10,40,18,24,16,0,0.88,39,1,0
2024-10-10,18,3,10,40,22,3,36,1,1,5,0,0.2
2024-10-11,9,4,10,40,8,18,3,0,0.71,40,2,0
2024-10-11,35,4,10,40,8,18,3,0,0.8,47,2,0
2024-10-14,32,0,10,41,20,35,9,1,1,40,0,0
2024-10-14,1,0,10,41,19,35,9,0,0.63,5,3,0.17
2024-10-15,11,1,10,41,22,1,32,0,0.75,31,1,0
2024-10-15,22,1,10,41,14,1,32,1,1,5,0,0.19
2024-10-16,16,2,10,41,23,22,11,0,0.71,5,2,0.17
2024-10-17,23,3,10,41,11,16,22,0,0.89,56,1,0
2024-10-18,29,4,10,41,14,23,16,1,1,25,0,0.02
2024-10-18,15,4,10,41,8,23,16,0,0.75,4,2,0.42
2024-11-04,19,0,11,44,10,15,29,1,1,47,0,0
2024-11-05,14,1,11,44,21,19,15,0,0.89,5,1,0.1
2024-11-05,11,1,11,44,19,19,15,0,0.75,31,1,0
2024-11-06,9,2,11,44,20,11,14,0,0.71,40,2,0
2024-11-07,16,3,11,44,17,9,11,0,0.71,5,2,0.17
2024-11-08,28,4,11,44,21,16,9,0,0.78,4,2,0.12
2024-11-11,10,0,11,45,21,28,16,1,1,5,0,0.14
2024-11-11,32,0,11,45,14,28,16,1,1,40,0,0
2024-11-12,3,1,11,45,19,32,10,0,0.88,39,1,0
2024-11-13,1,2,11,45,10,3,32,0,0.63,5,3,0.17
2024-11-13,35,2,11,45,8,3,32,0,0.8,47,2,0
2024-11-14,4,3,11,45,25,35,1,0,0.8,4,2,0.21
2024-11-15,28,4,11,45,16,4,35,0,0.78,4,2,0.12
2024-11-15,14,4,11,45,20,4,35,0,0.89,5,1,0.1
2024-11-18,32,0,11,46,18,14,28,1,1,40,0,0
2024-11-18,10,0,11,46,25,14,28,1,1,5,0,0.14
2024-11-19,36,1,11,46,11,10,32,0,0.89,19,1,0.05
2024-11-19,16,1,11,46,12,10,32,0,0.71,5,2,0.17
2024-11-20,7,2,11,46,7,16,36,1,1,5,0,0.29
2024-11-21,19,3,11,46,24,7,16,1,1,47,0,0
2024-11-21,28,3,11,46,28,7,16,0,0.78,4,2,0.12
2024-11-22,8,4,11,46,21,28,19,0,0.78,4,2,0.12
2024-11-22,35,4,11,46,12,28,19,0,0.8,47,2,0
2024-11-25,32,0,11,47,23,35,8,1,1,40,0,0
2024-11-26,36,1,11,47,28,32,35,0,0.89,19,1,0.05
2024-11-27,5,2,11,47,12,36,32,1,1,31,0,0
2024-11-27,3,2,11,47,15,36,32,0,0.88,39,1,0
2024-11-28,31,3,11,47,14,3,5,1,1,40,0,0
2024-11-28,23,3,11,47,22,3,5,0,0.89,56,1,0
2024-11-29,24,4,11,47,20,23,31,0,0.9,39,1,0
2024-12-02,10,0,12,48,21,24,23,1,1,5,0,0.14
2024-12-02,33,0,12,48,24,24,23,0,0.71,68,2,0
2024-12-03,2,1,12,48,9,33,10,0,0.88,18,1,0.08
2024-12-03,27,1,12,48,9,33,10,0,0.82,4,2,0.19
2024-12-04,13,2,12,48,12,27,2,0,0.75,4,2,0.14
2024-12-05,22,3,12,48,20,13,27,1,1,5,0,0.19
2024-12-06,3,4,12,48,14,22,13,0,0.88,39,1,0
2024-12-09,30,0,12,49,9,3,22,0,0.67,88,2,0
2024-12-10,4,1,12,49,23,30,3,0,0.8,4,2,0.21
2024-12-11,20,2,12,49,9,4,30,0,0.8,5,1,0.32
2024-12-11,7,2,12,49,13,4,30,1,1,5,0,0.29
2024-12-12,18,3,12,49,21,7,20,1,1,5,0,0.2
2024-12-13,29,4,12,49,21,18,7,1,1,25,0,0.02
2024-12-13,8,4,12,49,20,18,7,0,0.78,4,2,0.12
2024-12-16,22,0,12,50,14,8,29,1,1,5,0,0.19
2024-12-17,36,1,12,50,17,22,8,0,0.89,19,1,0.05
2024-12-18,26,2,12,50,11,36,22,1,1,5,0,0.21
2024-12-18,7,2,12,50,19,36,22,1,1,5,0,0.29
2024-12-19,32,3,12,50,18,7,26,1,1,40,0,0
2024-12-19,33,3,12,50,17,7,26,0,0.71,68,2,0
2024-12-20,29,4,12,50,9,33,32,1,1,25,0,0.02
2024-12-20,3,4,12,50,20,33,32,0,0.88,39,1,0